"id","1256-012-C121-M","1256-019-C123-M","1256-022-C127-M","1256-025-C128-M","1256-028-C129-M","1256-040-C143-M","1256-043-C144-M","1256-046-C145-M","1256-049-C148-M","1256-056-C150-M","1256-059-C151-M","1256-062-C152-M","1256-064-C153-M"
"974f8e45c00b97930b1ace47e7130c3a",0,0,6,6,0,0,1,9,0,0,0,8,1
"5e721c3270cad9ff02898176529ee176",0,0,0,0,0,0,1,0,0,0,0,0,0
"b9311732854cb0d3493a2e9e85d8bd0f",0,0,0,30,100,0,2,0,0,0,0,4,4
"081db5234afa36c1236e8a269a6c385c",0,0,0,0,0,6,3,0,0,0,0,0,0
"6f3931130cf6e9c85962c83d686842dc",0,0,0,0,0,0,0,0,0,0,0,0,1
"04413a27f14f5ad2016083b889138fce",0,0,0,3,0,0,0,0,0,0,0,0,0
"ac16b14bf5d554d11b83ff27d4bd674c",0,0,0,0,0,4,0,0,0,0,0,0,0
"e3d747ae473f7c5a1da76b72069f78fe",0,0,0,0,0,0,0,0,0,0,0,0,2
"46b0b18a2c2494b750f8e4ad1c90898a",0,0,2,0,0,0,0,0,0,0,0,0,9
"e490ce4f97ed43ecc64b6704cc52b966",0,0,0,0,0,0,1,0,0,0,0,0,0
"5c562cff9d4de9e59eab3960339895c6",0,0,0,0,0,1,0,0,0,0,0,1,3
"8e3dc6bb1fe7f08fec33c8e7173ce38a",0,0,0,0,0,0,1,0,0,0,0,0,0
"d2017b4367c916148f342a6094b31709",0,0,0,0,0,0,0,0,0,0,0,12,0
"ac016a108edb4278e4cf8df29606bcb5",0,0,0,0,3,0,0,0,0,0,0,0,0
"64012ed5d9789843af0998512ab0876c",0,0,0,0,0,2,0,0,0,0,0,0,1
"8dd2a31696f3ba271461721e2e189073",0,0,0,0,0,2,0,0,0,0,0,0,1
"5b9bd3ad9f1ce750469e54107f23a21e",0,0,0,1,0,0,0,0,0,0,0,0,0
"7db93e38cf78596ef15a7fb407ad6e7c",0,0,0,0,0,0,0,0,0,0,0,0,1
"87480cdfbe93d25ac5875b777d87e84d",0,0,0,0,0,0,0,2,0,0,4,0,0
"ec1244cc38c8ab9990cc883e754f30b5",0,12,0,0,2,0,0,8,0,7,0,0,1
"e171e5beaa7165b2bb64630f4e6083e7",0,0,0,0,0,0,1,0,0,0,0,0,0
"8190ba68af261452a7826f88200c4c14",54,15,0,0,0,0,0,0,0,0,0,0,0
"6e204ee2adc9ae27b065b34113b78576",0,16,0,0,0,0,0,3,0,82,20,0,0
"daffb6f7fbbfe50fabb587667a3bd7d0",0,0,0,0,0,0,0,0,0,0,4,0,0
"faba4cfabbce4a3a3adc209bc80d60da",0,0,0,0,0,0,0,0,0,0,0,0,3
"f5a327332d43776d6c2e997b6c98d5a4",0,0,0,0,0,0,0,0,0,0,0,1,1
"e40e6ae2061a096f34ffcd587fe7a9f4",3,0,0,3,0,0,0,0,22,0,0,0,0
"b8db04af0f451421cc86976b1c059ad3",0,0,9,0,3,19,2,0,0,0,0,2,5
"217df94c25108995fab1e68016273c40",0,0,10,0,0,12,8,0,0,0,10,3,2
"afecf31b933bf49b2cf01a360dc48dc3",0,0,0,0,2,0,0,0,0,0,0,0,0
"25764ba5717da327e058a76077791941",57,0,49,18,17,25,18,7,27,0,0,24,98
"af499cd93ba2a14909184c3072696d40",0,0,2,0,0,0,0,0,0,0,3,0,0
"e27a57b9b8d57e625478fd5d3013d489",0,0,0,0,0,0,0,0,0,0,0,3,0
"801987f795c2da03d16f81a6b748ed22",40,0,0,0,1,1,0,0,49,0,0,0,4
"248affbaef0da9f1beee3bf565ebd758",0,11,4,6,0,0,0,0,0,0,0,0,0
"74df1439b98d5068b0b4b9547b78bc19",0,0,0,0,0,0,1,0,0,0,0,0,2
"0fd715921805a3b4748445c57fb4b03b",0,9,0,0,0,0,0,0,0,0,0,0,0
"8b86d8107a8975526f3d55757ea22176",0,0,0,0,0,0,0,0,0,0,0,0,3
"40dac0535b9d974565e22e85afedfc49",0,0,7,13,0,0,0,0,5,0,0,0,0
"9f19fb845a2d84328d6b47412f756c82",0,0,0,0,0,0,1,0,0,0,0,0,6
"2ecd657abba4ddff5f4cde956f9dbca9",0,0,3,16,0,4,5,0,0,0,0,8,1
"6e146278200c65a8ff2d9b321cc0a1a5",0,0,1,4,1,1,1,0,0,0,0,2,4
"337bf1e6d28f941fe8788d3411d1b771",0,0,0,0,0,0,0,0,0,0,0,0,2
"1b7e8efdf1263be3eeb7368f96a9840b",0,0,0,0,0,0,0,0,0,0,0,6,0
"e2bd993cd08697da2c615b7e83a0808a",0,0,0,0,0,0,0,0,0,0,0,1,1
"2ee189d05c4d8a28ba43a49d8c3a1d3e",0,7,0,0,0,0,0,0,0,0,0,0,0
"f9a2e1aa8d6761f0c9c9681ab7b7240b",0,0,0,0,2,0,0,0,0,0,12,0,0
"0d46c4b03f437ae0b1fbf6178f573d0d",16,0,25,10,3,12,4,0,3,0,6,26,25
"5c18ad09381fe850198be951b5213386",0,0,1,0,0,2,0,0,0,0,0,0,3
"2d5882af4a7d01927ab1242b6363a7c3",0,0,0,0,0,0,2,0,0,0,0,0,0
"99626c0df4e123b04f8ce91d369672a0",0,0,0,0,0,1,0,0,0,0,0,0,0
"f9a2fb48b56e9f4b5c053f9f37715a4d",0,0,0,0,0,0,0,0,0,0,0,1,0
"291131fd6e12b21790f60f0d1e382990",0,0,0,0,0,0,0,0,0,0,0,1,0
"bfc07a245830316d70cf5229a26e8345",0,0,0,0,0,0,0,0,0,0,0,0,6
"213e03a37763b702d12ebccdd8c034fc",0,0,0,0,0,0,0,0,0,0,0,2,4
"7ad8471e1c6c30173a8b7372989ee271",0,0,0,0,0,0,1,0,0,0,0,0,1
"24a9ac05316b0feecab0cf9921bbce87",19,0,0,0,7,40,15,4,24,0,0,220,67
"4ad7a6f61f08fb743444a47145f5fd46",0,0,0,25,1,0,1,0,0,32,0,5,0
"e3103be1773442f98eef610ffabee4e8",0,0,0,10,0,0,1,0,0,0,0,0,0
"4cbe5d07d68b6cf265f342f54fd3672c",0,0,0,4,0,0,0,0,0,0,0,0,0
"d77e1efe309e3cff114f29e0c427e98f",0,0,0,0,0,1,6,0,9,0,0,2,2
"bf38dd767f29113bd74ebe372392f088",0,0,0,0,0,0,5,0,0,0,0,3,0
"c39c10a4bb3ab44b639aec19f4be8025",0,0,0,0,0,2,4,0,0,0,0,0,0
"0a355ad9f26bd395667d142301011465",0,0,0,0,0,1,0,0,0,0,0,1,0
"0cf1e8def7e6c1407933469158d3b8fb",0,0,0,0,0,0,1,0,0,0,0,0,6
"ba43d6f4517bcc90e4debf6ea2c3a94e",0,0,0,0,0,3,0,0,0,0,0,0,0
"e6bdeabe43bb37fd713fcb18008c0a2d",0,0,0,0,0,0,3,0,0,0,0,0,0
"d6501123745d5680dc17e3f111ddf8bc",0,0,0,0,0,3,0,0,0,0,0,0,0
"8456c26721f789edcd148548b437493c",0,0,2,0,0,0,0,0,0,0,0,0,1
"d1361de67d0cfee87e602fc77a3b8cef",0,0,6,1,0,1,0,0,0,0,0,3,4
"d01834b6dfb30abb3731c85f8383a7b2",0,0,4,0,0,3,2,12,0,0,0,1,6
"edaae6b64c0cbc8652e739aec2c48c04",9,13,4,4,4,11,3,6,0,0,2,16,11
"0ff977feb8cdffaa0604b031f248c5d4",0,0,0,0,3,0,2,0,0,0,0,0,0
"5c33d743f82cc8d7979bc7fdafb2fb60",9,0,0,0,0,20,14,8,0,0,0,2,0
"e89197b5799dea34f5e1dd546ad7df27",0,0,0,0,0,0,0,0,0,0,0,0,2
"9a124a411d52a95f6ae79f9da4b0a421",0,0,0,0,0,0,1,0,0,0,0,0,0
"adacb0b4e5f4202d836a87d9699d338c",0,0,0,0,0,0,2,0,0,0,0,0,1
"2b72ec2e851d1c56bb7cc7d8da390d71",0,0,0,0,0,0,0,0,0,0,0,2,0
"dfe9882a5ed37897f3ccecc17f857f87",0,0,0,0,0,0,0,0,0,0,30,0,0
"24ca995b9eff4d2dec054b6f6c025fa4",0,0,0,0,0,0,0,0,49,0,0,0,0
"7202a4d86a8bdf920ec72e6873c16ee2",0,0,0,0,0,0,0,0,60,0,0,0,0
"4e4c5cd13eb19d445bd2ee4bd71a7053",117,133,5,60,13,0,0,0,78,220,107,0,0
"88b7d40aa11ffb6904e8afdcad84b670",0,0,0,13,0,0,0,0,0,35,0,0,0
"d22c65068df0bef40686b17d24c03cfa",0,0,0,0,11,0,0,0,0,0,0,0,0
"a9650c06a6d95371b018a3285a839660",0,0,0,0,0,0,0,0,0,0,10,0,0
"3388bcdde48b0e3d84f2470c7c1ec12c",0,0,0,9,0,0,0,0,0,0,0,0,0
"7fdccb21f64553022f1792a853a36d2c",0,0,0,0,0,0,0,0,12,0,0,0,0
"c62f325cfd2435d0fff228d944889094",0,0,0,0,4,0,0,0,0,0,0,0,0
"ac7b2fbabcf87bcf61a17844b7d4f1f4",0,0,0,0,0,0,1,0,0,0,0,0,0
"c528d6ae45594477fc782148578e08e9",13,0,0,0,0,0,0,0,0,0,1,0,1
"496e82a3b0d577810fda77a3963a1b8a",58,0,0,0,0,0,0,0,0,0,0,0,0
"b06c96f6ff26e0f2bdf8a5f251946604",0,0,0,6,0,0,0,0,0,0,0,0,0
"d2e83bc3b804c9470f2c7489fcb03e1c",0,0,12,0,0,0,0,0,9,0,0,1,13
"a9d90045350746e013ba812ff38217ab",0,0,0,0,0,0,0,0,0,0,0,0,2
"683030e338e01346a10af288eb51b042",0,0,4,32,0,2,2,16,0,0,0,2,3
"4c6b251db4a57a4a8e7222f6ed640b77",0,1,0,0,0,0,0,2,0,0,27,0,0
"307ff84454bef0cfe8795f111fee9919",0,0,2,10,49,4,0,0,0,0,0,7,0
"69516f944770c0271919cb94f5da83ce",10,0,0,0,61,0,0,0,0,0,0,0,0
"0f1f29ad11629ff70c3fdd4141acdd8a",0,0,0,0,0,0,0,0,4,0,0,2,3
"f5775f8d657c19d8372121a9437cd2aa",0,0,0,0,0,0,0,5,0,0,0,0,0
"6774c12e4c31b7c680670f89bbef3f05",14,45,3,13,0,0,2,5,3,19,8,0,0
"6c31c1b2da066aa1fab7d3e557dec56e",0,0,0,0,0,0,0,0,0,0,0,0,1
"63190ff6597e65880b4c6189d1ae3dbe",0,0,1,0,4,2,0,0,4,0,0,2,5
"e14ef41e20cca8ab2155835c901eb71d",0,0,0,2,2,0,0,0,0,0,0,0,2
"a376a37287bbacfb614d6274b1b1526d",0,0,0,0,0,0,0,0,0,0,0,1,0
"f6fc8d5a958323bf6bb32011c3ae3db3",0,0,0,0,0,0,1,0,0,0,0,0,2
"324957722871201f6ff98d964ea373e0",0,25,228,91,96,0,0,9,0,0,0,0,0
"fe61c60f5b318e6b6281da2542f990b3",0,0,0,0,0,0,0,0,0,0,0,0,1
"3de4b7649386addeedd9714561dfa728",0,0,0,0,0,0,1,0,0,0,0,1,1
"4bbe825d296e96f470516fca9f98a9aa",0,0,0,0,0,1,0,0,0,0,0,0,12
"07ad1aeb2d2dc8bb872fa9af6dd5f4ef",0,0,0,0,0,0,3,0,0,0,18,0,0
"33585e6ec7533916081716784b5b407c",0,0,0,0,0,0,0,1,0,0,5,0,0
"e114b3bb90fedb2478d593ec3873b30a",0,0,0,0,0,0,1,0,0,0,0,0,0
"386c26e5e89b6e80f0316e2f7899d4fc",0,0,1,0,0,1,1,0,0,0,16,5,4
"e83187abb002cdcad9102a6db4fd67b1",38,36,27,69,131,0,5,8,66,0,11,29,22
"1dfa8960e057531e60c3a3251769e114",0,12,0,9,0,0,0,2,0,9,0,0,0
"7cd28c1f873dbf4fcfbff3e17899e036",0,3,1,0,0,0,0,0,0,0,0,2,1
"324f20b599c834f4f3a62d3ef8668aa2",0,0,1,0,0,0,0,0,0,0,0,2,0
"fc1098e1bcf9e01d7cc19cfcfbdc79eb",0,0,4,0,0,1,0,0,0,0,0,0,5
"51ac67c839ac1b470af6271f3a39780a",0,0,11,7,4,0,3,0,0,0,0,0,4
"62451f80fb587585250be29d7a1bf81a",4,0,2,0,0,0,0,0,18,0,0,1,1
"4f6b1704b589462b751f35c0fcb4114b",0,0,1,0,0,0,0,0,0,0,0,0,1
"eb5ea4a50b4a1d5d5b36727f4f5d40e4",34,0,0,0,0,0,0,0,0,0,0,0,0
"19714fb6601ff58bedef72d7a901f42e",21,0,0,0,0,0,0,0,0,0,0,0,0
"6a3eec1ebc02f762669c619113235a3b",0,0,0,0,0,0,0,0,0,0,0,0,1
"94078f449d94326d51e2ee8d8d20232b",0,23,0,1,0,0,0,0,0,0,3,0,0
"9d45ad0e2c9fa48e1f6f0cbe266cf060",0,3,0,0,0,0,0,0,0,0,0,0,0
"234452962fe225e69a870fa85dedc66e",0,0,0,0,0,0,0,0,0,0,7,0,0
"2e930724c54f0daf073823f55b14bf74",0,0,0,0,0,0,0,4,0,0,0,0,0
"f1786af91a1a086c909800caa38cb960",0,0,0,0,4,0,0,6,0,0,7,0,0
"034f4da8c9a81793f38b83ddb1d9db34",2,33,5,8,22,1,0,0,3,11,78,0,0
"0c4ebff52603f4cfbb400d3144acf255",0,0,0,4,0,0,0,0,0,0,0,0,0
"7a78518ed7d189ddd4bdf21f2ed81559",0,0,0,0,0,0,0,0,0,8,0,0,0
"2fc1a35aaa5a03f6c8c165680bb3a371",0,0,0,4,0,0,0,0,0,0,0,0,0
"2d0b9c6fc0942ea2c2a35ed21c31974b",0,0,0,4,0,0,0,0,0,0,0,0,0
"ecd4afc05017a73896daf66d40bd80dc",0,0,0,16,0,0,0,0,0,0,0,0,0
"0f6d7605f4239f0e96ea3208fe182dc7",0,0,0,6,0,0,0,0,0,0,0,0,0
"f54da1e69b96fd1778b253193f710d5c",0,6,0,0,0,0,0,0,0,0,0,0,0
"3e239f7befad18511c91ef664ba75923",0,231,0,14,0,0,0,4,25,21,88,0,0
"93b508ba7bd6f21a4c1c4e0ce6ddf226",17,0,20,13,30,0,0,0,20,0,0,5,0
"9beca931c0b36b08993127b10d8b9993",0,0,0,0,0,0,0,0,3,0,6,1,3
"948198fdf77f85f3517fc7240ff1cb7a",0,0,0,0,0,0,0,4,0,0,0,0,0
"905044dd8ef2dc2074702746262df24e",15,0,0,7,0,0,0,0,0,0,0,2,1
"2b272566d70a9a93a4fe8e09d521e89e",0,0,0,0,0,6,3,0,0,0,0,1,2
"b5dd360ccdeb69024aa918c8e2af3b69",0,0,4,0,0,1,6,0,0,0,0,2,19
"27c44beea11bacdc6ef56abddd59d11f",0,0,4,0,0,2,1,1,0,0,0,6,12
"0ae96cc21f3d845a70160c007f3c5a9b",21,0,0,0,0,0,0,0,0,0,0,0,0
"b1c873819aa5848b3d418b034b0f20ba",0,0,8,0,0,1,5,0,0,0,0,1,32
"721356c3a10bc985f23e680958bea3cd",0,0,0,0,1,0,0,0,0,0,0,0,1
"1c6bae8bc8472b2176903d9e258b2f49",0,0,0,0,0,0,0,7,0,0,0,0,0
"b122982f53230bdd736b588bc2add880",0,0,3,0,0,1,0,0,0,0,0,2,0
"01e18504d656c23a0b0139d1bbde6301",0,10,0,0,0,0,0,0,0,0,0,0,0
"954a35ff776da68207400492c3f64c45",0,0,0,0,0,0,0,0,0,0,0,2,0
"bed44607ad8083c60e179c1564f5ac23",0,0,0,0,0,0,0,0,0,0,0,0,1
"9f8e89902c4ab02b7fc12f04ca16008e",0,0,0,0,0,0,0,0,0,0,15,0,1
"0a2c023cfb12819b226456f388470ed1",0,0,0,0,0,0,2,0,0,0,0,0,0
"64c7b4fe31a7ae86e82d6e972879f072",0,0,0,0,0,1,0,0,0,0,0,0,1
"280501bc77618431f2f540b9b55d9821",5,8,0,0,0,0,0,0,0,0,0,0,0
"eb7bdd46ed35f75e58017bd78f505e34",0,0,5,0,0,3,0,5,0,0,0,3,0
"23588751579bd677870f57dc51f450c0",0,0,0,0,0,0,0,0,0,0,0,1,2
"157acfaefea3d649c83be4191db9f906",20,0,0,0,0,0,0,0,0,0,0,0,0
"4594d03f6748594d0290aa172f886d07",0,0,4,0,0,0,2,5,0,0,0,3,4
"e4dbfdda8934c8dc6bc9ef95285c6418",0,0,0,0,0,0,0,0,0,0,0,3,5
"8a35314c0092b27391e32eb61d815101",0,0,0,0,0,0,0,0,0,0,0,0,6
"712fda5476d88c7f866d06bca4f1bd99",0,0,0,0,0,0,1,0,0,0,0,0,2
"6041580bfd0d0e344bcf02d0fdac1f5f",0,0,1,0,0,1,2,0,0,0,0,0,0
"19f863fd430393b1aec84fa78ea2193b",0,0,0,0,0,2,1,0,4,0,0,5,6
"f7553c78b10bd60e4d60f18e9d62b0a8",0,0,0,0,0,0,0,10,0,0,0,2,3
"720c12532e3672093d304bfef276da46",0,0,0,0,0,2,0,0,0,0,0,0,0
"32c0169ee6d8d93a0862261c26a87e22",0,0,4,0,0,0,0,0,0,0,0,0,0
"21a30d56776dceb9decbe368124e75c9",0,0,0,0,0,0,1,0,0,0,0,1,3
"73a6b39d87377db1fa9555c60b5f42df",0,0,1,0,0,0,0,0,0,0,5,0,0
"1fc7121e714ad10eaedd33bfcec0d5d6",0,0,0,0,0,0,0,0,0,0,0,0,2
"419493d05463f80d0bbca9fdf7225719",0,0,0,0,0,0,0,0,0,0,0,1,0
"a13cceab81c7941e990ab59ba62c05e6",0,0,0,0,0,0,2,0,0,0,0,6,0
"c6e5bdce76c44ebe72374f38ab1b08bf",0,0,1,0,0,1,0,0,0,0,0,1,1
"be08866e8d81a40275e4501e0a2a6a3e",0,0,0,0,0,0,0,6,0,0,0,0,0
"690394d56c46d4ccd4c3a6d2426f2fae",0,0,3,0,1,0,1,0,0,0,0,5,5
"c8ddd9da275395c79a233c8953f31faf",0,0,3,0,0,1,4,0,0,0,0,4,5
"b20ad0f7b62ec9d3a36c2e673975fc6f",0,0,0,0,0,0,0,0,0,0,0,0,1
"43a3666eb23f4076de81095ce7d05c51",0,0,0,0,0,0,0,0,0,0,0,0,1
"3bf36747a81ffd9e0d21b689c231e646",0,0,3,0,0,0,0,0,0,0,0,0,0
"eef2b591bdaa386365e90ed891929726",0,0,2,0,0,0,0,0,0,0,0,2,1
"4ee0af5f8bb47e9558ddb4d59669e187",0,0,0,0,0,0,0,0,0,0,0,1,0
"990ef86104ddf4c7ac4f337cef5fd86c",0,0,0,4,0,0,1,0,0,0,0,0,0
"afdb9e1a755c454a0089173ad69befc2",0,0,2,0,0,0,0,0,6,0,0,0,0
"4dfcabda93ab1935bb1bb3d99c8b93d5",0,0,0,0,0,1,0,0,0,0,0,5,0
"6ed40ed0bd2172e06fc18300c3daeeeb",0,0,6,0,0,0,1,1,0,0,0,1,2
"e4532789a39c334da02a8832077c6e2a",0,0,0,0,1,0,0,0,0,0,0,0,0
"fba03b7904f1db5b202b3d808f341d75",0,0,0,0,0,0,1,0,0,0,0,0,0
"00144e3fed7d9c9fd6f25ef428163a1c",0,0,0,0,0,0,0,0,0,0,0,0,2
"f532cb053dfab4bccb32f9c3116ffe77",0,0,0,0,0,0,0,0,13,0,0,1,0
"c085ff737fd71827e37ab6baa1fa86c0",0,0,0,0,0,0,2,0,0,0,0,4,1
"1eedcaa3722c15d34f93eeefa6626dae",0,0,2,0,0,1,0,7,0,0,0,2,0
"90328022cad635a888ab016b7f89bdc7",0,0,0,0,0,0,2,0,0,0,0,0,0
"6eddb85db4dc9f734c80f12802d75306",0,0,2,0,0,0,0,0,0,0,0,1,0
"e1608d3d5ec95007b384c7a6e2bdb47d",0,0,0,0,0,1,0,0,0,0,0,2,4
"bb2e7cf6298a339ae077c39265ff63ab",0,0,3,17,0,1,0,7,0,0,0,0,5
"149d67802543bba8803ea7ec82c7b67a",0,0,3,0,0,3,4,0,8,0,0,10,8
"d47da4227479cbb7222cd79027417e93",0,0,0,0,1,0,0,0,0,0,0,3,0
"aee7a77c67ae84ace6a02cc95ba607c2",0,0,0,0,0,1,0,0,11,0,0,0,0
"5b21ecf9e30dbd1d23c77a8dc6ef95e5",0,0,0,0,2,0,0,0,0,0,0,0,0
"4f003f5a373a754a08f3a74686377cb9",0,0,0,0,0,0,3,0,0,0,0,2,0
"28cb13d7ff59a13f36563e372b889659",0,0,2,0,2,2,0,0,0,0,0,0,3
"78f461fd85de07398d850262d2fa515c",0,0,0,0,0,0,0,0,0,0,0,2,0
"5e49ce3440c0f5841f8aac375c9b86e6",27,0,0,2,3,0,0,0,0,0,0,0,0
"62d11c6094d3eaca866e2b9528021146",0,0,3,0,0,0,0,13,0,0,0,0,0
"63ca852b5f8636d6b5bc873ec9d01862",0,0,0,0,0,0,0,0,0,0,0,2,0
"09378a4b379be11bbf7c5311bb3dfb30",0,0,0,0,0,0,1,0,0,0,0,0,0
"b9ea290c5822b6a8ade2a5992de4bf15",0,0,32,0,1,0,0,0,0,0,0,0,1
"1035ab729a687aac820540400cd9e871",0,0,26,65,16,2,19,10,0,0,0,1,2
"546975b2510e29811afbc47d1a44ef8d",0,0,13,0,0,8,5,0,8,0,0,17,5
"c4264e2258b7597846f2460f543d6fc3",0,0,1,0,0,1,0,0,0,0,0,0,1
"5e8b960fafaa3b94312b562650c2ad47",0,0,4,0,1,0,0,0,10,0,0,0,2
"24cbb446255b12ea912e82c583240ccf",0,0,8,0,11,0,4,1,13,0,0,7,0
"f4c31eb69b37711fb36d144b45b6eaa5",0,0,0,0,0,0,2,2,0,0,0,0,0
"81520fcb3dc0810cc5b9e95ec3c29f0a",0,2,0,0,4,0,4,0,0,0,0,3,6
"2dcf509a1adae315dc024ef5d0abed24",0,0,0,0,0,1,0,0,0,0,0,1,2
"86b657dfecf07326e0d12a12fece35ac",0,0,3,0,0,0,0,0,0,0,0,0,0
"517df11ac8ac03fbb09b91a392c35733",89,10,62,45,93,31,25,8,137,3,31,85,53
"8ec4f92893b0ec37d2219677fa47265b",0,12,2,14,0,0,0,0,0,0,0,0,0
"8db3395142532d1ee721f81de79b9431",0,0,30,0,0,1,0,0,0,0,0,1,8
"d15c60e98864bce6d1dfa91a30201cdd",0,0,0,0,0,1,0,0,0,0,0,2,6
"dec60ce2d5f72e74344de7b6e00f14d0",0,0,0,0,0,0,2,0,0,0,0,0,0
"4c656379855ee7d61aefe733084f8eed",7,0,1,0,103,1,1,0,0,0,0,3,0
"80dcc8789b6ee636ef5ae7967766b39e",0,0,0,0,0,1,2,0,0,0,0,0,2
"23b49c0a57e015d4e67d67331f599f81",0,0,2,0,0,3,1,0,7,0,0,1,4
"d111f2ce968248ee74f8bd48abd20854",0,0,0,0,0,0,2,0,0,0,0,0,0
"a0a4552fd2c4371e3002eae17aef2361",0,6,0,0,0,0,0,0,0,0,0,0,0
"c4d9c5dca3f2f922817d87e416145f03",0,0,0,0,0,11,8,12,0,0,0,0,0
"b2019577cb35d01b557ba1aa1bba8444",0,0,0,0,0,0,0,0,0,0,0,4,9
"701fc957316050bce6d21bb889726539",0,0,0,0,0,0,0,0,0,0,0,0,1
"1f7896d611f8d3e20d61917ab712434c",0,0,2,23,0,1,2,6,41,0,4,0,0
"be3d12e7857232d5f9d90958466b1c05",0,32,2,42,7,0,0,13,10,29,350,2,2
"bf109e5ca9f41dca2bde516b69a9b91e",0,24,1,0,0,0,0,0,0,0,1,0,0
"37b5f8cb1352ca6044d8991f5609f581",0,77,0,6,7,0,0,0,2,0,0,0,0
"fa7d67964fd7893bdf134aef9685178a",0,11,0,10,0,1,0,18,10,81,5,0,0
"48da69618d07af570bd8a008aa40f2a2",0,32,0,4,0,0,0,10,0,219,42,0,0
"7e8298e9960b41352f977e2533a1c809",0,0,0,0,0,4,0,4,0,0,0,1,4
"14cb698d20a141eedf3ed34af767d0e0",0,0,0,2,0,0,0,0,0,0,0,0,0
"2d8339f8bdfbc78df89b46215688a1c5",0,0,2,5,6,0,0,0,0,0,0,0,1
"0c47fe1a880059c6746b89e7e29e0e63",0,0,11,0,0,0,0,5,0,0,0,9,0
"294c42bcc52c286ada341a30f41cfdaa",0,0,0,7,0,0,0,0,16,36,9,0,0
"c8bb98bcd6283ee93c17d017397605e4",0,0,2,0,0,0,0,0,0,0,0,10,2
"3430dda962702e2e0d46b3a21d468791",0,0,0,0,0,0,2,0,0,0,0,13,10
"7faddc67b6c3001c970514c4636ac645",0,0,2,0,0,0,0,0,0,0,0,0,0
"38e82f64bbc0e6a7ff5680562682d305",0,0,0,0,0,0,0,8,0,0,0,3,5
"f9d1897c8377ee3a7540006cd772720c",0,0,2,0,0,2,14,5,16,0,0,9,44
"853410bbc5e82b52bfd4c022d6707ab8",0,0,8,0,9,0,1,0,0,0,0,0,1
"39f3bb1688ff92f5f464c2115305dbf5",0,0,0,0,0,1,1,0,0,0,0,0,0
"faa3ba3dc7081dc080f4f77c8db18bf8",0,0,0,0,0,0,0,0,0,0,0,0,4
"5f5999d997a3f2b76e58e2747ebc4ab1",0,0,0,0,0,0,0,0,0,0,0,0,5
"9be55058973a48552e78483942df01fc",0,0,0,0,0,2,1,0,3,0,0,0,10
"150821ae14d96d99391fff76daca07d6",122,5,52,0,34,0,30,330,118,0,2,6,42
"37fd047b08a80fef969e89e2a0cd8e2c",0,0,0,0,0,0,0,0,0,0,0,3,0
"3d31438439a0d477cbfa8b9ab7eb8e88",0,0,0,3,0,0,0,0,0,0,0,0,0
"95ef52e5fe3a87904171d2ffd41e8e09",0,0,0,0,0,0,0,0,0,0,0,2,0
"ac2be93e666ffd096c036082b5827918",0,0,3,0,0,1,1,0,0,0,0,6,10
"e3b40aa3ef5b0201e3f05b635b72cfea",0,0,0,0,2,0,0,0,0,0,0,1,0
"737212b14da8bd9b4c76c21380539c0e",0,0,0,1,0,0,0,0,0,0,0,0,7
"56e6954ad0505807bea23b4e9d2eaaa1",0,0,20,0,0,16,0,0,0,0,0,28,14
"8118867cd4a9fe3b2d4072b1127bfb07",0,0,0,0,0,0,0,0,0,0,0,0,3
"2389d7ecf357cf9c1fe1eca0fc353395",0,6,0,1,0,0,0,0,0,10,8,0,0
"166545ba7835a8ff3990786afb022edf",0,0,8,0,0,14,7,0,0,0,0,3,11
"cfaf32c5cd472d8603dcd93bd6f92f36",7,0,0,0,0,0,0,0,0,0,0,0,0
"7ecca5d78a6480f1d1e6b3b08ba8c8ef",0,0,0,0,0,2,0,5,0,0,0,1,4
"fd885b1b8f721398a2f5474e8467c346",4,0,20,0,5,26,4,4,0,0,9,7,43
"74c759e41d815f725eacb3808d6adc7d",0,0,0,0,0,0,3,0,0,0,0,1,0
"161ec299c26c9b30e01a641daebdf6f3",0,0,8,0,3,12,1,6,0,0,0,3,10
"b5ebdbbe526ec55150a2b0f9c14077e2",0,0,0,4,0,0,1,0,7,26,0,0,0
"8a90c947708f2798e8feccb54fbf4583",59,0,7,14,2,0,0,4,18,0,5,0,1
"e08e62ddb1e7372f360eab91e9fc3ed7",0,0,0,0,0,0,0,5,0,0,0,0,8
"91c10f2d20eac814d41c98a51e1ee8c6",0,0,0,0,8,1,2,0,10,0,0,0,5
"4b14836837b5f965b9574569369b82d5",0,0,4,0,0,4,1,0,0,0,0,2,0
"cec4a566bf1582d755c337f0266f192c",0,0,2,6,0,0,0,0,0,0,0,0,0
"58d50ff9bbf83bb3951b5771e9ac2fd3",0,27,0,0,0,0,0,0,6,0,0,0,0
"79502b98b0fd4128d07b1a74b38196ae",0,14,0,0,0,0,0,0,0,0,0,0,0
"58d12dd6d696efc5e6d2ff6f02c60cb2",0,10,0,0,0,0,0,0,0,0,19,0,0
"aad38b503aa7c2b1d975a567f75e04e6",0,3,0,0,0,0,0,0,0,0,0,0,0
"a0acb9b1ad359df389cdf4d781ec8cbb",77,77,47,43,0,134,7,14,17,103,0,174,48
"04df286cdada48ae810dd9d13dd47b67",0,0,9,0,0,0,19,0,0,0,0,7,0
"3baeb0589fab8eb555d514e757ee6ef0",0,0,3,0,0,1,2,0,0,0,0,1,0
"9a6efb494552bbb781ce2edc0f49f787",0,0,0,0,0,2,0,0,0,0,0,0,0
"75e068ece30ebe56cc55848a92eee7e9",0,0,0,0,0,2,3,0,0,0,0,0,3
"a8a4b178592a59603262cb97f7dabbba",0,0,0,0,0,3,4,0,10,0,0,0,2
"065541b7cd7b5fb73eab7d92c5ee4d27",0,0,20,0,0,11,8,0,0,0,0,7,13
"b9d23119cae516a6b20e755893deb4db",0,0,0,0,0,0,0,0,0,0,0,0,4
"8dc6256de1c35f220af89b31351c23b3",0,0,0,0,0,458,612,332,0,49,0,3,0
"4856d5fbf62a904ff14a983fc45456ac",12,0,1,49,25,3,3,0,3,0,7,11,1
"849ec576ba70c5e8a6747562856a9e1c",0,0,6,0,0,0,1,0,0,0,0,8,4
"960defb45af80ff27377e912a514f276",0,0,0,8,0,0,0,0,0,0,0,0,0
"71c4aa86ca02edff22c5bbef4bac8f0d",0,0,8,0,0,14,6,3,0,0,5,17,37
"7a29f834d3da2a853d69a31d4cf4bfc2",0,0,34,59,65,0,8,8,0,0,0,18,13
"fcf007a93f18bad86b5057dba1c53bcf",0,0,0,14,7,3,2,0,0,0,0,9,0
"c4983ef439b5299245014727b3c9f362",0,0,0,0,0,0,0,0,0,0,0,0,1
"2faf57c08bb607fdee379193dd4ab437",0,0,0,0,0,0,0,0,3,0,0,0,1
