"id","E7.17.Ech.lame.1.20150620.T","E7.17.Ech.lame.2.20150620.T","E7.17.Ech.lame.3.20150620.T","E7.17.Fav.abdi.1.20150623.T","E7.17.Fav.spA.1.20150623.T","E7.17.Fav.spA.2.20150623.T","E7.17.Fav.spC.1.20150623.T","E7.17.Gon.edwa.1.20150623.T","E7.17.Gon.edwa.2.20150623.T","E7.17.Hyd.exce.1.20150620.T","E7.17.Hyd.exes.1.20150622.T","E7.17.Hyd.exes.2.20150622.T","E7.17.Mer.ampl.1.20150621.T","E7.17.Mer.ampl.2.20150621.T","E7.17.Mer.ampl.3.20150621.T","E7.17.Myc.elep.1.20150622.T","E7.17.Pla.sine.1.20150622.T","E7.17.Pla.sine.2.20150622.T","E7.17.Pla.sine.3.20150622.T","E7.19.Lob.hemp.1.20150619.T","E7.19.Lob.hemp.1.20150621.T","E7.19.Lob.hemp.2.20150619.T","E7.3.Por.loba.1.20150619.T","E7.3.Por.loba.2.20150619.T","E7.3.Por.loba.4.20150619.T","E7.5.Gal.astr.1.20150622.T","E7.5.Gal.fasc.1.20150621.T","E7.5.Gal.fasc.1.20150622.T","E7.6.Acr.hyac.1.20150622.T","E7.6.Acr.hyac.2.20150622.T","E7.6.Acr.hyac.3.20150622.T","E7.6.Mon.aequ.1.20150620.T","E7.6.Mon.aequ.2.20150620.T","E7.6.Mon.aequ.3.20150620.T","E7.6.Mon.aequ.4.20150620.T","E7.7.Pav.vari.1.20150623.T","E7.7.Pav.vari.2.20150622.T"
"b684f7c7c75790b4994bfafcbc089aac",0,0,0,0,0,0,0,0,0,0,0,0,0,0,0,0,0,0,0,6,0,0,0,0,0,0,0,0,0,0,0,0,0,0,0,0,0
"98ad77e3887f722ebf0b66010ac8e792",0,0,21,0,0,0,0,0,0,0,0,0,0,0,0,0,0,0,2,0,0,0,0,0,0,0,0,0,0,0,0,0,0,0,0,0,0
"65dae370da66551a28194ddfeb4de220",0,0,0,2,0,0,0,0,0,0,0,0,0,0,0,0,0,0,0,0,1,0,0,0,0,0,0,0,0,0,0,0,0,0,8,0,9
"1e3f85b908c71748964f8e2f62c87a1c",0,0,0,0,0,0,0,0,0,0,0,0,0,0,0,0,0,0,0,0,0,0,0,0,0,0,0,0,0,0,0,0,0,0,0,3,0
"989d3ad126d2ce2bd6a1cedcd2ddd00b",0,0,0,0,0,0,0,1,0,0,0,0,0,7,0,0,0,0,0,0,0,0,0,0,0,0,0,0,0,0,0,0,23,0,0,0,0
"4d5bd53f8ad6a9f75557dbbda3c806ba",0,0,0,0,0,0,0,0,0,0,0,0,0,0,0,0,0,0,0,0,0,0,0,0,2,0,0,0,0,0,0,0,0,0,0,0,0
"af35ab5a37d8cd0563ef15cc24540bbf",0,0,0,0,0,0,0,4,0,5,0,0,22,25,0,0,0,0,0,4,0,2,0,22,13,1,2,0,0,0,0,0,16,0,2,14,3
"c69e0de0df1e0a03af608daa7f87858f",0,0,0,2,101,0,0,0,0,0,0,0,0,0,0,19,0,0,0,0,2,0,0,0,0,0,0,0,0,0,0,0,0,0,0,8,0
"dc6d3db424f597b0f5e8176148bd3e0a",0,0,0,0,0,0,0,0,0,0,0,0,0,0,0,2,0,0,0,0,2,0,0,6,12,0,4,0,0,0,0,0,25,0,0,0,0
"c5c16094db2b1e10c6655a5855dc0da4",0,0,0,18,0,0,0,0,0,2,2,0,0,6,0,0,0,0,0,0,0,0,0,0,0,12,0,0,0,0,0,0,0,29,0,0,0
"228154cc4b146cf0c11791ea91d161e9",0,0,0,0,0,0,0,0,0,0,0,0,0,0,0,0,0,0,0,0,0,1,0,0,0,0,0,0,0,0,0,0,0,0,0,0,0
"8a39607ea83d5f347d8225a2d165eba2",0,0,18,0,0,0,0,0,0,0,0,0,0,0,0,0,0,0,0,0,0,0,0,0,0,0,0,0,0,0,0,0,0,0,0,0,0
"205b39cf1eced7c06249cabcec10b0c6",0,0,0,0,0,0,0,0,0,0,0,0,0,0,0,0,0,0,0,0,0,0,0,0,0,0,0,0,0,0,0,0,0,0,0,2,0
"132f299472542c8c4face2dd907252e8",0,0,0,0,0,0,0,0,0,0,0,0,0,0,0,11,0,0,0,0,0,0,0,0,0,0,0,0,0,0,0,0,0,0,0,0,0
"58c5a7e054f92b69745348b5a6159544",0,0,0,0,0,0,0,3,0,0,0,0,0,0,0,0,0,0,0,0,0,0,0,0,0,0,0,0,0,0,0,0,0,0,0,0,0
"421d04a0face32ad3b62c2c5cbf712a4",0,0,0,0,39,0,0,0,0,0,0,0,0,0,0,16,0,0,0,0,0,0,0,0,0,0,0,0,0,0,0,0,0,0,0,0,2
"1efc26ee3ed4e723b06a0068a89dd9df",0,0,0,0,0,0,0,0,0,0,0,0,0,0,0,0,0,0,0,0,0,0,0,0,0,0,0,0,0,0,0,0,0,0,0,2,0
"33d7c45d4722def547ed92e610f2d0fa",0,0,0,0,0,0,0,2,0,0,0,0,0,13,0,0,0,0,0,4,0,0,12,0,0,0,0,0,0,0,0,0,16,14,0,0,0
"fb9118d81e5281cf2675f7f382c6b71c",0,0,0,0,0,0,0,0,0,0,0,0,0,0,0,0,0,0,0,0,0,0,0,0,0,0,0,0,0,0,0,0,0,0,6,0,0
"ab0b0f8bb7be654e6949bcb9989854df",0,0,0,0,0,0,0,0,0,0,0,0,0,0,0,0,0,0,0,0,0,0,0,4,0,0,4,0,0,0,0,0,0,0,0,2,0
"b6d8d2a5a6f1c55677b31a183d889299",0,0,0,0,0,0,0,0,0,0,0,0,0,0,0,0,0,0,0,0,0,2,0,0,0,0,0,0,0,0,0,0,0,0,0,0,0
"6038002582a2ff257bd3499430f01fc0",0,0,0,0,0,0,0,0,0,0,0,0,0,0,0,0,0,0,0,0,0,0,0,0,12,0,0,0,0,0,0,0,0,0,0,5,0
"4c52eebca3710ffc5dac6160558c2131",0,0,0,192,0,66,0,20,0,0,0,0,0,0,0,22,0,0,0,13,54,25,0,0,0,0,91,0,0,0,0,0,0,0,0,15,81
"3900f8b698f6a082561aa928354646e1",0,0,0,0,0,0,0,0,6,0,3,0,0,0,0,0,0,29,0,0,0,0,0,0,0,0,0,4,0,0,0,0,0,0,0,0,0
"a7157769dbfddf2943e904f9f7d35102",0,0,0,0,0,0,0,0,0,0,0,0,0,0,0,0,0,0,0,0,0,0,0,0,0,0,0,0,0,0,0,0,0,0,0,3,0
"b97961d3699b5a178686f6d4c29873f8",0,0,0,0,21,0,0,0,0,0,0,0,0,0,0,0,0,0,0,0,0,0,0,0,0,0,0,0,0,0,0,0,0,0,0,0,0
"69cf53843781ff0354e2c1b2fc6b3926",0,0,0,1,0,0,0,0,0,3,0,0,0,0,0,0,0,0,6,1,2,0,0,0,0,0,2,0,0,0,0,0,0,0,0,0,0
"0cce7f24a56349bad161b40bddedcbff",0,0,0,0,0,0,0,1,0,0,0,2,0,0,2,0,0,0,0,0,1,0,0,2,31,12,0,0,0,0,0,0,14,0,1,6,33
"2d37ab728b83189bd97f8c8df230014e",0,0,0,0,0,0,0,0,0,0,0,25,0,0,0,0,0,0,0,1,0,0,0,1,12,0,0,0,0,0,0,0,0,0,0,0,0
"99703caf1c79276561a956533237e4d0",0,0,0,5,0,85,0,3,18,12,0,0,0,18,5,0,0,13,0,0,3,0,0,18,46,20,21,0,0,0,0,0,28,11,0,6,3
"a611a65a29c22b2618f8a672cb7caa8b",0,0,0,2,0,0,0,1,0,0,0,0,0,0,0,0,0,0,0,0,0,0,0,0,0,0,0,0,0,0,0,0,0,0,0,0,0
"f7a004a3b1502060f351f97f864bbd8c",0,0,0,0,0,0,0,0,0,0,0,0,0,0,0,0,0,0,0,0,0,0,0,0,3,0,0,0,0,0,0,0,0,0,0,0,0
"072b064364c7ff5f5f001f0231650956",0,0,0,0,0,0,0,0,0,0,0,0,0,0,10,0,0,0,0,0,0,0,0,0,0,0,1,0,0,0,0,0,0,0,0,0,0
"e7caac469df6b55bd9084e245dedb723",0,0,0,0,0,0,0,10,0,0,0,0,10,28,0,0,0,0,0,0,0,17,0,0,0,0,0,0,0,0,0,0,0,0,0,0,0
"c08e2c8af38674a1578f2fdc27443960",0,0,0,0,0,0,0,0,0,0,0,0,0,0,0,0,0,0,0,0,0,3,0,0,0,0,0,0,0,0,0,0,0,0,0,0,0
"d4797a2386af04283b235a6ae3b51c4f",0,0,0,0,0,0,0,2,0,0,0,0,0,0,0,0,0,0,0,0,0,0,7,0,0,0,0,0,0,0,0,0,0,0,0,0,0
"d719ee973d7e35e1086d4de7aa892a72",0,0,0,0,0,0,0,0,0,0,0,0,0,0,0,32,0,0,0,0,25,10,0,0,0,0,1,5,0,0,0,0,0,0,1,1,0
"9a868f85a0e325eaff817b1de0a45aa2",0,0,0,0,0,0,0,0,0,0,0,0,0,0,0,0,0,0,0,0,0,0,0,0,0,0,0,0,0,0,0,0,0,0,0,2,0
"39b273a1f994f29bdaadb5a5a6164775",0,0,0,0,0,0,0,0,0,0,0,0,0,0,0,0,0,0,0,0,0,0,0,0,0,0,0,0,0,0,0,0,0,0,0,1,0
"c42212a85069e5a94c945aee0b41f854",0,0,0,0,0,0,0,22,61,0,0,0,0,0,0,0,0,0,0,0,3,0,0,0,0,0,8,22,0,0,0,0,0,0,0,0,36
"8093e454a0180c5f91482cac2179f125",0,14,0,0,0,0,0,0,0,0,0,0,0,0,0,0,0,0,0,0,0,0,0,0,0,0,0,0,0,0,0,0,0,0,0,0,0
"551f5eb67c68e551f4158e1907680114",0,0,0,0,0,0,0,0,0,0,0,0,0,0,0,3,0,0,0,0,0,0,0,0,0,0,0,0,0,0,0,0,0,0,0,0,0
"b6b219816c3a4fb87b7b8592711d7665",0,0,0,0,0,0,0,0,0,0,0,0,0,0,0,0,0,0,0,0,0,0,0,0,0,0,0,1,0,0,0,0,51,0,0,0,0
"a2a7e813771dab313bb94b7a4277e86d",0,0,0,0,0,0,0,0,0,0,0,0,0,0,0,0,0,0,0,0,0,0,0,0,0,5,0,0,0,0,0,0,7,0,0,0,0
"699d67273bcdcb26b67c11e7177ee453",0,20,0,0,0,0,0,0,0,0,0,0,0,0,0,0,0,0,0,0,0,0,0,2,0,0,0,0,0,0,0,0,0,0,0,0,0
"507b1a66173c47fdf816dfc0f188c271",0,0,33,0,0,0,0,1,0,0,0,0,0,0,0,0,0,0,0,0,0,0,0,0,0,13,7,37,0,0,0,0,0,0,7,1,0
"d679bbce2329627e84826237f94cf3e5",0,0,0,0,0,0,0,0,0,0,0,0,0,0,0,0,0,0,0,0,5,4,0,0,0,2,0,0,0,0,0,0,0,0,0,0,0
"260525acbe4c62bb7555e60f2248a9ce",0,0,0,0,0,0,0,0,0,0,0,0,0,0,0,0,0,0,0,0,0,0,0,0,3,0,0,0,50,0,0,0,0,0,0,0,0
"11091724e664a47189e05c4dc851d996",0,0,16,0,0,0,0,0,0,0,0,0,0,0,0,0,0,0,0,2,0,5,0,0,0,0,0,0,0,0,0,0,0,0,0,0,0
"01f58c540a7a527fb8521bfd1915f68f",0,0,0,0,0,0,0,0,0,0,0,0,0,0,0,0,0,0,0,0,0,0,0,0,0,0,0,0,0,0,0,0,0,0,0,5,0
"714a0b19b3b6af9b966dd9b4f3f55d28",0,0,0,0,0,0,0,21,0,0,0,0,0,0,0,0,0,0,0,0,0,0,0,0,0,0,0,0,0,0,0,0,0,0,0,0,0
"78a233dd018631b5587628eaa7317ff7",0,0,0,0,0,0,0,0,21,3,0,0,0,0,0,0,0,0,0,0,0,0,0,0,0,0,0,0,0,0,0,0,0,0,0,0,0
"5368d476caa2aa37e9798306cdb553e1",0,0,0,0,0,0,0,0,0,0,0,0,0,0,0,0,0,0,0,5,0,0,0,0,0,0,0,0,0,0,48,0,0,0,0,0,0
"e247471b5e5e941316da8ee148617f62",0,0,0,0,0,0,0,0,10,0,0,0,0,0,0,0,16,0,0,0,0,0,0,0,2,0,4,41,0,0,0,0,0,6,0,0,0
"94739f9c2ac2bb681fb56a5d7c423d12",0,0,0,0,0,0,0,0,5,0,0,0,15,0,0,0,0,0,0,15,0,0,0,0,0,0,0,0,0,0,0,0,0,0,0,0,0
"0d89daed2e31eb0b35eee707949a3f9f",0,24,16,42,0,0,0,7,35,0,0,0,20,0,12,4,0,0,11,0,40,0,0,6,15,0,2,14,0,0,70,0,54,0,45,18,42
"9d190dd963766cb6add6c89764502cf8",0,0,0,0,0,0,0,0,0,0,0,0,0,0,0,0,0,0,0,0,9,0,0,0,0,2,3,0,0,0,0,0,0,0,0,6,0
"c89cd1bb5c5773b21c94a8aa9481a06a",0,0,0,2,0,0,0,0,0,0,0,0,0,0,0,9,0,0,0,10,0,0,0,0,0,11,14,21,0,0,0,0,0,0,2,0,0
"87b69f7cd5029e46ba32d316742ea7de",0,0,16,0,0,0,0,0,0,0,0,0,0,0,0,0,0,0,0,0,0,0,0,0,0,0,0,0,0,0,0,0,0,0,3,0,0
"0ce711a4f64118be6351dccc3c2fc733",0,0,0,0,0,0,0,0,0,0,0,0,0,0,0,0,0,0,0,0,0,0,0,0,0,0,0,0,25,0,0,0,0,0,0,0,0
"f92216967760c3274381a1b9c8a2b4b4",0,0,0,0,0,0,0,0,0,0,0,0,0,0,0,0,0,0,0,0,0,0,0,0,0,0,1,0,0,0,0,0,0,0,0,0,0
"14e203bf0a8817d007d13b780997ee31",0,12,43,0,0,30,0,3,0,0,0,0,0,0,0,5,0,0,0,7,18,17,0,0,0,0,5,0,0,0,0,0,0,0,7,16,40
"f42af7fe52455a9ef4b69edef079a51a",0,0,7,0,0,0,0,0,0,0,0,0,0,0,0,0,0,0,0,36,0,0,0,0,0,0,17,0,0,0,0,0,0,0,0,0,0
"89dea0bafecfedb28807c96665237e51",0,49,0,37,0,98,0,33,23,0,0,0,0,0,0,26,54,0,0,19,58,0,0,0,0,6,52,0,0,0,0,0,0,0,48,28,104
"f734e2cd48d9bf757e7b8f2f9b1761f3",0,0,0,0,0,0,0,0,0,0,0,0,0,0,0,22,0,0,0,0,0,0,0,0,0,0,0,0,0,0,0,0,0,0,0,0,0
"3213f0f8c72e73608262f97029171732",0,0,0,21,0,0,0,1,17,0,0,0,0,0,0,0,0,0,0,0,0,0,0,0,0,0,0,0,0,0,0,0,0,0,0,0,0
"e37a513dd8e5f7a026b1b2e127c35528",0,0,0,4,0,0,0,0,0,0,0,0,0,0,0,0,0,0,0,0,0,0,0,0,0,0,0,0,0,0,0,0,0,0,0,0,0
"9743969a5c3a010abe4f850bec8707d3",0,0,0,0,0,0,0,0,0,0,0,0,0,0,0,0,0,0,0,37,0,0,0,0,0,0,0,0,0,0,0,0,0,0,0,0,0
"145e379bc0b8aacc7ed723a44caca063",0,0,0,0,0,0,0,3,0,0,0,0,0,0,0,25,0,0,0,0,24,0,0,0,0,0,0,0,0,0,0,0,0,0,6,12,0
"1a7a15c72b316f62950f6397b4c449c1",0,0,0,0,0,0,0,0,0,0,0,0,0,0,0,0,0,0,0,0,1,0,0,0,0,0,0,0,0,0,0,0,0,0,0,0,0
"d69b06a77ab1e6a7b2c24c367c285a9d",0,0,0,12,0,0,0,19,9,0,0,0,0,0,0,5,0,0,0,0,0,0,0,0,0,0,22,12,0,0,0,0,0,0,0,0,0
"819d8d4910670cac8f033ada8f8b1a5e",0,0,0,0,0,0,0,0,0,0,0,0,0,0,0,16,0,0,0,0,10,0,0,0,0,0,0,0,0,0,0,0,0,0,0,0,0
"3d44680f832278176eeefa1da630116a",0,0,0,0,0,0,0,0,2,0,0,0,0,0,0,0,0,0,0,0,0,0,0,0,0,0,3,0,0,0,0,0,0,0,0,0,27
"31583d49357c4ce164c0b625194dec5e",0,0,0,0,0,0,0,0,0,0,0,0,0,0,0,0,0,0,0,4,0,0,0,0,0,0,0,0,0,0,0,0,0,0,6,10,0
"4f890b8c3f94719d2d3b7e8a771f0d66",0,0,0,0,0,0,0,0,0,0,0,0,0,0,0,0,0,0,0,0,0,1,0,0,0,0,0,0,0,0,0,0,0,0,0,0,0
"801993be5d4360057605e1b5bc8606ae",0,0,0,0,0,0,0,0,0,0,0,0,0,0,0,0,0,0,0,0,0,0,0,0,0,0,0,0,0,15,0,0,0,0,0,0,0
"0c356a195c53f4b56e8af468ea05ba4e",52,14,0,0,0,0,101,0,0,0,0,0,0,0,0,0,0,0,0,0,0,0,0,0,0,0,0,0,0,107,0,0,0,0,1,0,0
"f9197744975fbb166dcb467da3ee8f26",0,8,0,0,0,0,0,0,0,0,0,0,0,0,0,0,0,0,0,0,0,0,0,0,0,0,0,0,0,0,32,0,0,0,0,0,0
"7b1b6959c45f209ef571075858cb66c3",0,0,0,0,0,0,0,0,0,0,0,0,0,0,0,0,0,0,0,0,0,5,0,0,0,0,0,0,0,0,25,0,0,20,0,0,0
"9035c5c72817dfc2b052f60189c943d3",0,0,0,4,0,0,0,0,0,0,0,0,0,0,0,0,0,0,0,0,13,0,0,0,0,0,10,0,0,0,0,0,0,0,0,0,0
"be8e44bedb9426bf1ab19809c51a709f",0,0,0,0,0,0,0,0,0,0,0,0,0,8,0,0,0,0,0,0,0,0,0,0,0,0,0,0,95,0,0,61,0,0,7,0,0
"34dab9a6518053fdaf878d7d7559a931",0,0,0,0,0,0,0,0,0,0,0,0,0,0,0,0,0,0,0,0,0,0,0,0,0,0,0,0,0,0,0,0,22,0,0,0,0
"469833ab265d1056efac5a5e51f6721e",0,0,0,22,0,0,0,16,10,0,0,0,0,0,0,34,0,0,0,0,16,0,0,0,0,4,6,0,0,0,0,0,0,0,6,5,0
"a555923378b5924bf5bd45698a1c1ad3",0,4,0,0,0,0,0,0,0,0,0,0,0,0,0,0,0,0,0,0,0,0,0,0,0,0,0,0,0,0,0,0,0,0,0,20,0
"c9d3441297a7ae395a60d275c38483ad",0,3,0,0,0,0,0,0,0,0,0,0,0,0,0,0,0,0,0,0,0,0,0,0,0,0,0,0,0,0,0,0,0,0,0,0,0
"c930961b74cc16fecca6ef805e9a0ce1",0,0,0,0,0,0,0,0,5,0,0,0,0,0,0,0,8,0,0,0,0,0,0,0,0,0,0,0,0,0,0,0,0,0,12,0,0
"a19571455acdc9b969b2a53810723a6d",0,0,0,0,0,0,0,0,0,32,0,46,0,0,0,0,0,0,0,170,19,0,0,0,0,0,0,0,0,0,0,0,0,0,0,0,0
"68b7e6798b789cce4a25f85313eb5453",0,0,0,0,0,0,0,0,0,0,0,0,0,0,0,0,0,0,0,0,8,0,0,0,0,0,0,0,0,0,0,0,0,0,0,0,0
"6e0c1eda39bcc732da5791922efc52cd",0,0,0,0,0,0,0,0,0,0,0,0,0,8,0,0,0,0,0,0,10,47,0,0,0,0,0,0,0,0,0,0,0,0,0,0,0
"7910b202cde137a3cc44ce9d43e51bf5",0,0,0,0,0,0,0,0,0,0,0,0,0,0,0,0,0,0,0,0,0,0,0,0,0,0,0,0,0,0,0,0,0,0,0,3,0
"7ff38747b8a6ee9a1a71d51b2fa5c61c",0,0,0,0,0,0,153,0,0,0,0,0,0,0,67,26,0,0,0,0,0,0,0,0,0,3,0,0,201,0,0,56,0,19,0,0,0
"0f4d2a1f199fda8823a22dcfb85801dc",0,0,0,0,0,22,0,0,0,0,0,0,0,0,0,10,0,0,0,0,0,0,0,0,0,0,0,0,0,0,0,404,0,18,0,5,0
"f0c789f46d6ef7004ff05a0ddfd9a400",0,0,0,0,0,0,0,0,0,0,0,0,0,0,0,0,0,0,0,0,10,0,0,0,4,0,0,0,0,0,0,0,0,0,0,1,0
"5917637e339ac8f5e74f4c7d08e57932",0,0,0,0,0,0,0,0,0,0,0,0,0,0,0,0,0,0,0,0,0,0,0,0,0,0,1,0,0,0,0,0,0,0,0,4,0
"a1e8d84dd863aecdc12a850db3f56e7d",0,0,0,0,0,0,0,0,0,0,0,0,0,0,0,0,0,0,0,0,0,0,0,0,0,6,0,0,0,0,0,0,0,0,0,0,0
"6d2703539eb760c9f73d6b8c8bf0c8e6",0,0,0,0,0,0,0,2,0,0,0,0,0,0,0,0,0,0,0,0,1,0,0,0,0,0,0,0,0,0,0,0,0,0,0,0,0
"6704d3f720342f83c616b22ab64b3d97",0,11,10,2,0,30,0,30,7,0,0,0,0,0,76,34,0,0,0,0,4,13,1,0,0,360,23,28,0,0,0,0,15,0,6,4,0
"aeb9ccc7781846dc5da89ae50de0c910",0,0,0,0,0,0,0,0,0,0,0,0,0,0,0,0,0,0,0,0,0,0,0,0,0,0,0,0,0,0,0,0,0,0,0,2,0
"557636b87c803d33fbed374b9f09ccac",0,0,0,0,0,0,0,9,67,0,0,0,0,0,9,0,0,237,15,0,0,0,5,13,0,40,5,59,0,0,0,0,0,12,0,0,0
"6bd648fcb43cf0c20be284611f5e4ff0",0,0,0,0,0,0,0,8,0,0,0,0,0,0,0,0,0,0,0,0,0,0,0,0,0,0,0,0,0,0,0,0,0,0,0,0,0
"b54e19d6de217bf77f9a131e3b3cf06f",0,0,0,0,0,0,0,1,0,0,0,10,0,0,0,0,0,0,0,0,0,0,0,0,0,0,0,9,0,0,40,0,0,16,10,0,0
"6de7dd01c2410d354c13091b60380300",0,0,0,0,0,0,0,0,0,0,0,0,0,0,0,0,0,0,0,0,0,0,0,0,0,0,0,11,0,0,0,0,0,0,0,0,0
"e70adf9f725b6ff340bebdcc35148a7c",0,0,0,0,0,0,0,0,9,0,0,0,0,0,15,0,0,0,0,0,0,0,0,0,0,0,0,1,0,0,0,0,0,0,0,0,0
"dfb7fbe50d38b183690a1b64f2fef44d",0,0,0,0,0,0,0,0,0,0,0,0,0,0,0,0,0,0,0,0,0,0,0,0,6,0,0,0,0,0,0,0,0,0,0,0,0
"934c1cc3c00b6ca2b7f243e61e76b202",0,0,0,19,0,0,0,0,0,0,0,0,0,0,0,0,0,0,0,0,0,0,0,0,0,0,0,41,0,0,0,0,0,0,0,0,0
"101053501543f9299c3f828734dec9fb",0,0,0,0,0,0,0,0,0,0,0,0,0,0,0,0,0,0,0,0,0,0,0,20,5,0,0,0,0,0,0,0,0,9,0,0,0
"e2510bfd271b6db986c4cfd4bf8cd53f",0,0,0,0,0,0,0,0,0,0,0,0,0,0,39,0,0,0,0,0,0,0,0,0,0,0,0,0,0,0,0,0,0,0,0,0,0
"885a16775a630f2a31eea21c5257200d",0,0,0,0,0,22,0,0,0,0,0,0,39,0,0,37,12,0,0,6,0,0,0,48,34,0,0,0,0,0,0,32,6,46,0,0,10
"238770e3810a1bbe12243074ff43fa1e",0,0,0,0,0,0,0,0,0,0,0,0,0,24,0,0,0,0,0,0,0,0,0,0,0,0,0,0,0,0,0,0,0,0,0,0,0
"d3a9e3d7fad52b77f2c1bdef04117f2c",0,0,0,0,0,0,0,0,4,0,0,0,0,0,0,0,0,0,0,0,0,0,0,0,0,0,0,0,47,0,0,0,0,0,0,0,0
"032b66e64ba19eac8df7248aa1be6e1f",0,0,0,0,0,0,16,3,3,0,6,0,41,35,0,0,25,0,0,0,0,0,0,0,0,0,0,0,0,0,0,0,14,26,0,0,0
"7edba336cb9311bfb018172780c41d70",0,0,9,0,0,0,0,0,0,0,0,0,0,0,0,0,0,0,0,0,0,0,0,0,0,0,0,0,0,0,0,0,0,0,0,0,0
"2d84c345155fab378453ea2f20bfbf2f",0,0,0,0,0,0,0,0,0,0,0,0,0,0,0,0,0,0,0,0,0,0,0,0,0,0,0,0,0,0,0,16,0,0,0,0,0
"cc3b86769c5ac03ec3b44cf529a1f8f4",0,7,0,0,0,0,98,0,0,0,0,0,0,0,0,0,0,0,0,0,0,0,0,0,0,0,0,0,0,0,0,0,0,0,0,0,0
"fe27fcf137cb788f29bdeb123ceb00af",0,0,0,0,0,0,0,0,0,0,0,0,0,0,0,0,0,0,0,0,0,0,0,0,0,0,3,0,0,0,8,0,0,0,0,0,0
"cd4dc73cb70912f52a537487dfe619c1",0,0,0,0,0,0,0,0,4,0,0,0,0,0,0,0,0,0,0,0,0,0,0,0,0,0,0,0,0,0,0,0,0,0,0,0,0
"fe83bc83d3743a297b0aa334e361509b",0,0,0,0,0,0,0,0,0,0,0,0,0,0,0,0,0,0,0,0,0,0,0,0,0,0,0,0,0,0,0,29,0,0,0,0,0
"db077942ab4883a12d5c695813090a7c",0,0,0,0,0,0,0,0,14,0,0,0,0,15,0,0,0,0,0,0,0,0,0,0,0,0,0,0,0,0,0,0,0,11,9,0,0
"fd1f46b2ea8f5f8eac86ba3fc5530aef",0,0,0,0,0,0,0,0,14,0,0,0,0,0,10,0,0,0,0,0,0,0,0,0,0,0,0,0,0,0,0,0,0,0,0,0,0
"2859d857f33d06a884ba33e042f040e2",0,0,0,0,0,0,0,14,0,0,0,0,0,0,0,0,0,0,0,0,1,0,0,14,22,18,12,0,0,0,0,0,0,0,4,0,0
"e287edb9b9d3cae7ff7498e0a26cf02e",0,8,0,22,0,0,0,0,0,0,0,0,0,0,0,0,0,0,0,0,5,0,0,0,5,2,8,0,0,0,0,0,0,0,0,12,0
"b08d9b51dbc3742f1f0fadccac553498",0,0,0,2,0,0,0,0,0,0,0,0,0,0,0,0,0,0,0,0,0,0,0,0,0,0,0,0,0,0,0,0,0,0,0,0,0
"9b462c1e47dee6e3927ed50ff77f8f9c",0,0,0,0,0,28,0,0,0,0,0,0,0,0,0,9,0,0,0,0,7,0,0,0,0,0,3,0,0,0,0,0,0,0,0,0,0
"7c8839279b6b36baff546ff647a36932",0,0,0,9,0,0,0,0,0,0,0,0,0,0,0,0,0,0,0,0,1,0,0,0,0,0,0,0,0,0,0,0,0,0,0,0,0
"515bfeee7b1d5e6a6067e8d86a358d7c",0,0,0,0,0,0,0,0,0,0,0,0,0,0,0,0,0,0,102,0,0,0,0,0,0,0,0,0,0,0,0,0,0,0,0,0,0
"ccabe15dd7fcdc6f1977dd993a82d585",0,0,0,0,0,0,0,0,0,0,0,0,0,0,0,0,0,0,0,0,0,0,0,0,0,0,1,0,0,0,0,0,0,0,0,0,0
"32f9b73fa84fb36e5b3008ed9cb4b3a8",0,0,0,0,0,0,0,0,0,2,0,0,0,0,0,0,0,0,0,3,1,0,0,0,0,0,4,0,0,0,0,0,0,0,3,5,0
"4441c23b0376d208c74676c0290ca323",0,0,5,0,0,0,0,1,0,2,0,0,0,0,0,0,0,0,0,0,4,0,0,0,0,13,6,0,0,0,0,0,0,0,5,0,0
"3b5d3ff29662a50364edbf77c796754e",0,0,0,0,0,0,0,0,0,0,0,0,0,0,0,0,0,0,0,0,4,0,0,0,0,0,0,14,0,0,0,0,0,0,0,0,0
"38ceccfb3482f4d38287c464955ce0ca",0,2,0,22,0,0,0,10,16,0,0,0,0,0,0,0,0,0,0,0,9,0,0,0,0,0,0,0,0,0,0,0,0,0,4,0,0
"6a846fcfb8f0ba952cfaf5564a05cea6",0,0,0,3,0,0,0,0,0,0,0,0,0,0,0,0,0,0,0,0,0,0,0,0,0,0,0,0,0,0,0,0,0,0,0,0,0
"04b8c414c6d0bec62086485d151ba817",0,0,0,0,0,0,0,0,0,0,0,0,0,0,0,0,0,0,0,0,0,0,0,0,0,4,0,0,0,0,0,0,0,0,0,0,0
"59b64d0940d38a9d699fcfb7d56c80ff",0,0,0,0,0,0,0,3,0,0,0,0,0,0,0,0,0,0,0,0,0,0,0,0,0,0,0,0,0,0,0,0,0,0,0,6,0
"e8099f7353d7530b6250eb397e769a24",0,0,0,0,0,0,0,0,0,0,0,0,0,0,0,0,0,0,0,0,0,0,0,0,4,0,0,0,0,0,0,0,0,0,0,0,0
"accee5486335ff5e2da9c57a90e78551",0,0,0,3,0,0,0,0,0,0,0,0,0,24,0,0,0,0,0,0,0,0,0,3,0,1,5,0,0,0,0,0,0,0,0,0,0
"640f13eb6d04e10203747122f0d41210",96,0,0,0,0,0,0,0,0,0,0,0,0,0,0,0,0,0,0,0,0,0,0,0,0,19,0,0,0,0,0,0,0,0,0,26,63
"de5dee5f6fee7ae38d41ca3f5bea580a",0,0,0,0,0,0,0,0,0,0,0,0,0,0,0,0,0,0,0,0,0,0,0,0,0,16,0,0,0,0,0,0,0,0,0,0,0
"a170bd35add8a7de535324b610d4dba7",0,0,0,2,0,0,0,0,0,0,0,0,0,0,0,0,0,0,0,0,2,0,0,0,3,0,0,0,0,0,0,0,0,0,0,0,0
"5aceac2bfaeb1e60248218659524ce46",0,0,0,0,0,0,0,0,0,0,0,0,0,0,0,0,0,0,0,0,0,0,0,0,0,0,0,0,0,0,0,0,0,0,0,2,0
"e06f7cc33d7304c1d66deb0e25baf3da",0,0,0,0,0,0,0,0,0,0,0,0,0,0,0,0,0,0,0,0,0,0,0,0,0,0,3,0,0,0,0,0,0,0,0,5,0
"b3bdb0165364f0e0e031ec012565d569",0,0,0,1,0,0,0,0,0,0,0,0,0,0,0,0,0,0,0,0,0,0,0,0,0,0,0,0,0,0,0,0,0,0,0,0,0
"b9a94ee0c3527d9e30fc1f0146e29e2a",0,0,0,0,0,0,0,0,0,0,0,0,0,0,0,0,0,0,0,0,0,0,0,0,0,0,1,0,0,0,0,0,0,0,0,0,0
"3a159b0bb7400ac63223536cff2da8cb",0,0,0,0,0,0,0,0,0,0,0,0,0,0,0,0,0,0,0,0,0,0,2,0,0,0,1,0,0,0,0,0,0,0,0,6,1
"74a07870c2bac3fb6b1c4bf7870df911",0,4,0,0,0,0,0,0,0,0,0,0,0,0,0,0,0,0,0,2,0,0,0,0,0,0,0,0,0,0,0,0,0,0,0,0,0
"94146812796057b87dce629d42333ecf",0,13,0,0,0,0,0,20,0,0,0,0,0,0,0,4,0,0,0,0,0,3,0,0,0,0,0,0,0,0,0,0,0,5,0,0,0
"8cb97504d0abaf890fb9a442592cf25b",0,19,14,0,0,0,0,0,0,0,0,0,0,0,0,0,0,0,0,0,0,0,0,0,0,0,0,0,0,0,0,0,0,0,0,0,3
"32f54d30a05d28c67d3309b5f63522e9",0,11,0,0,0,0,0,0,0,0,0,0,0,0,0,0,0,0,0,0,0,0,0,0,0,0,0,0,0,0,0,0,0,0,0,0,0
"e1d778943675a5df5e914a78c9be1c47",0,0,0,0,0,0,0,0,0,0,0,0,0,0,0,0,0,0,0,0,0,0,0,0,0,0,1,0,0,0,0,0,0,0,0,2,0
"a4a4d436e5d14678ef09e99f12994080",0,100,21,7,0,48,0,8,9,2,0,0,0,0,0,66,8,0,0,10,38,18,0,8,0,0,36,36,0,0,0,0,19,14,23,26,31
"6c2488c9c9d1a578a5504d87b2f5d425",0,0,0,0,0,0,0,0,0,0,0,0,0,0,0,0,0,0,0,0,0,0,0,0,0,0,0,0,0,0,0,0,0,0,0,2,0
"cbbb3e79a02d2c40854ba497a0f9c76c",0,0,0,0,0,0,0,0,0,0,0,0,0,0,0,0,0,0,0,0,0,0,0,0,0,0,1,0,0,0,0,0,0,0,0,0,0
"1bca333db9a0c9627cf59e0f82b23848",0,0,0,0,0,0,0,1,0,0,0,0,0,0,0,0,0,0,0,0,3,0,0,0,0,0,0,0,0,0,0,0,0,0,0,3,0
"a8a8d6efae99f4898c36490b16ad5efd",0,0,0,11,0,0,9,3,40,7,0,0,0,11,0,17,0,0,0,7,8,7,0,0,0,0,11,9,0,0,0,0,0,0,4,3,0
"122211db3ffd3f79121d1f39865c9fb6",0,0,0,0,0,0,0,0,15,0,0,0,0,0,0,0,0,0,0,0,2,0,0,0,0,0,0,0,0,0,0,0,0,0,0,5,0
"128872d2cae0ac1dac76111c1cf2a098",0,0,0,0,0,0,0,0,0,0,0,0,0,0,0,0,0,0,0,0,0,4,0,0,0,0,0,0,0,0,0,0,0,0,0,0,0
"9cd68afe54bdaf89ec3605c424e95b54",0,0,14,0,138,0,0,28,0,0,0,0,0,38,38,0,91,188,55,0,7,0,30,0,9,4,4,70,0,0,0,16,0,0,0,2,0
"2af7e31eb35672d6239811e7ba0c9a19",0,0,0,8,0,0,0,0,0,4,0,0,0,0,0,0,0,0,0,0,0,0,0,0,0,0,0,0,0,0,0,0,0,0,3,0,0
"0e4bcfe16c9f0dbe749a3685a4f81499",0,8,4,0,0,0,0,0,0,0,0,0,0,0,0,0,0,0,0,0,2,0,0,0,0,0,0,0,0,0,0,0,0,0,3,5,0
"e1e374349567d5b2b2d74bbffb30e229",0,0,0,0,0,0,0,0,0,0,0,0,0,0,0,0,0,0,0,0,0,0,0,5,0,0,8,0,0,0,0,0,0,0,0,0,0
"861255c12d63ec16876bd1b62358df9c",0,0,0,0,0,0,0,0,5,0,0,0,0,0,0,0,0,0,0,0,0,0,0,0,0,0,0,0,0,0,0,0,0,0,0,0,0
"4c874aa975926d79fb3493f66df5684d",0,0,0,0,0,0,0,0,0,0,0,0,0,0,0,0,0,0,0,0,0,0,0,0,0,0,2,0,0,0,0,0,0,0,5,0,0
"efee48d1ba84a6b17645f69acf32dc0b",0,0,7,0,0,0,0,0,3,2,0,0,0,0,7,0,0,0,0,8,2,2,0,17,0,0,6,0,0,0,0,0,0,0,15,8,0
"20a8e2b95b95737dd19c695ffb9d1894",0,0,0,0,0,0,0,0,0,0,0,0,0,0,0,0,0,0,0,0,0,0,0,0,13,0,0,0,0,0,0,0,0,0,0,0,0
"26fc1fe31945be30a2e42ad392067aef",0,0,0,0,0,0,0,0,0,0,0,0,0,0,0,0,0,0,0,0,4,0,0,0,0,0,6,0,0,0,0,0,0,0,0,1,0
"956bad2110a2f24e9a47d6fba9fd3c67",0,0,0,0,0,0,0,0,0,0,0,0,0,0,0,0,0,0,0,0,0,0,0,0,0,0,0,0,0,0,0,0,0,11,0,0,0
"c5ea83f4ca1a85332d75649dfd02bb2b",0,8,19,0,0,0,0,0,12,0,0,0,0,0,0,9,0,0,0,0,0,0,0,0,0,0,0,0,0,0,0,0,0,0,0,0,0
"fc6a9771230647a660d6a48e22212eca",0,6,0,15,0,0,0,0,3,0,0,0,0,0,0,15,0,0,0,0,0,0,0,0,0,0,0,0,0,0,0,0,0,0,0,0,7
"e84937bfed53c219fedbe1366dc5b7e6",0,0,0,8,0,0,0,0,0,0,0,0,0,0,0,4,0,0,0,1,1,28,0,0,0,0,0,0,0,0,0,0,0,18,0,0,0
"f411cc0a026fbe2baae5f6c87f1a395b",0,0,0,0,0,0,0,0,0,0,0,0,0,0,0,0,0,0,0,0,0,0,0,0,0,0,0,0,0,0,0,0,0,0,0,3,0
"8bae9dc6086db62e70e35afc10b59432",0,0,0,1,0,0,0,1,8,0,0,0,0,0,0,0,0,0,0,21,0,0,0,0,0,0,10,0,0,0,0,0,0,0,0,0,0
"41e2df67569020508327b7e48597345b",0,0,0,3,0,0,0,0,0,0,0,0,0,0,0,11,0,0,0,14,0,0,0,0,0,0,0,1,0,0,0,0,0,0,0,9,0
"69e04666bd612083b71df54b5b7ed3a4",0,0,0,4,0,0,0,0,0,0,0,0,0,0,0,0,0,0,0,7,0,0,0,0,0,0,10,0,0,0,0,0,0,0,0,0,0
"b02365891a6d499cb4153612ddbb645e",0,12,0,30,0,0,0,9,0,0,0,0,0,0,0,0,0,0,0,29,3,0,0,0,0,0,11,0,0,0,0,0,0,0,0,0,0
"38e0e06da09c6a3011ffa7b34f0cda6c",0,0,0,0,0,0,0,0,0,0,0,0,0,0,0,0,0,0,0,0,0,0,0,0,0,0,0,0,0,0,0,0,0,0,0,5,0
"31f683c9ef6eb23d227ded40313229db",0,0,0,12,0,0,0,3,0,0,0,0,0,0,0,0,0,0,0,0,4,0,0,0,0,0,0,0,0,0,0,0,0,0,0,0,0
"ba995e4e0da00be88bcc2c18608b89c8",0,0,0,7,0,0,0,0,0,0,0,0,0,0,0,0,0,0,0,0,0,0,0,0,0,0,0,0,0,0,0,0,0,0,0,0,0
"5bf82e87e16953289a8ff050ea785ef7",0,0,0,1,0,0,0,0,0,0,0,0,0,0,0,0,0,0,0,0,1,0,0,0,0,0,0,0,0,0,0,0,0,0,0,0,0
"13410e4186436f3e36ebd90be22dcf49",0,18,0,0,0,0,0,0,0,0,0,0,0,0,0,0,0,0,0,0,9,0,0,0,0,0,6,0,0,0,0,0,0,0,0,2,4
"86146cde53ec3ebe019cec9f672f1abe",0,0,0,0,0,0,0,0,0,0,0,0,0,0,0,0,0,0,0,0,14,0,0,0,0,0,27,0,0,0,0,0,0,0,0,0,0
"702531c3b02d6fb462a5aba73cf4fdba",0,0,0,44,0,0,0,0,8,0,0,0,0,0,0,0,0,0,0,0,9,0,0,0,0,0,12,0,0,0,0,0,0,0,0,0,18
"92f22fad8fd51108083b2cd07ad5291a",0,0,0,18,0,0,0,0,0,0,0,0,0,0,0,0,0,0,0,0,1,0,0,0,0,0,0,0,0,0,0,0,0,0,0,0,0
"429ce8fd721cf3940b8c0282a104d350",0,0,0,0,0,0,0,0,0,0,0,0,0,0,0,0,0,0,0,0,0,0,0,0,0,0,4,0,0,0,0,0,0,0,0,10,0
"1c3d59ef9ad1e7630de642135d2d4d09",0,0,0,0,14,0,0,0,0,0,0,0,0,0,0,0,0,0,0,0,0,0,0,0,0,0,0,0,0,0,0,0,0,0,0,0,0
"e75c3af4d56b8fa9aa7c07c8185ac072",0,10,0,0,0,0,0,0,0,0,0,0,0,0,0,0,0,0,0,2,4,0,0,0,0,0,1,0,0,0,0,0,0,0,0,1,1
"414215040bcd3d89cb3104cedfb70367",0,0,0,0,0,0,0,0,0,0,0,0,0,0,0,11,0,0,0,0,0,0,0,0,0,0,0,0,0,0,0,0,0,0,0,0,0
"7b5cdaa4039b405303ea11bc57f1e9d8",0,0,0,0,0,0,0,0,0,0,0,0,0,0,0,0,0,0,0,0,0,0,0,0,0,0,1,0,0,0,0,0,0,0,0,0,0
"3e18e13eda314e1e0d785fc59a3bfca6",0,0,0,0,0,0,0,0,0,0,0,0,0,0,0,0,0,0,0,0,0,0,0,0,0,0,1,0,0,0,0,0,0,0,0,0,0
"4f9bd9c88efae962705a2b23142f4122",0,0,0,0,0,0,0,0,0,0,0,0,0,0,0,0,0,0,0,0,7,0,0,0,0,0,14,0,0,0,0,0,0,0,0,0,0
"9bbd8a79771ab7443ea6854c2650c226",0,0,0,0,0,0,0,0,0,0,0,0,0,0,0,0,0,0,0,0,2,0,0,0,0,0,0,0,0,0,0,0,0,0,0,0,0
"ec1b90f707b6714f6d63f1822bc4d7ee",0,0,0,0,0,0,0,0,0,0,0,0,0,0,0,0,0,0,0,0,0,0,0,0,0,0,0,0,0,0,0,0,0,0,0,3,0
"4d5a5ee526e3928b571bb61bab4ed252",0,7,0,0,0,0,0,0,0,0,0,0,0,0,0,0,5,0,0,0,3,0,0,0,0,0,0,0,0,0,0,0,0,0,0,0,27
"9f35a05f382fed012adbdb12fb93ca27",0,0,0,3,0,0,0,0,0,0,0,0,0,0,0,27,0,0,0,0,2,31,0,0,0,0,7,0,0,0,38,0,0,0,13,6,0
"e5a79eb37ba2231fc317d903db33359e",0,0,0,2,0,0,0,0,0,0,0,0,0,0,0,0,0,0,0,0,0,0,0,0,0,0,0,0,0,0,0,0,0,0,0,0,0
"40da5ae32375be6f6c7ff9b4377a3416",0,0,0,0,0,0,0,0,0,0,0,0,0,0,0,11,0,0,0,0,0,0,0,0,0,0,2,0,0,0,0,0,0,0,0,0,0
"674de308e8746fd70713b9b5946f4d12",0,0,0,0,0,0,0,0,0,0,0,0,0,0,0,7,0,0,0,0,0,0,0,0,0,0,0,0,0,0,0,0,0,0,0,0,0
"7734b7a32c1b8f0577a1fc6ef38fcd37",0,0,0,0,0,0,0,0,0,0,0,0,0,8,0,0,0,0,0,0,0,0,0,0,0,0,0,0,0,0,0,48,0,0,0,0,0
"7a66f60b743e9c1b32a50a7c74b7c100",0,0,0,4,0,0,0,0,0,0,0,0,0,0,0,0,0,0,0,0,0,0,0,0,0,0,0,0,0,0,0,0,0,0,0,0,0
"aeadbe4606b81b798efc9d064743b99c",0,0,0,0,0,0,0,0,0,0,0,0,0,0,0,0,0,32,0,0,0,0,0,0,0,0,0,0,0,0,0,0,0,0,0,0,0
"08b9c37b09d38be9e583bd10b0019fa9",0,0,0,0,0,0,0,0,0,0,0,0,0,0,0,0,0,0,0,0,0,0,0,0,0,9,0,0,0,0,0,0,0,0,0,0,0
"c27f2cef16497bef3ccd77af7c0f81f7",0,0,0,0,0,0,0,0,0,0,0,0,0,0,0,0,0,29,0,0,0,0,0,0,0,0,0,0,0,0,0,0,0,0,0,0,0
"fc32fb880d84f8226c7c939f0bfa508e",0,0,0,0,0,0,0,0,0,0,0,0,0,0,0,0,0,0,0,0,0,0,0,0,0,2,0,0,0,0,0,0,0,0,0,0,0
"96f2ba715617bba89b19b2eb10c9391e",0,0,0,0,0,0,0,0,0,0,0,0,0,0,0,0,0,2,0,0,0,0,0,10,17,0,0,0,0,0,0,0,0,0,0,0,0
"a78aae3025dc71aebc898a256f7de4a8",0,0,0,0,32,0,0,0,0,0,0,0,0,0,0,0,0,0,0,0,4,0,0,0,0,0,0,30,0,0,0,0,0,0,0,23,0
"7976e5cfa0cb3720651c0cacc49893a7",0,0,0,0,0,0,0,0,0,0,0,0,0,28,0,0,0,0,0,0,0,0,0,0,0,0,0,0,0,0,0,0,0,0,0,0,0
"f433281b2bc8896e7a5ef110dface95e",0,0,0,0,0,0,0,0,0,0,0,0,0,0,0,0,0,0,0,0,0,0,0,0,0,8,0,0,0,0,0,0,0,0,0,5,0
"b8dfbf4a781dfe45198edf1e90eb6d95",0,0,0,0,0,0,0,0,0,0,0,0,0,0,0,0,0,0,0,0,0,0,0,0,0,5,0,0,0,0,0,0,0,0,0,0,0
"7991130ec0de600dff2a9a0e74f06772",0,0,0,0,14,0,0,0,0,0,0,0,0,0,0,0,0,0,0,0,0,0,0,0,0,0,0,0,0,0,0,0,0,0,0,0,0
"102fdcd25ea607143c6101ba6c35be8b",0,0,0,0,0,0,0,0,0,0,0,0,0,0,0,0,0,0,0,0,0,0,0,0,0,0,2,0,0,0,0,0,0,0,0,8,0
"1a9c19d3518b06f07d971f9314d59af6",0,0,0,0,32,0,0,0,0,0,0,0,0,0,0,0,0,0,0,0,0,0,0,0,0,0,0,0,0,0,0,0,0,0,0,0,0
"7873b611f35ac6122f06029dc01bf5fd",0,9,0,0,0,0,0,0,0,0,0,0,0,0,0,0,0,0,0,2,0,0,0,0,0,0,0,0,0,0,0,0,0,0,0,0,1
"0a1e63aef109327e44fa85f8f9739fbe",0,0,0,0,0,0,0,3,0,0,0,0,0,0,0,0,0,0,0,0,0,0,0,0,0,0,0,0,0,0,0,0,0,0,0,0,0
"5c92a440c5f620465dda86703a8bb35c",0,0,0,0,0,0,0,0,0,0,0,0,0,0,0,0,0,0,0,0,0,0,0,0,0,0,1,0,0,0,0,0,0,0,0,0,0
"48f8a3e43ae6ee574431ed83b1d68d19",0,0,0,0,0,0,0,3,0,0,0,0,0,0,0,0,0,0,0,0,0,0,0,0,0,0,0,0,0,0,0,0,0,0,0,0,0
"0da076ffd358cd674670f30be39cb7ea",0,0,0,0,0,0,0,9,0,0,0,0,0,0,0,0,0,0,0,0,0,0,0,0,0,0,0,0,0,0,0,0,0,0,0,0,0
"e5f06f1cc300c9b7be2b3dacb6b10e80",0,18,0,0,0,0,0,0,0,0,0,0,0,0,0,0,0,0,0,0,0,0,0,0,0,0,0,0,0,0,0,0,0,0,0,0,0
"e61e2528f743229c2a0b2d9e843f989b",0,17,0,0,0,0,0,18,0,0,0,0,0,0,0,0,0,0,0,0,0,9,0,0,0,0,0,0,0,0,0,0,0,0,0,0,27
"898bd21a3b74788963d6377104c1a993",0,14,0,0,0,0,0,0,0,0,0,0,0,0,0,0,0,0,0,0,0,0,0,0,0,0,0,0,0,0,0,0,0,0,0,0,0
"a35a2167903124eb260b2061ddba16f8",0,0,0,58,0,0,0,14,0,0,0,0,14,0,0,0,0,0,0,0,8,0,0,0,0,0,0,0,0,0,0,0,10,0,0,0,0
"c3dbf13630b21918ba2795e2a478f8fb",0,0,0,0,0,0,0,22,16,0,0,0,0,0,0,0,0,0,0,0,0,0,0,0,0,0,0,0,0,0,0,0,0,0,0,0,0
"e08e727906725b9e0157e3acfb8d8f3b",0,0,0,0,0,0,0,2,0,0,0,0,0,0,0,0,0,0,0,20,0,0,0,0,0,0,0,0,0,0,0,0,0,0,6,0,0
"118bf7c3f22b2a7b35513317b8162488",0,39,0,3,0,0,0,44,7,9,0,0,0,29,0,0,0,0,0,0,0,0,0,0,0,0,3,0,0,0,0,0,0,12,0,0,16
"840821eb014737452db9cb9be3c22f7e",0,0,0,0,0,0,0,0,0,0,0,0,0,0,0,0,0,0,0,0,0,0,0,0,0,0,0,0,0,0,0,0,0,0,7,0,0
"73b23f7b90eb132330378b8e073088c5",0,12,0,0,0,0,0,0,0,0,0,0,0,0,0,0,0,0,0,0,0,0,0,0,0,0,0,0,0,0,0,0,0,0,0,13,0
"b51ec456329f472e1b498e7ef826f699",0,0,3,0,0,0,0,0,0,0,0,0,0,0,0,0,0,0,0,0,0,0,0,0,0,0,0,0,0,0,0,0,0,0,0,0,0
"a2db93fb2a687ecc2cdeb2f0771f0c4b",0,0,0,0,0,0,0,43,13,0,0,0,0,0,0,0,0,0,0,0,0,0,0,0,0,0,0,0,0,0,0,0,0,0,0,0,0
"11b62752d15e875a482e1fb70e3398bd",0,0,0,0,0,0,0,17,0,0,0,0,0,0,0,0,0,0,0,0,0,0,0,0,0,0,0,0,0,0,0,0,0,0,0,0,0
"9fd12da3b4e7b58931f1b04c69bf2bdc",0,0,0,0,0,0,0,0,6,0,0,0,0,0,0,0,0,0,0,0,0,0,0,0,0,0,0,0,0,0,0,0,0,0,0,0,0
"1063cb09dd9f73a4e579f5745d8ebdfa",0,0,0,0,0,0,0,0,14,0,0,0,0,0,0,0,0,0,0,4,0,6,0,5,0,0,0,0,0,0,0,0,34,29,0,0,0
"6de6181e82dd779994a8d7c75d57201b",0,0,0,0,0,0,0,11,0,0,0,0,0,0,0,0,0,0,0,0,0,0,0,0,0,0,0,0,0,0,0,0,0,0,0,0,0
"b60f1db33f9dc71f6366bd4bca959605",0,0,0,0,0,0,0,23,0,0,0,0,0,0,0,0,0,0,0,0,0,0,0,0,0,0,0,0,0,0,0,0,0,0,0,0,0
"9a2383a95aae0e94508b60ac73cf006e",0,0,0,0,0,0,0,0,0,0,0,0,0,0,0,0,0,0,0,0,0,0,0,0,0,0,0,0,0,0,0,0,0,0,0,3,0
"94d7547cc80c7e05cefd66d8d5ae6428",0,0,0,0,0,0,0,0,0,0,0,0,0,0,0,0,0,0,0,0,0,0,0,12,0,0,0,0,0,0,0,0,0,0,0,0,0
"de0d6948ae2456e36cada37546b1f4f0",0,0,0,0,0,0,0,0,0,0,0,0,0,0,0,0,0,0,0,0,3,0,0,0,0,0,0,0,0,0,0,0,0,0,0,0,0
"0d0ed6649d4a338725aba8c82f7f7bbb",0,0,0,0,0,0,0,2,0,0,0,0,0,0,0,0,0,0,0,0,0,0,0,0,0,0,0,0,0,0,0,0,0,0,0,0,0
"526d07c277de621d5b1fa77067befc95",0,0,0,0,0,0,0,0,0,8,0,0,0,0,71,0,0,0,0,0,0,0,0,0,0,0,0,0,0,0,0,0,0,0,14,0,0
"ade4ab8d29dbf2083585de3e69fb5f83",0,0,34,0,0,0,0,0,0,0,0,0,0,0,0,0,0,0,0,0,0,0,0,0,0,0,3,0,0,0,0,0,0,0,0,0,0
"75527b3c844f10c41801a91b9815b6c6",0,0,0,0,0,0,0,0,0,0,0,0,0,0,0,0,0,0,0,0,0,0,0,0,0,0,0,0,0,0,0,0,0,0,0,2,0
"051e985def7c92bf580c21b5696ab403",0,0,0,1,0,0,0,0,0,0,0,0,0,0,0,0,0,0,0,0,0,0,0,0,0,0,0,0,0,0,0,0,0,0,0,0,0
"6069a80f4e6ba794d4c3fa76c59babbb",0,0,0,0,0,0,0,0,0,0,0,0,0,0,0,0,0,0,0,0,5,0,0,0,0,0,1,0,0,0,0,0,0,0,0,0,0
"e8cd627a66ce3b304471c23235176861",78,17,0,0,30,0,0,0,0,0,0,0,0,31,0,0,0,0,0,0,0,0,0,0,0,0,0,0,0,0,0,58,36,31,12,0,0
"8d55d9f890c064c6242cad6bbc2f3d20",78,0,0,0,0,0,0,0,6,0,0,0,0,36,0,0,0,0,0,0,0,0,0,0,0,0,0,0,0,0,0,0,0,0,6,0,0
"3485d3f16fad55bc55b3862445667a2d",0,0,0,0,0,0,0,0,0,0,0,0,7,0,0,0,0,0,0,0,0,0,0,0,0,0,0,0,0,0,0,0,0,0,0,0,0
"3e5ad23c1648606d266aba3fad02a51f",0,0,0,0,0,0,0,0,0,0,0,0,0,3,0,0,0,0,0,0,0,0,0,0,0,0,0,0,0,0,0,0,0,0,0,0,0
"6791b81aff174dbaf27a7d5fc0ff075a",100,0,0,0,0,0,120,0,9,0,0,0,0,0,0,0,0,0,0,0,0,0,0,0,0,0,0,0,0,0,0,57,45,0,13,0,0
"bafe14e5436947726340b3b2b51b64df",0,0,0,0,0,0,0,0,0,0,0,0,41,24,0,0,0,0,0,6,0,0,0,0,0,0,0,0,0,0,0,31,0,0,0,0,0
"95f22630eea7a432bc78ecf826023cd8",0,0,0,0,0,0,0,0,0,0,0,0,0,29,0,0,0,0,0,0,0,0,0,0,0,0,0,0,0,0,29,0,0,0,0,0,0
"72e844cf6ccf419160f298090b60c327",0,0,0,0,0,0,0,0,0,0,0,0,0,0,0,13,0,0,0,0,6,0,0,0,0,0,0,0,0,0,0,0,0,0,7,6,4
"c2e315f194c996b7db864bd01d3cd0ff",0,11,8,0,0,0,0,0,0,0,0,0,0,0,0,0,0,0,0,0,0,0,0,0,0,0,8,0,0,0,0,0,0,0,0,4,16
"7951393b61211b4348663491ecc9f6c6",0,0,16,22,0,58,0,9,19,0,0,0,0,0,0,68,0,0,0,0,5,7,0,0,0,0,3,0,0,0,0,0,0,0,5,2,11
"8b67db1b4da834b56ac9b0f207fd4010",0,0,7,0,0,0,0,2,0,0,0,0,0,0,0,0,0,0,0,0,0,0,0,0,0,0,0,0,0,0,0,0,0,0,6,3,0
"d02f21927b6b51f27acfd43c090b59f9",0,0,0,0,0,0,0,0,0,0,0,0,0,0,0,0,0,0,0,0,0,0,0,0,0,0,0,0,0,0,0,0,0,0,0,3,0
"067e63cece4c5e90e432ea6801251817",0,0,0,0,0,0,50,0,0,0,0,0,0,0,0,0,0,0,0,0,0,0,0,0,0,0,0,0,0,0,0,0,0,0,0,0,0
"f5e8315936799b98e4636f70f95b0d7a",0,0,0,0,0,0,0,0,0,0,0,0,0,0,0,0,0,0,0,0,0,0,0,8,0,0,0,0,0,0,0,0,0,19,0,0,0
"f6bd8449da9f95521def8a5aa8f346d6",0,0,0,0,0,0,0,0,0,0,0,0,0,0,0,0,0,0,0,0,0,0,0,0,0,0,0,0,0,0,0,0,0,0,6,0,0
"5f31aeca54c907cc0114c30b280396a5",0,0,0,0,0,0,0,0,0,0,0,0,0,0,0,6,0,0,0,0,0,0,0,0,0,0,0,0,0,0,0,0,0,0,0,0,0
"c55fe867ae1bbddc099c6804b15ce47a",0,0,0,0,0,0,0,0,0,0,0,0,0,0,0,0,0,0,0,0,0,0,0,0,0,0,0,0,0,0,78,0,0,0,0,0,0
"eb51677c1aa29188db00faadecec7fb9",0,0,0,0,0,0,0,0,0,0,0,0,0,16,0,0,0,0,0,0,0,0,0,0,0,0,0,0,0,0,0,0,0,0,0,8,0
"7b5bf435e7e74012838c38d03a238bb1",0,0,0,0,16,0,0,0,0,0,0,0,0,0,0,0,0,0,0,0,0,0,0,0,0,0,0,0,0,0,0,0,0,0,0,5,0
"28c2ce890a49cd058f0ffeb8dcd2e51d",0,0,0,0,0,0,0,0,0,0,0,0,0,0,0,0,0,0,0,0,0,0,0,0,0,0,0,0,0,20,29,0,23,0,0,0,0
"1670550f481c19eb3590831a57d648ed",30,0,0,0,0,33,0,0,0,0,0,0,0,0,0,0,0,0,0,0,0,0,0,0,0,0,0,0,0,0,0,0,17,0,0,0,0
"5d5e58fa23b20766e58171da404dd8ea",0,0,0,3,0,0,0,0,0,0,0,0,0,0,0,0,0,0,0,0,0,0,0,0,0,0,0,0,0,0,0,0,0,0,0,0,0
"0f3c5043e082ae8ca6060f009a38f23a",0,0,0,0,0,0,0,1,0,0,0,0,0,0,0,0,0,0,0,0,0,0,0,0,0,0,0,0,0,0,0,0,0,0,0,2,0
"bbe93dea1074b7fa355e1d327e3c0350",0,0,0,30,0,0,0,1,0,0,0,0,0,0,0,0,0,0,0,0,0,0,0,0,0,0,0,0,0,0,0,0,0,0,0,0,3
"59af2541836cd08d9b9ae51552f603eb",0,0,0,0,0,0,0,0,0,0,0,0,0,0,0,8,0,0,0,0,0,0,0,0,0,0,0,0,0,0,0,0,0,0,0,0,0
"e84da38ba709216a58eaf979fd55ce27",0,0,0,0,0,0,0,1,0,0,0,0,0,0,0,0,0,0,0,0,0,0,0,0,0,0,0,0,0,0,0,0,0,0,0,0,0
"83ee2fc9ce9c6cc64d907ae611a8c689",0,3,15,0,0,0,0,2,6,2,0,0,0,0,0,6,0,0,0,0,9,0,0,0,0,0,0,0,0,0,0,0,0,0,12,8,0
"096d1f3f78792bd8fdffc40e205c1c12",0,4,19,0,0,0,0,2,2,0,0,0,0,2,0,28,0,0,0,0,31,99,0,0,0,4,0,0,0,0,0,0,17,128,56,40,0
"90a3bff2488ba3afb86d52b22f15e368",0,0,0,0,0,0,0,1,0,5,0,0,0,0,0,0,0,0,0,0,0,0,0,0,0,0,0,0,0,0,0,0,0,0,0,0,0
"f75280d78a92a7a059bc8406a7c12131",0,0,0,0,0,0,0,0,0,0,0,0,0,0,0,0,0,0,0,0,0,0,0,0,3,0,0,0,0,0,0,0,0,0,0,0,0
"97dbd84dfe8dde30c202ce752ffddb97",0,0,0,0,0,0,0,0,0,0,0,0,0,0,0,0,0,0,0,0,0,0,0,0,0,0,2,0,0,0,0,0,0,0,0,5,0
"45a37399c24f08bfbdd6908a39999312",0,0,0,0,0,0,0,0,0,0,0,0,0,0,0,0,0,0,0,0,0,0,0,0,0,0,1,0,0,0,0,0,0,0,0,0,0
"fbfb723d169dcc1f580e678a08a91697",0,0,0,0,0,0,0,0,0,0,0,0,0,0,0,0,0,0,0,3,0,0,0,0,0,0,0,0,0,0,0,0,0,0,0,0,0
"679d6027181075c724d6c7ead63871a7",0,0,0,0,0,0,0,0,0,0,0,0,0,0,0,0,0,0,0,0,4,0,0,0,0,0,0,0,0,0,0,0,0,0,0,0,0
"3449abff995dbfc46bea78fedf4e5fc5",0,0,0,0,0,0,0,0,0,0,0,0,0,0,0,0,0,0,0,0,0,0,0,0,0,0,0,0,0,0,0,0,0,0,0,11,0
"2d5f11d4f0270cb7e613e88ba8a41006",0,0,0,0,0,0,0,2,0,0,0,0,0,0,0,0,0,0,0,0,0,0,0,0,0,2,0,0,0,0,0,0,0,0,0,0,0
"2a8b90dfc7aad7129f0055bce24f6fe7",0,0,0,0,0,0,0,0,0,0,0,0,0,0,0,0,0,0,0,0,0,0,0,0,0,0,3,0,0,0,0,0,0,0,0,0,0
"05fec2460c53f69d2a80aff4647cfbab",0,0,0,0,0,0,0,1,0,0,0,0,0,0,2,0,0,6,0,0,0,9,0,0,0,0,1,0,0,0,0,0,0,0,0,0,0
"16ea254fce305fa481d7e8e9f966fa10",0,9,0,0,0,0,0,0,0,0,0,0,0,0,0,0,0,0,0,0,0,0,0,0,3,0,0,0,0,0,0,0,0,0,0,0,0
"6d5adef81359a127e1bce47d05937457",0,0,0,0,0,0,0,0,0,0,0,0,0,0,0,0,0,0,0,0,0,0,0,0,0,0,0,0,0,0,0,0,0,0,0,6,0
"2e2e81d43ad2f69f25cb25234f69159b",39,8,116,0,0,0,0,2,5,63,0,23,0,11,0,6,0,0,0,0,0,0,0,0,0,6,10,20,0,0,0,0,0,4,0,4,3
"8bd63824ad21ae28f7c49f3731e1d51e",0,0,17,0,0,0,0,0,0,58,54,22,0,0,0,0,0,0,0,17,0,0,0,0,0,0,0,0,0,0,0,0,0,11,21,21,0
"ae5060fd123f19bba83bc6c71fff5901",0,0,0,0,0,0,0,11,7,11,0,2,54,0,144,11,0,0,0,0,0,10,35,9,0,0,0,0,0,0,0,0,0,0,0,4,4
"d0c4ed67ffbf6ced5f10c365614cc79a",0,0,0,0,0,0,0,0,0,2,0,0,0,0,0,0,0,0,0,0,0,0,0,0,0,5,0,0,0,0,0,0,0,33,0,0,0
"4c9be71e5649d20d953d774211d5032c",0,0,0,0,0,0,0,0,0,0,0,4,0,0,0,0,195,85,28,0,0,0,0,0,0,0,0,0,0,0,0,0,0,0,0,0,0
"b7806ff0b01ed4f25927bd7c7dc2bb42",0,0,0,0,0,0,0,0,0,0,0,0,0,0,0,0,0,0,0,30,0,14,0,0,0,2,0,0,0,0,0,0,0,0,0,0,0
"0fbee619463a347a2269144d19c7316a",0,14,0,3,0,0,0,30,3,11,0,0,0,0,0,20,0,0,0,20,3,18,4,5,0,32,17,36,0,0,0,0,0,0,24,21,9
"9598941fa9365a40764636c9422ccb1b",0,0,0,0,0,0,0,0,0,0,0,0,0,0,0,0,0,0,0,0,0,0,0,0,0,0,2,0,0,0,0,0,0,0,0,7,0
"f5ef8686369df8bd8143804b191bc6a6",0,4,0,5,0,0,0,14,0,0,0,0,0,0,0,0,0,0,0,0,11,10,0,4,6,27,16,4,0,0,0,0,0,0,3,3,11
"db2f14ebda98eb480599dc6497dce0d8",0,0,0,0,0,0,0,0,0,0,0,0,0,0,0,0,0,0,0,0,0,0,0,0,0,0,0,0,0,0,0,0,12,20,0,0,0
"e8fac621225c33adabb77cb696546180",0,0,9,0,0,0,6,8,8,0,0,0,0,0,0,0,0,0,0,0,2,0,0,0,0,0,0,0,0,0,0,0,0,0,0,0,0
"a9c112b60fd585d6cb556111c56292a6",0,0,0,0,0,0,0,0,0,0,0,0,0,0,0,0,0,0,0,0,0,0,0,0,2,0,0,0,0,0,0,0,0,0,0,6,0
"5a16f4874cb9be0015dc51484b26c229",0,0,0,1,0,0,0,0,0,10,0,0,0,0,0,0,0,0,0,0,0,0,0,0,0,0,0,0,0,0,0,0,0,0,0,1,0
"1537738a0c80bc33a14579b4cb01fec7",0,0,18,0,0,0,0,0,0,0,0,0,0,0,0,0,0,0,0,0,0,0,0,0,0,0,4,0,0,0,0,0,0,0,0,0,0
"13fc12601f4f91572f789f06c8072214",0,0,0,2,0,0,8,0,0,0,0,0,0,0,0,0,0,0,0,1,0,0,7,0,0,0,0,0,0,0,0,0,0,0,0,0,0
"7fdeb0bf69eacb5ec49fbf76e55b3c48",0,35,68,71,0,0,16,24,140,73,28,38,422,293,187,31,158,0,0,127,66,122,5,58,11,30,69,5,0,39,57,0,134,64,214,77,53
"c330d8cf60568f6e093b128aceb7ecf8",0,0,0,0,0,0,0,0,0,0,0,0,0,0,0,0,0,0,0,0,2,0,0,11,0,0,0,0,0,0,0,0,0,0,0,4,0
"6e79a8a4e10ddac231951818cf252725",16,3,45,0,0,73,0,35,0,11,0,0,0,22,10,10,2,0,0,28,35,17,3,27,4,23,9,0,0,0,0,0,4,0,31,14,10
"bd813a0dd832972d9acb2c43a4afa5ed",0,0,0,0,0,0,0,0,0,0,0,0,0,0,0,0,0,0,0,0,3,0,0,0,0,0,0,0,0,0,0,0,0,0,0,0,0
"0f2d26ea11b266299cfe5e64b364f750",0,0,39,0,0,0,0,0,0,0,0,0,0,0,0,0,0,0,0,0,6,0,13,6,26,5,0,0,0,0,0,0,0,0,0,6,0
"53349adea11f00ead360ee54dae4e1ac",0,0,0,0,33,0,0,0,0,0,0,0,0,0,0,0,0,0,0,0,0,0,0,0,0,0,7,0,0,0,0,0,0,0,0,3,0
"3b9282e51ba08918662d57b26447034d",0,0,0,2,0,0,0,0,0,0,0,0,0,0,0,0,0,0,0,0,0,0,0,3,0,11,0,0,0,0,0,0,0,0,0,0,0
"1058e689d62003a79f6bd5779f84a491",0,2,14,0,0,19,0,0,0,0,0,0,0,0,0,0,0,0,0,0,5,29,0,0,0,0,0,0,0,0,0,0,0,5,0,0,0
"66c04896c2aba6f6ec99712d9d48986b",0,0,0,0,0,68,0,0,0,0,0,0,0,0,0,0,0,0,0,0,0,0,0,3,5,0,0,0,0,0,0,0,0,0,0,6,0
"23518ce01c21ba8b36011f39b70874ab",0,0,0,0,0,0,10,6,10,0,0,0,0,0,0,12,0,29,19,0,0,0,0,11,0,0,0,2,0,0,0,40,78,0,0,0,0
"9869c73bf523d6d4ae68ad2447762428",0,0,11,0,0,0,0,0,0,0,0,0,0,0,0,0,0,0,0,0,0,0,0,4,0,0,0,0,0,0,0,0,0,0,0,0,0
"ab26ea0d90632915613aefb4a29a396f",0,0,0,0,0,0,0,4,0,0,0,0,31,77,0,6,0,0,0,0,5,0,0,22,6,14,14,5,0,0,0,50,34,26,9,8,0
"2cf92073ce8503ed7f83cb4e008e5fb7",0,0,0,0,0,0,0,0,0,0,0,0,0,0,0,0,0,0,0,0,0,0,0,5,0,0,0,0,0,0,0,0,0,0,0,0,0
"d98db22ff2fba3c19002dea467d92f23",0,0,0,0,0,0,0,0,0,0,0,0,0,0,0,0,0,0,0,0,0,0,0,0,0,2,0,0,0,0,0,0,0,0,0,0,0
"2793d863589d91f956572e8db346e17a",0,0,0,0,0,0,0,0,0,0,0,0,0,0,0,0,0,0,0,7,0,0,0,0,0,0,0,0,0,0,0,0,0,0,0,0,0
"21c08e8b18838de709ed71b6801f8590",0,0,0,0,0,0,0,0,0,12,4,16,0,0,0,0,0,0,0,0,0,0,0,0,0,0,0,0,0,0,0,0,0,0,0,0,0
"cce6da17c52d66f0f9bdd1aaab94c6eb",0,11,9,0,0,0,0,0,0,3,0,0,0,0,0,0,0,0,0,0,3,0,0,13,0,0,6,0,0,0,0,20,0,0,0,3,0
"eca5460754f84bdb19ad2a731bdcf1d3",0,0,0,1,0,0,0,0,12,1,0,0,0,0,0,0,0,0,0,0,8,0,0,0,1,2,0,0,0,0,0,0,0,0,0,2,0
"cdbff1d2403015e6130efd55de1b5efc",0,0,0,0,0,0,0,0,0,0,0,0,0,0,0,0,0,0,0,18,0,0,0,0,0,0,0,0,0,0,0,0,0,0,13,0,0
"d76169a51d48101194b1f2b9071dbbb0",22,0,25,0,0,0,0,0,0,0,0,0,0,0,0,0,0,0,0,0,0,0,0,0,0,1,11,0,0,0,0,21,0,0,0,14,0
"fbe54263dfb5c87ec6a1bba0dbde8cb7",0,0,0,0,0,0,0,0,0,0,0,0,0,0,0,0,0,0,0,0,0,0,5,27,17,5,4,0,0,0,0,0,0,0,0,12,0
"bdf9e8c5ae0c43dfe39e8df510409450",0,0,27,0,0,0,0,0,0,0,0,0,0,0,0,0,0,0,0,0,0,0,0,0,0,0,0,0,0,0,0,0,0,0,0,0,0
"95b3f5bca509f3489b7875738dd50e58",0,0,0,0,0,0,0,0,12,0,0,0,0,0,0,0,0,0,0,0,0,0,0,0,0,7,4,0,0,0,0,0,0,0,0,3,0
"e90881702433c6b2f59e9df62feed1f9",0,0,0,0,0,0,0,0,0,0,0,0,0,0,0,0,0,0,0,0,0,0,63,0,0,0,0,3,0,0,0,0,0,0,0,4,0
"0702230231cf04d4c01af6e8199b9f59",0,0,0,0,0,0,0,0,0,0,0,0,0,0,0,0,0,0,0,0,4,0,0,1,0,0,0,0,0,0,0,0,0,0,0,0,0
"c5fbcbe1b20372445afa59b6392ddc92",0,29,19,31,0,0,0,38,18,31,0,0,0,0,0,16,60,97,66,20,62,15,11,16,1,43,36,58,0,0,2,0,14,0,53,23,0
"1826450a61b374af8836acc22ee3b593",0,0,6,0,0,0,0,0,0,0,0,0,0,0,0,0,0,0,0,0,0,0,0,0,0,0,0,0,0,0,0,0,0,21,0,0,0
"f1d51335816cfeec3962856a05467342",0,0,0,0,0,0,0,0,0,0,0,0,0,0,0,0,0,0,0,0,0,1,0,0,0,0,0,0,0,0,0,0,0,0,0,0,0
"fc3243a0104bc7fecaafdcd89f9372ae",0,7,0,5,199,0,0,25,58,5,0,0,0,0,8,0,147,68,81,14,39,19,0,0,3,17,11,58,0,0,0,0,0,0,2,1,6
"0048b54ee1f5035cc574f6bff4bee812",0,0,11,3,0,24,0,0,5,0,0,0,0,0,0,0,85,0,0,0,5,0,3,11,0,0,0,0,0,0,0,0,0,0,0,0,0
"d1dca103f04f68f38f58c90e11ca54b2",0,0,0,0,0,0,0,2,0,0,0,0,0,0,0,0,0,0,0,0,0,0,0,0,0,0,0,0,0,0,0,0,0,0,0,0,0
"a741c3fb1f5b3d436aef3194a3d64159",0,0,0,0,0,0,0,0,0,0,0,0,0,0,0,0,5,0,0,0,0,0,0,0,0,0,0,0,0,0,0,0,0,0,0,0,0
"8e83dcc2ac42cc3cfc7d42c9e3042803",0,0,0,0,0,0,0,0,14,0,0,0,0,0,0,0,0,0,0,0,0,0,0,0,0,0,0,0,0,0,0,0,0,0,0,0,0
"fbcf877135b71ca4e0c4486710a28984",0,0,0,0,0,0,0,0,0,0,0,0,0,0,0,0,0,0,0,0,0,0,0,0,8,0,4,17,0,0,0,0,0,0,0,0,0
"026c1dd32c61e12186f35a2a63249efa",0,0,0,0,0,0,0,0,0,0,0,0,0,0,0,0,0,0,0,0,0,0,0,0,0,0,0,5,0,0,0,0,0,0,0,3,0
"1e6d69fdeef6356a15b01e517d82a56a",0,0,0,0,0,0,0,0,0,0,0,0,0,0,0,0,0,0,29,0,4,0,0,0,0,0,0,0,0,0,0,0,0,5,0,13,0
"5b03ea36dcf5a45792679756bf06c71d",0,0,0,0,0,0,0,0,0,0,0,0,0,0,0,0,0,0,0,0,0,0,0,0,0,0,0,0,0,0,0,0,0,0,10,0,0
"cadd3adf560d9777ec92ae6823ecae23",0,0,0,0,0,0,0,0,0,0,0,0,0,0,0,0,0,0,0,0,0,0,0,0,0,0,0,0,0,0,0,0,0,0,0,5,0
"fecbdd7958bcdc274fb8a66277adef90",0,0,0,0,0,0,0,0,0,0,0,0,0,0,0,0,0,0,0,0,0,0,0,0,0,0,0,0,0,0,0,0,0,0,0,5,0
"4fc968a76fc8471f22a1f2123e9e78ab",0,10,0,0,0,0,0,12,13,0,0,0,19,0,10,0,0,0,0,0,21,2,0,8,0,0,3,6,0,0,0,0,0,0,9,0,0
"9f894d4928ad54e6045af4473190307f",0,0,0,4,0,0,0,0,0,0,0,0,0,0,0,0,0,0,0,0,0,0,0,0,0,0,0,0,0,0,0,0,0,0,0,10,0
"ceaa9192d92d0d913652ef97b37da539",0,0,0,0,0,0,0,0,0,0,0,0,0,0,0,0,0,0,0,0,4,0,0,0,0,0,0,0,0,0,0,0,0,0,0,0,0
"7ed95c2b9d61d47cc98748f2fcb88a42",0,0,0,9,0,0,0,0,0,0,0,0,0,0,0,0,0,0,0,0,0,0,0,0,0,0,0,0,0,0,0,0,0,0,0,0,0
"8d89101f327f75f8e83f250a6ce5cdb3",0,0,0,0,0,0,0,0,0,0,0,0,0,0,0,0,0,0,0,0,0,0,0,0,0,0,0,0,0,0,0,0,0,0,0,5,0
"d8d9550281b6063b6d9b58ebaac3ba14",0,6,0,4,0,0,0,0,0,0,0,0,0,0,0,0,0,0,0,0,0,32,0,0,0,0,3,0,0,0,0,0,0,0,5,0,0
"df1beb076698770f0ac90047bc75ecff",0,4,0,0,0,0,0,0,0,0,0,0,0,0,0,0,0,0,0,0,2,0,0,0,0,0,15,0,0,0,0,0,0,0,0,0,0
"0bfda44320442b3773fa03a1021b60f3",0,0,0,0,0,0,0,0,0,0,0,0,0,0,0,0,0,0,0,0,3,0,0,0,0,0,0,0,0,0,0,0,0,0,0,1,0
"e0e1aa375e17885ff3244004030715ab",0,0,0,0,0,0,0,0,0,0,0,0,0,0,0,0,0,0,0,0,3,0,0,0,0,0,5,4,0,0,0,0,0,0,0,0,0
"9ebc680f0c4d82f7c57ee081292a08e2",0,0,0,0,0,0,0,0,0,0,0,0,0,0,0,0,0,0,0,0,0,0,0,0,0,0,0,0,0,0,0,0,0,0,0,2,0
"04d5ea5ce178f118498de46b445fdf41",0,0,0,0,0,0,0,0,0,0,0,0,0,0,0,0,0,0,0,0,4,0,0,0,0,0,0,0,0,0,0,0,0,0,0,5,0
"13554dc2ef1e7c5ab2cfbaf5ff011289",0,0,0,0,0,0,0,0,0,5,0,0,0,0,0,9,0,0,0,0,4,0,0,0,0,0,0,0,0,0,0,0,0,0,1,0,0
"a89660a9bd40d2aac015de23056bbd6d",0,20,0,1,0,0,0,1,0,0,0,0,0,15,0,0,0,0,0,0,2,0,0,0,0,0,2,0,0,0,0,0,0,0,14,17,41
"e6090db8da9a4259635dee75663e105d",0,6,21,11,0,0,0,0,7,0,0,0,0,0,0,23,0,0,0,0,6,9,0,0,1,0,11,0,0,0,0,0,0,0,2,4,60
"69a83ec414ad5082becfb9b24cdec5a2",0,0,0,0,0,0,0,0,0,0,0,0,0,0,0,0,0,0,0,0,0,0,0,0,0,3,0,0,0,0,0,0,0,0,0,6,0
"ea666cc887addc946e8509fd4c9efb01",0,6,0,0,0,0,0,0,0,0,0,0,0,0,0,0,0,0,0,0,0,0,0,0,0,0,0,0,0,0,0,0,0,0,0,0,0
"ee1d3a126e7d84e26fe5ea4b781db5df",0,0,0,0,0,0,0,0,0,0,0,0,0,0,0,0,0,0,0,0,0,0,0,0,0,0,0,0,0,0,0,0,0,0,0,8,0
"0302ae8ab927690b0b3a38a8b6b57f9f",0,0,0,0,0,0,0,1,0,2,0,0,0,0,0,0,0,6,0,0,0,4,0,0,2,5,10,25,0,0,0,0,0,0,0,0,0
"4998827d1cb79f0bb811fc0d9624017e",0,0,0,0,0,0,0,0,0,0,0,0,0,0,0,0,0,0,0,0,0,5,0,0,0,0,1,0,0,0,0,0,0,0,0,0,0
"b898692347d126992ee563e45445c27b",0,28,26,0,0,0,0,0,0,0,0,0,0,0,77,0,0,0,0,0,0,0,5,0,3,12,0,11,0,0,0,0,0,0,23,11,0
"c11b07492d512ee13211bc265faab007",0,0,0,0,0,0,0,0,0,0,0,0,0,0,0,0,0,0,0,3,8,4,0,0,0,0,1,0,0,0,0,0,0,0,0,0,0
"329a1a38914014f09b0384ebe5abd93b",0,0,0,0,0,0,0,2,0,12,0,7,24,19,0,0,0,0,0,0,0,0,0,0,10,0,2,0,0,0,0,0,35,0,0,0,0
"0982e5399f3eac5e2b6f61ec957f3745",0,0,0,0,0,0,48,0,16,0,0,2,0,0,0,0,0,0,36,97,0,0,0,0,0,0,0,0,0,0,0,13,0,0,0,0,0
"09c0016339f3558a7309aa9cb55b349b",0,0,0,0,0,0,0,0,0,0,0,0,6,0,0,0,0,0,0,3,0,2,0,0,0,0,0,0,0,0,0,0,0,0,0,0,0
"f3e5ed6a0f42ebcda1b8f736872e82d2",0,45,14,0,10,0,60,0,0,379,551,347,44,0,0,0,0,56,396,93,4,246,721,438,394,32,58,54,0,0,375,0,37,0,0,0,0
"073ff4888933b3a7877ca1b99136bee4",0,13,0,0,0,0,0,1,0,0,0,0,0,0,0,0,0,0,0,0,0,0,0,0,0,7,1,0,0,0,0,0,21,4,0,6,0
"9148e416535db86588ae823d992e90f9",0,0,0,0,0,0,0,0,0,0,0,0,0,0,0,0,0,0,0,0,0,0,0,0,0,0,0,6,0,0,0,0,0,0,0,0,0
"1f540329c47e83ebc494400c765b6404",0,0,19,0,0,0,0,0,0,0,0,0,0,0,0,0,0,0,0,0,0,0,0,0,0,0,0,9,0,0,0,0,0,0,0,12,0
"6165ca096a15871e360a2d8787a48a3e",0,0,0,0,0,0,0,0,0,0,0,0,0,0,0,0,0,0,0,0,0,0,0,15,0,13,7,22,0,0,0,0,0,0,29,0,0
"e3f7f12b8c91137a668f168747db3559",0,0,0,0,0,0,0,3,0,0,0,0,0,0,0,0,0,0,0,0,0,0,0,0,0,0,0,0,0,0,0,0,0,0,0,0,0
"4b0b73b85b39922a5cff3d7207be04d3",0,0,0,0,0,0,0,0,0,0,0,0,0,0,0,0,0,0,0,0,10,0,0,2,0,0,7,0,0,0,0,0,0,0,0,0,0
"6b960a976de1af55703b8bc37e35184a",0,0,0,10,0,0,0,0,0,0,0,0,0,0,0,0,0,10,0,0,0,0,0,0,0,0,0,12,0,0,0,0,0,0,0,0,0
"6ee28e3ee231a021deabfac5ac690672",0,0,0,0,0,0,0,0,0,0,0,0,0,0,0,0,0,0,0,0,0,0,0,0,27,0,0,0,0,0,0,0,0,0,0,0,0
"49190386abea392001e24b71e10844dc",0,0,0,0,0,0,0,2,0,0,0,0,0,12,0,0,10,0,0,0,0,0,0,0,0,0,0,0,0,0,0,0,0,0,0,8,0
"e77e261372547615d6499984dbf6a1ab",0,0,0,0,0,0,0,0,0,0,0,0,35,25,28,0,73,45,12,0,0,0,0,0,0,0,0,0,0,0,0,0,0,0,0,0,0
"fe0c64441e0e1798e8430f35a990242b",0,0,0,0,0,0,0,0,7,0,0,3,80,0,11,0,0,0,0,0,0,0,0,0,0,0,0,33,0,0,0,0,41,0,0,0,0
"765c64f31627b31ebd500e29eb5cc632",0,0,0,0,0,0,0,11,0,0,0,0,0,0,0,0,0,0,0,0,0,0,0,0,0,0,0,12,0,0,0,0,16,0,19,0,0
"c0a12d2e82c7872e34799c25052bfab1",0,0,0,0,0,0,0,0,0,0,0,0,0,0,0,0,0,0,0,0,0,0,0,0,0,0,0,0,0,0,0,0,0,0,12,6,0
"098d208a1dc3d9109fc78562b5c29014",0,0,0,0,0,0,0,0,0,0,0,0,0,0,0,0,0,0,0,0,0,0,0,30,0,0,0,0,0,0,0,0,0,0,0,0,0
"8a89e696d7ed93b1add3e717f02c0916",0,20,10,0,0,0,0,17,0,0,0,0,0,0,0,0,0,0,0,0,6,0,0,0,0,0,4,27,0,0,0,0,0,0,0,23,0
"a882621b1da93801d5fd8dca4549f08a",0,0,0,0,0,0,0,8,0,0,0,0,0,0,0,0,0,0,0,0,0,0,0,0,0,0,0,0,0,0,0,0,0,0,0,0,0
"0691f421044617835a550fe3f5d9cfd4",0,0,0,0,0,0,0,0,0,0,0,0,0,0,0,0,0,0,0,0,0,0,0,0,0,0,0,0,0,19,0,0,0,0,0,0,0
"eea55a9232f2c9af22318266f02c59a7",0,23,0,0,22,0,0,35,0,0,0,0,0,20,0,19,0,0,0,8,2,0,0,0,0,43,22,68,0,0,0,0,0,0,0,0,46
"cc404384129edcdc05fd4d79a947b595",0,0,0,0,0,0,0,15,0,0,0,0,0,0,0,0,0,0,0,0,0,3,0,6,0,0,0,0,51,0,17,13,0,44,0,2,0
"05ba0d17935cef1faeea7d96d2a36c06",0,0,0,0,0,0,0,0,0,0,0,0,0,0,0,0,0,0,0,0,0,4,0,0,0,0,0,0,0,0,0,0,0,10,0,0,0
"8a263edd72dde0f82b657457688d1be2",0,0,0,0,0,0,0,0,0,0,0,0,0,0,0,0,0,0,0,0,0,0,0,2,0,0,0,0,0,51,0,0,0,0,0,0,0
"b6f7f277ffa4b611347c6a4b6ce0f53b",469,76,38,0,222,169,230,0,0,4,0,0,48,20,0,89,0,0,26,0,0,0,0,0,0,1,0,2,531,749,128,0,0,113,8,6,0
"36bb4290a765a6110cf9eaf9bf81d3ab",0,0,0,0,0,0,0,0,0,0,0,0,0,0,0,0,0,0,0,0,0,0,0,0,0,0,0,0,0,0,0,0,0,19,0,0,0
"f1413ce74182ec41ac86a9cdb6096893",0,0,0,0,0,0,0,0,0,0,0,0,0,4,0,0,9,0,0,0,0,0,0,0,0,0,0,0,0,0,0,0,0,0,0,0,0
"29de51fe1346898ebed5a63a5d797597",0,0,0,0,0,0,0,0,0,0,0,0,0,0,0,0,0,0,0,0,0,0,0,0,0,0,0,2,0,0,0,19,0,0,0,0,0
"03b43465bb0ae97bc73b549df90529cf",0,2,0,2,0,0,0,3,18,0,0,0,0,0,0,0,0,66,20,0,5,0,0,0,0,0,6,0,0,0,0,0,17,0,9,0,0
"cff273964f3b40d04642adde12673d58",0,0,0,0,0,0,75,13,22,104,338,240,0,0,30,0,37,0,1,0,0,0,0,0,0,0,0,0,0,0,0,0,0,0,0,0,0
"f633ecbe7f2b72f84ecb8172dc49d835",0,0,0,0,17,0,0,0,0,0,0,0,0,0,113,0,0,0,0,28,0,0,0,0,23,0,0,14,0,0,0,0,0,22,0,0,0
"1b99bbf4f1ef83088ed47d77f54cd01d",0,9,0,17,0,0,0,3,5,0,14,0,0,0,3,18,0,2,95,0,1,0,68,0,107,33,3,0,0,0,0,16,21,0,0,13,0
"cdb4d3d71b3c92479adef0ffdac54960",0,6,10,0,0,0,0,0,15,0,0,0,0,0,0,0,0,0,0,0,0,0,0,0,0,0,0,0,0,0,0,0,0,13,0,0,0
"698072b2983e4a8bf1c2ecf6490bd03a",0,0,0,0,0,43,0,0,0,0,0,0,0,0,0,0,0,0,0,0,0,0,0,0,0,0,0,0,0,0,0,0,0,0,0,0,0
"fffa7a7f0fc012a032b367fa8a12ace1",0,0,0,0,0,0,0,0,0,0,0,0,0,0,0,0,0,0,0,5,0,0,0,0,0,0,0,0,0,0,0,0,0,0,0,0,0
"ca8b60020f8ac69b96e671ac00821cc9",0,20,0,23,22,0,0,0,0,0,0,0,0,0,16,13,0,0,0,0,3,0,0,0,0,0,3,0,0,0,0,0,0,0,0,27,99
"7e8617fa6bfb1347af8a621208c2a047",0,20,21,0,9,0,0,25,4,0,0,0,0,0,0,4,0,0,0,0,13,0,0,0,0,0,6,3,0,0,0,0,0,0,0,12,35
"c6a4458b8e2f50e12cd46b8c17465003",20,28,32,49,29,84,0,89,40,103,0,213,28,16,0,35,0,0,0,2,62,59,0,39,64,15,41,11,0,0,24,0,44,82,64,18,0
