"","p","freq","freq.pred","pred.lwr","pred.upr","bino.pred","bino.lwr","bino.upr","model","ci.mean","SE","zstat","p_value","padj","Kingdom","Phylum","Class","Order","Family","Genus","Species"
"097d674ebf2687d95ae96b111b22ff39",5e-05,0.05,0.00115850852376493,4.01770961963859e-06,0.250841218975686,0.0487717645749595,0.00851140684704331,0.234440563804385,"neutral",0.250837201266066,0.0639890819556292,0.781383299649003,0.442973766726536,87.708805811854,"d__Bacteria","Marinimicrobia_(SAR406_clade)","Marinimicrobia_(SAR406_clade)","Marinimicrobia_(SAR406_clade)","Marinimicrobia_(SAR406_clade)",NA,NA
"09bb38624052e751e600e674782e476f",5e-05,0.05,0.00115850852376493,4.01770961963859e-06,0.250841218975686,0.0487717645749595,0.00851140684704331,0.234440563804385,"neutral",0.250837201266066,0.0639890819556292,0.781383299649003,0.442973766726536,87.708805811854,"d__Bacteria","Patescibacteria","Gracilibacteria","Gracilibacteria","Gracilibacteria",NA,NA
"199b3e0eefb44cd918ff794f82fd35f2",5e-05,0.05,0.00115850852376493,4.01770961963859e-06,0.250841218975686,0.0487717645749595,0.00851140684704331,0.234440563804385,"neutral",0.250837201266066,0.0639890819556292,0.781383299649003,0.442973766726536,87.708805811854,"d__Bacteria","Patescibacteria","Gracilibacteria","Candidatus_Peregrinibacteria","Candidatus_Peregrinibacteria",NA,NA
"2530f2af38b351ab319c03ed7f6046cd",5e-05,0.05,0.00115850852376493,4.01770961963859e-06,0.250841218975686,0.0487717645749595,0.00851140684704331,0.234440563804385,"neutral",0.250837201266066,0.0639890819556292,0.781383299649003,0.442973766726536,87.708805811854,"d__Bacteria","Patescibacteria","Saccharimonadia","Saccharimonadales","Saccharimonadales",NA,NA
"2d2140f4da653391e4cad0e9b57df92d",5e-05,0.05,0.00115850852376493,4.01770961963859e-06,0.250841218975686,0.0487717645749595,0.00851140684704331,0.234440563804385,"neutral",0.250837201266066,0.0639890819556292,0.781383299649003,0.442973766726536,87.708805811854,"d__Bacteria","Patescibacteria","Gracilibacteria","Absconditabacteriales_(SR1)","Absconditabacteriales_(SR1)",NA,NA
"2dc14cf87db0f8590b1342914f99854d",5e-05,0.05,0.00115850852376493,4.01770961963859e-06,0.250841218975686,0.0487717645749595,0.00851140684704331,0.234440563804385,"neutral",0.250837201266066,0.0639890819556292,0.781383299649003,0.442973766726536,87.708805811854,"d__Bacteria","Patescibacteria","Parcubacteria","Unclassified Parcubacteria","Unclassified Parcubacteria",NA,NA
"3defb1715b9f54b862716e20522730d3",5e-05,0.05,0.00115850852376493,4.01770961963859e-06,0.250841218975686,0.0487717645749595,0.00851140684704331,0.234440563804385,"neutral",0.250837201266066,0.0639890819556292,0.781383299649003,0.442973766726536,87.708805811854,"d__Bacteria","Patescibacteria","Parcubacteria","Candidatus_Campbellbacteria","Candidatus_Campbellbacteria",NA,NA
"3ee0289836d2edf226fef103db64e1fc",5e-05,0.05,0.00115850852376493,4.01770961963859e-06,0.250841218975686,0.0487717645749595,0.00851140684704331,0.234440563804385,"neutral",0.250837201266066,0.0639890819556292,0.781383299649003,0.442973766726536,87.708805811854,"d__Bacteria","Patescibacteria","ABY1","Unclassified ABY1","Unclassified ABY1",NA,NA
"4fc7dd9aea5d494dd7ac45605799b5d1",5e-05,0.05,0.00115850852376493,4.01770961963859e-06,0.250841218975686,0.0487717645749595,0.00851140684704331,0.234440563804385,"neutral",0.250837201266066,0.0639890819556292,0.781383299649003,0.442973766726536,87.708805811854,"d__Bacteria","Cyanobacteria","Cyanobacteriia","Cyanobacteriales","Xenococcaceae",NA,NA
"5284be82fd5eb97083f8a9b51466c075",5e-05,0.05,0.00115850852376493,4.01770961963859e-06,0.250841218975686,0.0487717645749595,0.00851140684704331,0.234440563804385,"neutral",0.250837201266066,0.0639890819556292,0.781383299649003,0.442973766726536,87.708805811854,"d__Bacteria","Cyanobacteria","Cyanobacteriia","Cyanobacteriales","Cyanobacteriaceae",NA,NA
"5345c50acea65b5d78fd5a2a7a9b789e",5e-05,0.05,0.00115850852376493,4.01770961963859e-06,0.250841218975686,0.0487717645749595,0.00851140684704331,0.234440563804385,"neutral",0.250837201266066,0.0639890819556292,0.781383299649003,0.442973766726536,87.708805811854,"d__Bacteria","Cyanobacteria","Cyanobacteriia","Eurycoccales","Eurycoccales_Incertae_Sedis",NA,NA
"5980d6beb8c6ebe7d58bc84de699939d",5e-05,0.05,0.00115850852376493,4.01770961963859e-06,0.250841218975686,0.0487717645749595,0.00851140684704331,0.234440563804385,"neutral",0.250837201266066,0.0639890819556292,0.781383299649003,0.442973766726536,87.708805811854,"d__Bacteria","Firmicutes","Negativicutes","Veillonellales-Selenomonadales","Selenomonadaceae",NA,NA
"64a5a6d22af822e920b7061395fdfef1",5e-05,0.05,0.00115850852376493,4.01770961963859e-06,0.250841218975686,0.0487717645749595,0.00851140684704331,0.234440563804385,"neutral",0.250837201266066,0.0639890819556292,0.781383299649003,0.442973766726536,87.708805811854,"d__Bacteria","Firmicutes","Negativicutes","Veillonellales-Selenomonadales","Veillonellaceae",NA,NA
"6701013657b798f44f0f12e6f3a511bc",5e-05,0.05,0.00115850852376493,4.01770961963859e-06,0.250841218975686,0.0487717645749595,0.00851140684704331,0.234440563804385,"neutral",0.250837201266066,0.0639890819556292,0.781383299649003,0.442973766726536,87.708805811854,"d__Bacteria","Firmicutes","Clostridia","Peptostreptococcales-Tissierellales","Peptostreptococcales-Tissierellales",NA,NA
"72360820288b47230a0093e17aa765c8",5e-05,0.05,0.00115850852376493,4.01770961963859e-06,0.250841218975686,0.0487717645749595,0.00851140684704331,0.234440563804385,"neutral",0.250837201266066,0.0639890819556292,0.781383299649003,0.442973766726536,87.708805811854,"d__Bacteria","Firmicutes","Clostridia","Peptostreptococcales-Tissierellales","Peptostreptococcaceae",NA,NA
"7a1d41b5d41813402305c95b8ed09678",5e-05,0.05,0.00115850852376493,4.01770961963859e-06,0.250841218975686,0.0487717645749595,0.00851140684704331,0.234440563804385,"neutral",0.250837201266066,0.0639890819556292,0.781383299649003,0.442973766726536,87.708805811854,"d__Bacteria","Firmicutes","Clostridia","Peptostreptococcales-Tissierellales","Anaerovoracaceae",NA,NA
"8308fd16d65585e50c22f9212e96c807",5e-05,0.05,0.00115850852376493,4.01770961963859e-06,0.250841218975686,0.0487717645749595,0.00851140684704331,0.234440563804385,"neutral",0.250837201266066,0.0639890819556292,0.781383299649003,0.442973766726536,87.708805811854,"d__Bacteria","Firmicutes","Bacilli","Entomoplasmatales","Unclassified Entomoplasmatales",NA,NA
"9b2fcaecf4a0f1dfd8594718ccef74b4",5e-05,0.05,0.00115850852376493,4.01770961963859e-06,0.250841218975686,0.0487717645749595,0.00851140684704331,0.234440563804385,"neutral",0.250837201266066,0.0639890819556292,0.781383299649003,0.442973766726536,87.708805811854,"d__Bacteria","Firmicutes","Bacilli","Lactobacillales","Streptococcaceae",NA,NA
"9ba3ae9783c5f0ad250cbb2a655c2ab6",5e-05,0.05,0.00115850852376493,4.01770961963859e-06,0.250841218975686,0.0487717645749595,0.00851140684704331,0.234440563804385,"neutral",0.250837201266066,0.0639890819556292,0.781383299649003,0.442973766726536,87.708805811854,"d__Bacteria","Firmicutes","Bacilli","Lactobacillales","Leuconostocaceae",NA,NA
"a04f2fbe01a747c53269ee809029f870",5e-05,0.05,0.00115850852376493,4.01770961963859e-06,0.250841218975686,0.0487717645749595,0.00851140684704331,0.234440563804385,"neutral",0.250837201266066,0.0639890819556292,0.781383299649003,0.442973766726536,87.708805811854,"d__Bacteria","Bacteroidota","Bacteroidia","Unclassified Bacteroidia","Unclassified Bacteroidia",NA,NA
"adcd9d759e0f91cf608264ecd3bcd7d6",5e-05,0.05,0.00115850852376493,4.01770961963859e-06,0.250841218975686,0.0487717645749595,0.00851140684704331,0.234440563804385,"neutral",0.250837201266066,0.0639890819556292,0.781383299649003,0.442973766726536,87.708805811854,"d__Bacteria","Bacteroidota","Bacteroidia","Cytophagales","Unclassified Cytophagales",NA,NA
"b9c2fc17168ae9d7f90bae5181e81167",5e-05,0.05,0.00115850852376493,4.01770961963859e-06,0.250841218975686,0.0487717645749595,0.00851140684704331,0.234440563804385,"neutral",0.250837201266066,0.0639890819556292,0.781383299649003,0.442973766726536,87.708805811854,"d__Bacteria","Bacteroidota","Bacteroidia","Cytophagales","Hymenobacteraceae",NA,NA
"bc2a6f8016255a476f3fc0f67fd2ac56",5e-05,0.05,0.00115850852376493,4.01770961963859e-06,0.250841218975686,0.0487717645749595,0.00851140684704331,0.234440563804385,"neutral",0.250837201266066,0.0639890819556292,0.781383299649003,0.442973766726536,87.708805811854,"d__Bacteria","Bacteroidota","Bacteroidia","Cytophagales","Cyclobacteriaceae",NA,NA
"c174c795498163c7461c9a09a0526135",5e-05,0.05,0.00115850852376493,4.01770961963859e-06,0.250841218975686,0.0487717645749595,0.00851140684704331,0.234440563804385,"neutral",0.250837201266066,0.0639890819556292,0.781383299649003,0.442973766726536,87.708805811854,"d__Bacteria","Bacteroidota","Bacteroidia","Cytophagales","Cytophagaceae",NA,NA
"c51e141ed8032e1fdacaa4ad97a83ccd",5e-05,0.05,0.00115850852376493,4.01770961963859e-06,0.250841218975686,0.0487717645749595,0.00851140684704331,0.234440563804385,"neutral",0.250837201266066,0.0639890819556292,0.781383299649003,0.442973766726536,87.708805811854,"d__Bacteria","Bacteroidota","Bacteroidia","Sphingobacteriales","Sphingobacteriaceae",NA,NA
"c7037c5821c345a79626d8b5314f1edf",5e-05,0.05,0.00115850852376493,4.01770961963859e-06,0.250841218975686,0.0487717645749595,0.00851140684704331,0.234440563804385,"neutral",0.250837201266066,0.0639890819556292,0.781383299649003,0.442973766726536,87.708805811854,"d__Bacteria","Bacteroidota","Bacteroidia","Sphingobacteriales","Lentimicrobiaceae",NA,NA
"f23aa6580ee8aa1b929861b09a03ea81",5e-05,0.05,0.00115850852376493,4.01770961963859e-06,0.250841218975686,0.0487717645749595,0.00851140684704331,0.234440563804385,"neutral",0.250837201266066,0.0639890819556292,0.781383299649003,0.442973766726536,87.708805811854,"d__Bacteria","Bacteroidota","Bacteroidia","Flavobacteriales","Schleiferiaceae",NA,NA
"3b6831e67ee87188388a1eb6cb510807",1e-04,0.05,0.00231577985731146,1.59439694752028e-05,0.252567270303477,0.0951671064414538,0.0257506628967046,0.295041077905405,"neutral",0.252551326334002,0.064426358758674,0.776079867982114,0.446191945119436,88.3460051336484,"d__Bacteria","Bacteroidota","Bacteroidia","Flavobacteriales","Cryomorphaceae",NA,NA
"60316cac5280dd5f3e23f1cb0823787a",1e-04,0.1,0.00231577985731146,1.59439694752028e-05,0.252567270303477,0.0951671064414538,0.0257506628967046,0.295041077905405,"neutral",0.252551326334002,0.064426358758674,1.55215973596423,0.120618130930186,23.8823899241767,"d__Bacteria","Bacteroidota","Bacteroidia","Flavobacteriales","NS9_marine_group",NA,NA
"647cd827a0033eaea8c5723897179d5a",1e-04,0.05,0.00231577985731146,1.59439694752028e-05,0.252567270303477,0.0951671064414538,0.0257506628967046,0.295041077905405,"neutral",0.252551326334002,0.064426358758674,0.776079867982114,0.446191945119436,88.3460051336484,"d__Bacteria","Bacteroidota","Bacteroidia","Flavobacteriales","Crocinitomicaceae",NA,NA
"7e70ecc2165f52bf7877c10c9cde1cd8",1e-04,0.05,0.00231577985731146,1.59439694752028e-05,0.252567270303477,0.0951671064414538,0.0257506628967046,0.295041077905405,"neutral",0.252551326334002,0.064426358758674,0.776079867982114,0.446191945119436,88.3460051336484,"d__Bacteria","Bacteroidota","Bacteroidia","Bacteroidales","Unclassified Bacteroidales",NA,NA
"89baf964f36eef1880eb202382f33713",1e-04,0.05,0.00231577985731146,1.59439694752028e-05,0.252567270303477,0.0951671064414538,0.0257506628967046,0.295041077905405,"neutral",0.252551326334002,0.064426358758674,0.776079867982114,0.446191945119436,88.3460051336484,"d__Bacteria","Bacteroidota","Bacteroidia","Bacteroidales","Tannerellaceae",NA,NA
"c1a78a4dbf57fb5adeb1b786b07ca657",1e-04,0.05,0.00231577985731146,1.59439694752028e-05,0.252567270303477,0.0951671064414538,0.0257506628967046,0.295041077905405,"neutral",0.252551326334002,0.064426358758674,0.776079867982114,0.446191945119436,88.3460051336484,"d__Bacteria","Bacteroidota","Bacteroidia","Bacteroidales","Prevotellaceae",NA,NA
"ccbb01545b49cdd243413db72b262abb",1e-04,0.05,0.00231577985731146,1.59439694752028e-05,0.252567270303477,0.0951671064414538,0.0257506628967046,0.295041077905405,"neutral",0.252551326334002,0.064426358758674,0.776079867982114,0.446191945119436,88.3460051336484,"d__Bacteria","Bacteroidota","Bacteroidia","Chitinophagales","Saprospiraceae",NA,NA
"e321cef102280a9d9cceb8b99b23679a",1e-04,0.05,0.00231577985731146,1.59439694752028e-05,0.252567270303477,0.0951671064414538,0.0257506628967046,0.295041077905405,"neutral",0.252551326334002,0.064426358758674,0.776079867982114,0.446191945119436,88.3460051336484,"d__Archaea","Crenarchaeota","Nitrososphaeria","Nitrosopumilales","Nitrosopumilaceae",NA,NA
"e3820c54190f02977672681dcf89c536",1e-04,0.05,0.00231577985731146,1.59439694752028e-05,0.252567270303477,0.0951671064414538,0.0257506628967046,0.295041077905405,"neutral",0.252551326334002,0.064426358758674,0.776079867982114,0.446191945119436,88.3460051336484,"d__Archaea","Thermoplasmatota","Thermoplasmata","Marine_Group_II","Marine_Group_II",NA,NA
"e736897bb5ea8f57fd5230ef2a52af98",1e-04,0.05,0.00231577985731146,1.59439694752028e-05,0.252567270303477,0.0951671064414538,0.0257506628967046,0.295041077905405,"neutral",0.252551326334002,0.064426358758674,0.776079867982114,0.446191945119436,88.3460051336484,"d__Archaea","Thermoplasmatota","Thermoplasmata","Thermoplasmata","Thermoplasmata",NA,NA
"e748b35b0bc0c11f0e49ff6cb28ab1ef",1e-04,0.05,0.00231577985731146,1.59439694752028e-05,0.252567270303477,0.0951671064414538,0.0257506628967046,0.295041077905405,"neutral",0.252551326334002,0.064426358758674,0.776079867982114,0.446191945119436,88.3460051336484,"d__Archaea","Nanoarchaeota","Nanoarchaeia","Woesearchaeales","Woesearchaeales",NA,NA
"eb9bd25154ae0c2a430dcec84e2e9687",1e-04,0.05,0.00231577985731146,1.59439694752028e-05,0.252567270303477,0.0951671064414538,0.0257506628967046,0.295041077905405,"neutral",0.252551326334002,0.064426358758674,0.776079867982114,0.446191945119436,88.3460051336484,"d__Archaea","Nanoarchaeota","Nanoarchaeia","Woesearchaeales","SCGC_AAA011-D5",NA,NA
"f3619a72f27118697126a904620feaf8",1e-04,0.05,0.00231577985731146,1.59439694752028e-05,0.252567270303477,0.0951671064414538,0.0257506628967046,0.295041077905405,"neutral",0.252551326334002,0.064426358758674,0.776079867982114,0.446191945119436,88.3460051336484,"d__Bacteria","Verrucomicrobiota","Omnitrophia","Omnitrophales","Omnitrophales",NA,NA
"fee20182fff1ef2bcbc5a78f807ae7f1",1e-04,0.05,0.00231577985731146,1.59439694752028e-05,0.252567270303477,0.0951671064414538,0.0257506628967046,0.295041077905405,"neutral",0.252551326334002,0.064426358758674,0.776079867982114,0.446191945119436,88.3460051336484,"d__Bacteria","Verrucomicrobiota","Lentisphaeria","P.palmC41","P.palmC41",NA,NA
"2dee0c07fbc734ab39877be6c7c03568",0.00015,0.05,0.00347181515988361,3.55937361947386e-05,0.254283741866439,0.139301707453605,0.0467672495228426,0.348071304176207,"neutral",0.254248148130244,0.0648592214617969,0.770900403567914,0.449347314564608,88.9707682837923,"d__Bacteria","Verrucomicrobiota","Verrucomicrobiae","Pedosphaerales","Pedosphaeraceae",NA,NA
"35749006945d6f4ac2d2e713a977a074",0.00015,0.05,0.00347181515988361,3.55937361947386e-05,0.254283741866439,0.139301707453605,0.0467672495228426,0.348071304176207,"neutral",0.254248148130244,0.0648592214617969,0.770900403567914,0.449347314564608,88.9707682837923,"d__Bacteria","Verrucomicrobiota","Verrucomicrobiae","Chthoniobacterales","Chthoniobacteraceae",NA,NA
"46ccf085f4ef287a7099ad3c2fd210e0",0.00015,0.05,0.00347181515988361,3.55937361947386e-05,0.254283741866439,0.139301707453605,0.0467672495228426,0.348071304176207,"neutral",0.254248148130244,0.0648592214617969,0.770900403567914,0.449347314564608,88.9707682837923,"d__Bacteria","Verrucomicrobiota","Verrucomicrobiae","Opitutales","Puniceicoccaceae",NA,NA
"6565c446fa2d675e1dc88b64615fa0f1",0.00015,0.05,0.00347181515988361,3.55937361947386e-05,0.254283741866439,0.139301707453605,0.0467672495228426,0.348071304176207,"neutral",0.254248148130244,0.0648592214617969,0.770900403567914,0.449347314564608,88.9707682837923,"d__Bacteria","Planctomycetota","Planctomycetes","Pirellulales","Pirellulaceae",NA,NA
"6a94050dce913412c6333bf1761d3fbd",0.00015,0.05,0.00347181515988361,3.55937361947386e-05,0.254283741866439,0.139301707453605,0.0467672495228426,0.348071304176207,"neutral",0.254248148130244,0.0648592214617969,0.770900403567914,0.449347314564608,88.9707682837923,"d__Bacteria","Verrucomicrobiota","Chlamydiae","Chlamydiales","Simkaniaceae",NA,NA
"7689623ecf55653115a565c9b799ebf1",0.00015,0.05,0.00347181515988361,3.55937361947386e-05,0.254283741866439,0.139301707453605,0.0467672495228426,0.348071304176207,"neutral",0.254248148130244,0.0648592214617969,0.770900403567914,0.449347314564608,88.9707682837923,"d__Bacteria","Verrucomicrobiota","Chlamydiae","Chlamydiales","Parachlamydiaceae",NA,NA
"7d2230fe0d0466a5dc5a5f25319947a1",0.00015,0.05,0.00347181515988361,3.55937361947386e-05,0.254283741866439,0.139301707453605,0.0467672495228426,0.348071304176207,"neutral",0.254248148130244,0.0648592214617969,0.770900403567914,0.449347314564608,88.9707682837923,"d__Bacteria","Firmicutes","Bacilli","Staphylococcales","Gemellaceae",NA,NA
"ac02d5f8551fe555189ba9103e50fdea",0.00015,0.05,0.00347181515988361,3.55937361947386e-05,0.254283741866439,0.139301707453605,0.0467672495228426,0.348071304176207,"neutral",0.254248148130244,0.0648592214617969,0.770900403567914,0.449347314564608,88.9707682837923,"d__Bacteria","Firmicutes","Bacilli","Lactobacillales","Listeriaceae",NA,NA
"c9e5f4da92a533466b1f90feefb76b5f",0.00015,0.05,0.00347181515988361,3.55937361947386e-05,0.254283741866439,0.139301707453605,0.0467672495228426,0.348071304176207,"neutral",0.254248148130244,0.0648592214617969,0.770900403567914,0.449347314564608,88.9707682837923,"d__Bacteria","Firmicutes","Bacilli","Bacillales","Bacillaceae",NA,NA
"d0f39e41e158e51c53be709d61d9e049",0.00015,0.05,0.00347181515988361,3.55937361947386e-05,0.254283741866439,0.139301707453605,0.0467672495228426,0.348071304176207,"neutral",0.254248148130244,0.0648592214617969,0.770900403567914,0.449347314564608,88.9707682837923,"d__Bacteria","Firmicutes","Bacilli","Thermicanales","Thermicanaceae",NA,NA
"d6d1b2b144665b9fcf1a7c4f57d8d5d7",0.00015,0.05,0.00347181515988361,3.55937361947386e-05,0.254283741866439,0.139301707453605,0.0467672495228426,0.348071304176207,"neutral",0.254248148130244,0.0648592214617969,0.770900403567914,0.449347314564608,88.9707682837923,"d__Bacteria","Firmicutes","Bacilli","Staphylococcales","Staphylococcaceae",NA,NA
"de3ca9523a45fda6c408a006f2766c21",0.00015,0.05,0.00347181515988361,3.55937361947386e-05,0.254283741866439,0.139301707453605,0.0467672495228426,0.348071304176207,"neutral",0.254248148130244,0.0648592214617969,0.770900403567914,0.449347314564608,88.9707682837923,"d__Bacteria","Firmicutes","Bacilli","Lactobacillales","Aerococcaceae",NA,NA
"1b0838a06389eaf98e0000c911be5716",2e-04,0.05,0.00462661558989943,6.27886916324432e-05,0.255990813722416,0.1812856235569,0.0696922132848897,0.395584842385111,"neutral",0.255928025030784,0.0652877614874449,0.76584031770817,0.452441752916853,89.5834670775369,"d__Bacteria","Firmicutes","Bacilli","Lactobacillales","Carnobacteriaceae",NA,NA
"275e2f85494aaf62140ca9ad8f3af5ee",2e-04,0.05,0.00462661558989943,6.27886916324432e-05,0.255990813722416,0.1812856235569,0.0696922132848897,0.395584842385111,"neutral",0.255928025030784,0.0652877614874449,0.76584031770817,0.452441752916853,89.5834670775369,"d__Bacteria","Firmicutes","Bacilli","Lactobacillales","Unclassified Lactobacillales",NA,NA
"5bf72d338c9fab516c693fa02db2dc61",2e-04,0.05,0.00462661558989943,6.27886916324432e-05,0.255990813722416,0.1812856235569,0.0696922132848897,0.395584842385111,"neutral",0.255928025030784,0.0652877614874449,0.76584031770817,0.452441752916853,89.5834670775369,"d__Bacteria","Firmicutes","Clostridia","Lachnospirales","Lachnospiraceae",NA,NA
"8323bf9ec965459b49390610d00b6c93",2e-04,0.05,0.00462661558989943,6.27886916324432e-05,0.255990813722416,0.1812856235569,0.0696922132848897,0.395584842385111,"neutral",0.255928025030784,0.0652877614874449,0.76584031770817,0.452441752916853,89.5834670775369,"d__Bacteria","Firmicutes","Clostridia","Lachnospirales","Unclassified Lachnospirales",NA,NA
"96f6790c40cd81f5e1c03e51ea02de57",2e-04,0.05,0.00462661558989943,6.27886916324432e-05,0.255990813722416,0.1812856235569,0.0696922132848897,0.395584842385111,"neutral",0.255928025030784,0.0652877614874449,0.76584031770817,0.452441752916853,89.5834670775369,"d__Bacteria","Fusobacteriota","Fusobacteriia","Fusobacteriales","Fusobacteriaceae",NA,NA
"984b1011397a58452f4ccb3000cccaa0",2e-04,0.1,0.00462661558989943,6.27886916324432e-05,0.255990813722416,0.1812856235569,0.0696922132848897,0.395584842385111,"neutral",0.255928025030784,0.0652877614874449,1.53168063541634,0.125660686073745,24.8808158426015,"d__Bacteria","Proteobacteria","Alphaproteobacteria","Unclassified Alphaproteobacteria","Unclassified Alphaproteobacteria",NA,NA
"98aa63a9a577aab58e43fd8f6bdd598a",2e-04,0.05,0.00462661558989943,6.27886916324432e-05,0.255990813722416,0.1812856235569,0.0696922132848897,0.395584842385111,"neutral",0.255928025030784,0.0652877614874449,0.76584031770817,0.452441752916853,89.5834670775369,"d__Bacteria","Proteobacteria","Alphaproteobacteria","Acetobacterales","Acetobacteraceae",NA,NA
"dfaf07a3ff9ab9d56ddcd1646e16555e",2e-04,0.05,0.00462661558989943,6.27886916324432e-05,0.255990813722416,0.1812856235569,0.0696922132848897,0.395584842385111,"neutral",0.255928025030784,0.0652877614874449,0.76584031770817,0.452441752916853,89.5834670775369,"d__Bacteria","Proteobacteria","Alphaproteobacteria","Azospirillales","Azospirillaceae",NA,NA
"277f5016aa14ff7da18de2db75d884f7",0.00025,0.05,0.00578018230495115,9.73569021491913e-05,0.257688659543509,0.221223558129684,0.0935817413769308,0.438701171397952,"neutral",0.25759130264136,0.0657120670003469,0.760895255352964,0.455477062924257,90.1844584590029,"d__Bacteria","Proteobacteria","Alphaproteobacteria","Puniceispirillales","SAR116_clade",NA,NA
"7798433ec9e924c2f65e08b1d5e8b1a9",0.00025,0.05,0.00578018230495115,9.73569021491913e-05,0.257688659543509,0.221223558129684,0.0935817413769308,0.438701171397952,"neutral",0.25759130264136,0.0657120670003469,0.760895255352964,0.455477062924257,90.1844584590029,"d__Bacteria","Proteobacteria","Alphaproteobacteria","Rhizobiales","Unclassified Rhizobiales",NA,NA
"8d59eb570a781db8893e872d10bfacf0",0.00025,0.05,0.00578018230495115,9.73569021491913e-05,0.257688659543509,0.221223558129684,0.0935817413769308,0.438701171397952,"neutral",0.25759130264136,0.0657120670003469,0.760895255352964,0.455477062924257,90.1844584590029,"d__Bacteria","Proteobacteria","Alphaproteobacteria","Caulobacterales","Caulobacteraceae",NA,NA
"9bf52c4b3742fdc2e4fde21559dd5ceb",0.00025,0.05,0.00578018230495115,9.73569021491913e-05,0.257688659543509,0.221223558129684,0.0935817413769308,0.438701171397952,"neutral",0.25759130264136,0.0657120670003469,0.760895255352964,0.455477062924257,90.1844584590029,"d__Bacteria","Proteobacteria","Alphaproteobacteria","Kiloniellales","Kiloniellaceae",NA,NA
"c4c1841241a474b239d66510ceddb6b9",0.00025,0.05,0.00578018230495115,9.73569021491913e-05,0.257688659543509,0.221223558129684,0.0935817413769308,0.438701171397952,"neutral",0.25759130264136,0.0657120670003469,0.760895255352964,0.455477062924257,90.1844584590029,"d__Bacteria","Proteobacteria","Alphaproteobacteria","uncultured","uncultured",NA,NA
"d61a4d2978d0ccce3f11b71b0baf9784",0.00025,0.05,0.00578018230495115,9.73569021491913e-05,0.257688659543509,0.221223558129684,0.0935817413769308,0.438701171397952,"neutral",0.25759130264136,0.0657120670003469,0.760895255352964,0.455477062924257,90.1844584590029,"d__Bacteria","Proteobacteria","Alphaproteobacteria","Puniceispirillales","Unclassified Puniceispirillales",NA,NA
"e81359113a1d83a94b14f55d868f326f",0.00025,0.05,0.00578018230495115,9.73569021491913e-05,0.257688659543509,0.221223558129684,0.0935817413769308,0.438701171397952,"neutral",0.25759130264136,0.0657120670003469,0.760895255352964,0.455477062924257,90.1844584590029,"d__Bacteria","Proteobacteria","Alphaproteobacteria","Sphingomonadales","Sphingomonadaceae",NA,NA
"f798f8fbcc73baea0eb85d606590d1b5",0.00025,0.05,0.00578018230495115,9.73569021491913e-05,0.257688659543509,0.221223558129684,0.0935817413769308,0.438701171397952,"neutral",0.25759130264136,0.0657120670003469,0.760895255352964,0.455477062924257,90.1844584590029,"d__Bacteria","Proteobacteria","Alphaproteobacteria","Rhodospirillales","Rhodospirillaceae",NA,NA
"0693f845f2ca0fd81484e2cc0071d8b0",3e-04,0.1,0.00693251646180533,0.000139132499863683,0.259377446934817,0.25921512205671,0.117887091203369,0.478136155940734,"neutral",0.259238314434953,0.0661322230701411,1.51212216008432,0.130630679939239,25.8648746279693,"d__Bacteria","Proteobacteria","Alphaproteobacteria","SAR11_clade","Clade_IV",NA,NA
"565a70ffe94fdbe92d96073076fd6e2e",3e-04,0.05,0.00693251646180533,0.000139132499863683,0.259377446934817,0.25921512205671,0.117887091203369,0.478136155940734,"neutral",0.259238314434953,0.0661322230701411,0.756061080042161,0.458454975899404,90.774085228082,"d__Bacteria","Proteobacteria","Alphaproteobacteria","Defluviicoccales","uncultured",NA,NA
"5816f6eae64c63804423f95e88aed492",3e-04,0.05,0.00693251646180533,0.000139132499863683,0.259377446934817,0.25921512205671,0.117887091203369,0.478136155940734,"neutral",0.259238314434953,0.0661322230701411,0.756061080042161,0.458454975899404,90.774085228082,"d__Bacteria","Proteobacteria","Alphaproteobacteria","Caulobacterales","Parvularculaceae",NA,NA
"667c03782df371d1ce853ab932416dc9",3e-04,0.05,0.00693251646180533,0.000139132499863683,0.259377446934817,0.25921512205671,0.117887091203369,0.478136155940734,"neutral",0.259238314434953,0.0661322230701411,0.756061080042161,0.458454975899404,90.774085228082,"d__Bacteria","Proteobacteria","Alphaproteobacteria","Rhizobiales","Stappiaceae",NA,NA
"887f19023eb859bbf96111decd075481",3e-04,0.05,0.00693251646180533,0.000139132499863683,0.259377446934817,0.25921512205671,0.117887091203369,0.478136155940734,"neutral",0.259238314434953,0.0661322230701411,0.756061080042161,0.458454975899404,90.774085228082,"d__Bacteria","Proteobacteria","Alphaproteobacteria","Rhizobiales","Xanthobacteraceae",NA,NA
"a58a183e973f3d065807aa39a050c83e",3e-04,0.1,0.00693251646180533,0.000139132499863683,0.259377446934817,0.25921512205671,0.117887091203369,0.478136155940734,"neutral",0.259238314434953,0.0661322230701411,1.51212216008432,0.130630679939239,25.8648746279693,"d__Bacteria","Proteobacteria","Alphaproteobacteria","NRL2","NRL2",NA,NA
"bf2ac4e8f86fc6f4ad0bec6fc87f2316",3e-04,0.05,0.00693251646180533,0.000139132499863683,0.259377446934817,0.25921512205671,0.117887091203369,0.478136155940734,"neutral",0.259238314434953,0.0661322230701411,0.756061080042161,0.458454975899404,90.774085228082,"d__Bacteria","Proteobacteria","Alphaproteobacteria","Rhizobiales","Rhizobiaceae",NA,NA
"fa7e95899ac79b7e2d05daa837f1b2b9",3e-04,0.05,0.00693251646180533,0.000139132499863683,0.259377446934817,0.25921512205671,0.117887091203369,0.478136155940734,"neutral",0.259238314434953,0.0661322230701411,0.756061080042161,0.458454975899404,90.774085228082,"d__Bacteria","Proteobacteria","Alphaproteobacteria","Rhodobacterales","Rhodobacteraceae",NA,NA
"0e3fc47dfeecd064d84d6f241dcb8fb1",0.00035,0.05,0.00808361921640293,0.000187955384163397,0.261057337732932,0.295355081178163,0.142262167936468,0.514394884199608,"neutral",0.260869382348769,0.0665483118236656,0.751333860015653,0.46137715518503,91.352676726636,"d__Bacteria","Proteobacteria","Alphaproteobacteria","Rhizobiales","Rhizobiales_Incertae_Sedis",NA,NA
"43de566b971af5783ec98f098b828e69",0.00035,0.15,0.00808361921640293,0.000187955384163397,0.261057337732932,0.295355081178163,0.142262167936468,0.514394884199608,"neutral",0.260869382348769,0.0665483118236656,2.25400158004696,0.024002032805281,4.75240249544563,"d__Bacteria","Proteobacteria","Alphaproteobacteria","Rhizobiales","Beijerinckiaceae",NA,NA
"5bade9ef6d22501a189d805192f8b27c",0.00035,0.1,0.00808361921640293,0.000187955384163397,0.261057337732932,0.295355081178163,0.142262167936468,0.514394884199608,"neutral",0.260869382348769,0.0665483118236656,1.50266772003131,0.133087958077336,26.3514156993125,"d__Bacteria","Proteobacteria","Alphaproteobacteria","Parvibaculales","PS1_clade",NA,NA
"6860d9a9470798a287daff6bc00ab28e",0.00035,0.05,0.00808361921640293,0.000187955384163397,0.261057337732932,0.295355081178163,0.142262167936468,0.514394884199608,"neutral",0.260869382348769,0.0665483118236656,0.751333860015653,0.46137715518503,91.352676726636,"d__Bacteria","Proteobacteria","Alphaproteobacteria","Caulobacterales","Hyphomonadaceae",NA,NA
"74c049d9167b36cfd7ca7b7bacf3af68",0.00035,0.05,0.00808361921640293,0.000187955384163397,0.261057337732932,0.295355081178163,0.142262167936468,0.514394884199608,"neutral",0.260869382348769,0.0665483118236656,0.751333860015653,0.46137715518503,91.352676726636,"d__Bacteria","Proteobacteria","Alphaproteobacteria","Rhodospirillales","AEGEAN-169_marine_group",NA,NA
"7cf3b899a3b6c06f3f60d871d1a3658c",0.00035,0.1,0.00808361921640293,0.000187955384163397,0.261057337732932,0.295355081178163,0.142262167936468,0.514394884199608,"neutral",0.260869382348769,0.0665483118236656,1.50266772003131,0.133087958077336,26.3514156993125,"d__Bacteria","Proteobacteria","Alphaproteobacteria","Micavibrionales","Micavibrionaceae",NA,NA
"94d3e4620eb74724a6dc4de03b1cbc8f",0.00035,0.05,0.00808361921640293,0.000187955384163397,0.261057337732932,0.295355081178163,0.142262167936468,0.514394884199608,"neutral",0.260869382348769,0.0665483118236656,0.751333860015653,0.46137715518503,91.352676726636,"d__Bacteria","Actinobacteriota","MB-A2-108","MB-A2-108","MB-A2-108",NA,NA
"cc10426d505684eea0facbb76d44f2f6",0.00035,0.05,0.00808361921640293,0.000187955384163397,0.261057337732932,0.295355081178163,0.142262167936468,0.514394884199608,"neutral",0.260869382348769,0.0665483118236656,0.751333860015653,0.46137715518503,91.352676726636,"d__Bacteria","Actinobacteriota","Actinobacteria","Propionibacteriales","Propionibacteriaceae",NA,NA
"fcd71715e9c87bb9685a1afb753f7161",0.00035,0.05,0.00808361921640293,0.000187955384163397,0.261057337732932,0.295355081178163,0.142262167936468,0.514394884199608,"neutral",0.260869382348769,0.0665483118236656,0.751333860015653,0.46137715518503,91.352676726636,"d__Bacteria","Actinobacteriota","Actinobacteria","Propionibacteriales","Nocardioidaceae",NA,NA
"03a0e82f0e241e65c81a92fd02e36771",4e-04,0.1,0.00923349172385951,0.000243670941920507,0.262728488285724,0.329733591726385,0.166477463762008,0.547858123579106,"neutral",0.262484817343803,0.0669604125877049,1.49341971077343,0.135526546251509,26.8342561577987,"d__Bacteria","Actinobacteriota","Actinobacteria","Frankiales","Geodermatophilaceae",NA,NA
"5faf1dbf741d14e44f5a6e934d55467b",4e-04,0.05,0.00923349172385951,0.000243670941920507,0.262728488285724,0.329733591726385,0.166477463762008,0.547858123579106,"neutral",0.262484817343803,0.0669604125877049,0.746709855386717,0.46424519942647,91.920549486441,"d__Bacteria","Actinobacteriota","Actinobacteria","Micrococcales","Brevibacteriaceae",NA,NA
"8f32746ed645b9c38da38d6346c1dac4",4e-04,0.1,0.00923349172385951,0.000243670941920507,0.262728488285724,0.329733591726385,0.166477463762008,0.547858123579106,"neutral",0.262484817343803,0.0669604125877049,1.49341971077343,0.135526546251509,26.8342561577987,"d__Bacteria","Actinobacteriota","Actinobacteria","Micrococcales","Micrococcaceae",NA,NA
"b11502a092e42a125856aa68d5eab2ae",4e-04,0.05,0.00923349172385951,0.000243670941920507,0.262728488285724,0.329733591726385,0.166477463762008,0.547858123579106,"neutral",0.262484817343803,0.0669604125877049,0.746709855386717,0.46424519942647,91.920549486441,"d__Bacteria","Actinobacteriota","Actinobacteria","Actinomycetales","Actinomycetaceae",NA,NA
"536d36e966b26a0922712aa419752a54",0.00045,0.05,0.0103821351384653,0.0003061297849975,0.264391049714829,0.362436424332878,0.190376032623865,0.578826721785244,"neutral",0.264084919929831,0.0673686020229161,0.742185506283654,0.46706064566254,92.4780078411829,"d__Bacteria","Actinobacteriota","Actinobacteria","Micrococcales","Intrasporangiaceae",NA,NA
"8d77e604bc936e724ff17c03a24d60fe",0.00045,0.05,0.0103821351384653,0.0003061297849975,0.264391049714829,0.362436424332878,0.190376032623865,0.578826721785244,"neutral",0.264084919929831,0.0673686020229161,0.742185506283654,0.46706064566254,92.4780078411829,"d__Bacteria","Actinobacteriota","Actinobacteria","Corynebacteriales","Mycobacteriaceae",NA,NA
"51c48cce45e17c06fcdae730377d6c6e",5e-04,0.05,0.0115295506136854,0.000375187503751135,0.266045168162152,0.393545177159938,0.213848729853066,0.60754672477799,"neutral",0.265669980658401,0.0677729542495921,0.737757421874537,0.469824972245816,93.0253445046717,"d__Bacteria","Actinobacteriota","Actinobacteria","Corynebacteriales","Corynebacteriaceae",NA,NA
"cba9e3840af4ea3b01bdc9b9a0d90ffe",5e-04,0.1,0.0115295506136854,0.000375187503751135,0.266045168162152,0.393545177159938,0.213848729853066,0.60754672477799,"neutral",0.265669980658401,0.0677729542495921,1.47551484374907,0.140347179932363,27.7887416266079,"d__Bacteria","Actinobacteriota","Acidimicrobiia","Actinomarinales","Actinomarinaceae",NA,NA
"15185777bba4dc684efb61f2380fe635",0.00055,0.05,0.01267573930216,0.000450704435356992,0.267690985021541,0.423137478684389,0.236819266578434,0.634224662580977,"neutral",0.267240280586184,0.0681735409658632,0.733422370198384,0.472539601602583,93.5628411173114,"d__Bacteria","Chloroflexi","Anaerolineae","SBR1031","A4b",NA,NA
"74388b720a3f4b3bbb1615cbe753fb63",0.00055,0.05,0.01267573930216,0.000450704435356992,0.267690985021541,0.423137478684389,0.236819266578434,0.634224662580977,"neutral",0.267240280586184,0.0681735409658632,0.733422370198384,0.472539601602583,93.5628411173114,"d__Bacteria","Chloroflexi","Anaerolineae","Ardenticatenales","uncultured",NA,NA
"7c034fca86f79f454bcb36b3dac8c234",0.00055,0.05,0.01267573930216,0.000450704435356992,0.267690985021541,0.423137478684389,0.236819266578434,0.634224662580977,"neutral",0.267240280586184,0.0681735409658632,0.733422370198384,0.472539601602583,93.5628411173114,"d__Bacteria","Chloroflexi","Anaerolineae","Anaerolineales","Anaerolineaceae",NA,NA
"8a0902cb041b8681581284db538e3b6b",0.00055,0.05,0.01267573930216,0.000450704435356992,0.267690985021541,0.423137478684389,0.236819266578434,0.634224662580977,"neutral",0.267240280586184,0.0681735409658632,0.733422370198384,0.472539601602583,93.5628411173114,"d__Bacteria","Chloroflexi","Dehalococcoidia","S085","S085",NA,NA
"f776f17911efdc448a9e560cb6c96d84",0.00055,0.05,0.01267573930216,0.000450704435356992,0.267690985021541,0.423137478684389,0.236819266578434,0.634224662580977,"neutral",0.267240280586184,0.0681735409658632,0.733422370198384,0.472539601602583,93.5628411173114,"d__Bacteria","Gemmatimonadota","BD2-11_terrestrial_group","BD2-11_terrestrial_group","BD2-11_terrestrial_group",NA,NA
"1b3ceb281a1d999e53467aa267d9cb85",6e-04,0.1,0.013820702355704,0.000532545445877847,0.269328637156715,0.451287180635366,0.259234680695596,0.659037402013786,"neutral",0.268796091710837,0.0685704315588871,1.45835453746739,0.14509186964157,28.7281901890308,"d__Bacteria","PAUC34f","PAUC34f","PAUC34f","PAUC34f",NA,NA
"53ccd354e574be1fc0a675a3ad5eb75f",0.00065,0.1,0.014964440925308,0.000620579725089905,0.270958257106445,0.478064541563739,0.281058990782108,0.682138800760377,"neutral",0.270337677381355,0.0689636932095292,1.45003835128398,0.147435606375448,29.1922500623388,"d__Bacteria","Desulfobacterota","Desulfobulbia","Desulfobulbales","Desulfocapsaceae",NA,NA
"d60af955987fa4c3f394fd9ce7603109",0.00065,0.1,0.014964440925308,0.000620579725089905,0.270958257106445,0.478064541563739,0.281058990782108,0.682138800760377,"neutral",0.270337677381355,0.0689636932095292,1.45003835128398,0.147435606375448,29.1922500623388,"d__Bacteria","Calditrichota","Calditrichia","Calditrichales","Calditrichaceae",NA,NA
"3e038923df1af6df658a2ea51da225b3",7e-04,0.05,0.0161069561611378,0.000714680593164008,0.272579973277864,0.503536401497628,0.302268817652079,0.70366437884269,"neutral",0.2718652926847,0.069353390990995,0.720945281630023,0.48039874549472,95.1189516079546,"d__Bacteria","Bdellovibrionota","Oligoflexia","0319-6G20","0319-6G20",NA,NA
"88da696ecae9a272ac97b9334ce283fd",7e-04,0.05,0.0161069561611378,0.000714680593164008,0.272579973277864,0.503536401497628,0.302268817652079,0.70366437884269,"neutral",0.2718652926847,0.069353390990995,0.720945281630023,0.48039874549472,95.1189516079546,"d__Bacteria","Myxococcota","Polyangia","Nannocystales","Nannocystaceae",NA,NA
"92ea04e5f99479c6e135a2ccfcb54902",7e-04,0.05,0.0161069561611378,0.000714680593164008,0.272579973277864,0.503536401497628,0.302268817652079,0.70366437884269,"neutral",0.2718652926847,0.069353390990995,0.720945281630023,0.48039874549472,95.1189516079546,"d__Bacteria","Bdellovibrionota","Bdellovibrionia","Bdellovibrionales","Bdellovibrionaceae",NA,NA
"0d0504356af8733ee6d6985cd56a85bf",0.00075,0.05,0.0172482492125347,0.000814725318373953,0.274193910128769,0.527766348116468,0.322850274190495,0.723734707584809,"neutral",0.273379184810395,0.0697395879618356,0.716952902379666,0.482927780093073,95.6197004584285,"d__Bacteria","Desulfobacterota","Desulfuromonadia","Bradymonadales","Bradymonadales",NA,NA
"8b62d402e2122ffbdda9ef6c0fdc5341",0.00075,0.15,0.0172482492125347,0.000814725318373953,0.274193910128769,0.527766348116468,0.322850274190495,0.723734707584809,"neutral",0.273379184810395,0.0697395879618356,2.150858707139,0.0312210711390084,6.18177208552367,"d__Bacteria","SAR324_clade(Marine_group_B)","SAR324_clade(Marine_group_B)","SAR324_clade(Marine_group_B)","SAR324_clade(Marine_group_B)",NA,NA
"a66839753f785f0d91be3ac660c80f58",0.00075,0.05,0.0172482492125347,0.000814725318373953,0.274193910128769,0.527766348116468,0.322850274190495,0.723734707584809,"neutral",0.273379184810395,0.0697395879618356,0.716952902379666,0.482927780093073,95.6197004584285,"d__Bacteria","NB1-j","NB1-j","NB1-j","NB1-j",NA,NA
"4ca01f017978d944036f25ecda198b66",8e-04,0.05,0.0183883212280157,0.000920594945070233,0.275800188339639,0.550814874855067,0.342796701847394,0.742457938377827,"neutral",0.274879593394569,0.0701223452537166,0.713039471499278,0.485413477246068,96.1118684947214,"d__Bacteria","Myxococcota","Polyangia","Polyangiales","Sandaracinaceae",NA,NA
"997669261aeff835c9a044e4feaf08d7",8e-04,0.05,0.0183883212280157,0.000920594945070233,0.275800188339639,0.550814874855067,0.342796701847394,0.742457938377827,"neutral",0.274879593394569,0.0701223452537166,0.713039471499278,0.485413477246068,96.1118684947214,"d__Bacteria","Myxococcota","Polyangia","UASB-TL25","UASB-TL25",NA,NA
"b96e6b4c797e05985884ebc4b62669d9",8e-04,0.05,0.0183883212280157,0.000920594945070233,0.275800188339639,0.550814874855067,0.342796701847394,0.742457938377827,"neutral",0.274879593394569,0.0701223452537166,0.713039471499278,0.485413477246068,96.1118684947214,"d__Bacteria","Myxococcota","Polyangia","Haliangiales","Haliangiaceae",NA,NA
"cb3aa3eb176a7cfadbc9a3e8ce9d2ecc",8e-04,0.15,0.0183883212280157,0.000920594945070233,0.275800188339639,0.550814874855067,0.342796701847394,0.742457938377827,"neutral",0.274879593394569,0.0701223452537166,2.13911841449783,0.0321516283469847,6.36602241270296,"d__Bacteria","Myxococcota","Polyangia","Unclassified Polyangia","Unclassified Polyangia",NA,NA
"73123a71e48a7541f297327d04cb24ae",0.00085,0.05,0.0195271733552736,0.00103217413122098,0.277398924976099,0.572739531329223,0.362106989426138,0.75993173626809,"neutral",0.276366750844878,0.0705017221543056,0.709202533954647,0.487856973948012,96.5956808417065,"d__Bacteria","Bdellovibrionota","Oligoflexia","Oligoflexales","uncultured",NA,NA
"c0e20d3a3f75b1c04d0d660426684605",0.00085,0.15,0.0195271733552736,0.00103217413122098,0.277398924976099,0.572739531329223,0.362106989426138,0.75993173626809,"neutral",0.276366750844878,0.0705017221543056,2.12760760186394,0.0330872350419405,6.55127253830422,"d__Bacteria","Myxococcota","Myxococcia","Myxococcales","Myxococcaceae",NA,NA
"33afd7730d723e8dfc768b234155d065",9e-04,0.05,0.0206648067411772,0.0011493509948753,0.278990233642454,0.593595066455422,0.380784302729818,0.776244790429838,"neutral",0.277840882647579,0.0708777761856068,0.705439739941411,0.490259366837961,97.0713546339162,"d__Bacteria","Desulfobacterota","Desulfuromonadia","PB19","PB19",NA,NA
"829fc06b4ebbc304070ae136d0f75edc",9e-04,0.05,0.0206648067411772,0.0011493509948753,0.278990233642454,0.593595066455422,0.380784302729818,0.776244790429838,"neutral",0.277840882647579,0.0708777761856068,0.705439739941411,0.490259366837961,97.0713546339162,"d__Bacteria","Planctomycetota","Pla3_lineage","Pla3_lineage","Pla3_lineage",NA,NA
"962fc0f1af42a48a0b51c9bf5c3f7ecc",9e-04,0.1,0.0206648067411772,0.0011493509948753,0.278990233642454,0.593595066455422,0.380784302729818,0.776244790429838,"neutral",0.277840882647579,0.0708777761856068,1.41087947988282,0.158867899270221,31.4558440555037,"d__Bacteria","Nitrospirota","Nitrospiria","Nitrospirales","Nitrospiraceae",NA,NA
"bcc1d87755202ab05911185c80fb4f92",9e-04,0.05,0.0206648067411772,0.0011493509948753,0.278990233642454,0.593595066455422,0.380784302729818,0.776244790429838,"neutral",0.277840882647579,0.0708777761856068,0.705439739941411,0.490259366837961,97.0713546339162,"d__Bacteria","Acidobacteriota","Acidobacteriae","PAUC26f","PAUC26f",NA,NA
"d74a865a93621b275dad03b9c2e0da8d",9e-04,0.1,0.0206648067411772,0.0011493509948753,0.278990233642454,0.593595066455422,0.380784302729818,0.776244790429838,"neutral",0.277840882647579,0.0708777761856068,1.41087947988282,0.158867899270221,31.4558440555037,"d__Bacteria","Acidobacteriota","Subgroup_22","Subgroup_22","Subgroup_22",NA,NA
"10672ea8299ec6bb94d1d73cc6eff0b6",0.00095,0.2,0.0218012225317712,0.00127201696895666,0.280574224626899,0.613433564619139,0.398835110605096,0.791478016577674,"neutral",0.279302207657942,0.0712505631780465,2.80699535665738,0.00503988300451325,0.997896834893623,"d__Bacteria","Acidobacteriota","Thermoanaerobaculia","Thermoanaerobaculales","Thermoanaerobaculaceae",NA,NA
"46f4499d550d986651d331565e692005",0.00095,0.1,0.0218012225317712,0.00127201696895666,0.280574224626899,0.613433564619139,0.398835110605096,0.791478016577674,"neutral",0.279302207657942,0.0712505631780465,1.40349767832869,0.16109725624529,31.8972567365675,"d__Bacteria","Planctomycetota","Planctomycetes","Planctomycetales","Rubinisphaeraceae",NA,NA
"8958320e919e13c7d2f124f17681eb25",0.00095,0.1,0.0218012225317712,0.00127201696895666,0.280574224626899,0.613433564619139,0.398835110605096,0.791478016577674,"neutral",0.279302207657942,0.0712505631780465,1.40349767832869,0.16109725624529,31.8972567365675,"d__Bacteria","Planctomycetota","Phycisphaerae","Phycisphaerales","Phycisphaeraceae",NA,NA
"c422404b4ee8586548b229867ffea5aa",0.00095,0.15,0.0218012225317712,0.00127201696895666,0.280574224626899,0.613433564619139,0.398835110605096,0.791478016577674,"neutral",0.279302207657942,0.0712505631780465,2.10524651749304,0.0349722664339273,6.9245087539176,"d__Bacteria","Planctomycetota","OM190","OM190","OM190",NA,NA
"80f917f4f3e624cd9bcc873549547a22",0.001,0.05,0.0229364218722768,0.00140006666383907,0.28215100503894,0.632304575229036,0.41626842898972,0.805705530278572,"neutral",0.280750938375101,0.0716201373405871,0.698127675491974,0.494945036543955,97.9991172357031,"d__Bacteria","Planctomycetota","028H05-P-BN-P5","028H05-P-BN-P5","028H05-P-BN-P5",NA,NA
"045a24a9043e950709bc435aa984f2fc",0.00105,0.1,0.0240704059070914,0.00153339773720091,0.283720678939544,0.650255235978026,0.433095228051479,0.818995446614126,"neutral",0.282187281202343,0.0719865513271282,1.38914836391551,0.165499289281378,32.7688592777128,"d__Bacteria","Actinobacteriota","Acidimicrobiia","Microtrichales","Microtrichaceae",NA,NA
"53333fe83247cce721c332a8ff2299b0",0.00105,0.15,0.0240704059070914,0.00153339773720091,0.283720678939544,0.650255235978026,0.433095228051479,0.818995446614126,"neutral",0.282187281202343,0.0719865513271282,2.08372254587326,0.036873604133912,7.30097361851457,"d__Bacteria","Actinobacteriota","Acidimicrobiia","Microtrichales","Ilumatobacteraceae",NA,NA
"70f4948e4ee1f1ce88d06de7bc193ef5",0.00105,0.1,0.0240704059070914,0.00153339773720091,0.283720678939544,0.650255235978026,0.433095228051479,0.818995446614126,"neutral",0.282187281202343,0.0719865513271282,1.38914836391551,0.165499289281378,32.7688592777128,"d__Bacteria","Myxococcota","Polyangia","Polyangiales","BIrii41",NA,NA
"9292e54b84068d02aa36fb0ebdecaadc",0.00105,0.1,0.0240704059070914,0.00153339773720091,0.283720678939544,0.650255235978026,0.433095228051479,0.818995446614126,"neutral",0.282187281202343,0.0719865513271282,1.38914836391551,0.165499289281378,32.7688592777128,"d__Bacteria","Cyanobacteria","Cyanobacteriia","Synechococcales","Cyanobiaceae",NA,NA
"00ecf3809187b14cfcfda7dba5619baf",0.0011,0.05,0.0252031757797889,0.00167191077069002,0.285283347464468,0.667330390116595,0.449327963179073,0.831410545944964,"neutral",0.283611436693778,0.0723498562994331,0.691086376081604,0.499478517712961,98.8967465071663,"d__Bacteria","Verrucomicrobiota","Verrucomicrobiae","Verrucomicrobiales","Rubritaleaceae",NA,NA
"d9e11523a04f3facd3c4a90efb271103",0.0011,0.15,0.0252031757797889,0.00167191077069002,0.285283347464468,0.667330390116595,0.449327963179073,0.831410545944964,"neutral",0.283611436693778,0.0723498562994331,2.07325912824481,0.0378296302377642,7.4902667870773,"d__Bacteria","Verrucomicrobiota","Verrucomicrobiae","Verrucomicrobiales","DEV007",NA,NA
"2533d6fa71bb24fd90564d0ce0aa95c1",0.00115,0.1,0.0263347326331202,0.00181550915296823,0.286839108941222,0.683572698028977,0.464980201280488,0.843008834809264,"neutral",0.285023599788254,0.0727101019867994,1.37532471097558,0.169826265696402,33.6256006078876,"d__Bacteria","Proteobacteria","Gammaproteobacteria","KI89A_clade","KI89A_clade",NA,NA
"48472c7310804351e4b26d61fb76bc2e",0.00115,0.1,0.0263347326331202,0.00181550915296823,0.286839108941222,0.683572698028977,0.464980201280488,0.843008834809264,"neutral",0.285023599788254,0.0727101019867994,1.37532471097558,0.169826265696402,33.6256006078876,"d__Bacteria","Proteobacteria","Gammaproteobacteria","Gammaproteobacteria_Incertae_Sedis","Unknown_Family",NA,NA
"943d8667fb82564f860a9afab963b483",0.00115,0.1,0.0263347326331202,0.00181550915296823,0.286839108941222,0.683572698028977,0.464980201280488,0.843008834809264,"neutral",0.285023599788254,0.0727101019867994,1.37532471097558,0.169826265696402,33.6256006078876,"d__Bacteria","Proteobacteria","Gammaproteobacteria","Pseudomonadales","Moraxellaceae",NA,NA
"1212a925d3b74db4c31e5bd44be2b43f",0.0012,0.1,0.0274650776090126,0.0019640989687355,0.28838805900004,0.699022743388695,0.480066321289608,0.853844023518563,"neutral",0.286423960031305,0.0730673367426797,1.36860058759455,0.171961832692259,34.0484428730673,"d__Bacteria","Dependentiae","Babeliae","Babeliales","Babeliales",NA,NA
"2d5bac4252c5dba912e35cd4830085f5",0.0012,0.15,0.0274650776090126,0.0019640989687355,0.28838805900004,0.699022743388695,0.480066321289608,0.853844023518563,"neutral",0.286423960031305,0.0730673367426797,2.05290088139182,0.0397509644236169,7.87069095587614,"d__Bacteria","Bacteroidota","Bacteroidia","Chitinophagales","uncultured",NA,NA
"ac6c6fa403cc06085da319e908fdd03f",0.0012,0.1,0.0274650776090126,0.0019640989687355,0.28838805900004,0.699022743388695,0.480066321289608,0.853844023518563,"neutral",0.286423960031305,0.0730673367426797,1.36860058759455,0.171961832692259,34.0484428730673,"d__Bacteria","Bacteroidota","Bacteroidia","Flavobacteriales","Weeksellaceae",NA,NA
"f309c2a2a33b675c5a502356479650db",0.0012,0.05,0.0274650776090126,0.0019640989687355,0.28838805900004,0.699022743388695,0.480066321289608,0.853844023518563,"neutral",0.286423960031305,0.0730673367426797,0.684300293797273,0.503867300739126,99.7657255463469,"d__Bacteria","Bacteroidota","Bacteroidia","Bacteroidales","Prolixibacteraceae",NA,NA
"058210a24669e63024ae57396dfdd660",0.00125,0.1,0.0285942118485705,0.00211758889336377,0.289930290679249,0.713719134156536,0.494601273058402,0.863965936714904,"neutral",0.287812701785885,0.0734216075984401,1.36199687354877,0.174078919979789,34.4676261559982,"d__Bacteria","Bacteroidota","Bacteroidia","Bacteroidales","Marinilabiliaceae",NA,NA
"73b6fe71585134700c28ef930eae0aa1",0.00125,0.1,0.0285942118485705,0.00211758889336377,0.289930290679249,0.713719134156536,0.494601273058402,0.863965936714904,"neutral",0.287812701785885,0.0734216075984401,1.36199687354877,0.174078919979789,34.4676261559982,"d__Bacteria","Bacteroidota","Bacteroidia","Flavobacteriales","Flavobacteriaceae",NA,NA
"7a40c666b080490c8061590eb8684463",0.0013,0.05,0.0297221364920757,0.00227589009279623,0.291465894525368,0.727698598671342,0.508600382613092,0.873420869330942,"neutral",0.289190004432571,0.0737729603144315,0.677755098709506,0.508118380085657,100.60743925696,"d__Bacteria","Bacteroidota","Bacteroidia","Cytophagales","Amoebophilaceae",NA,NA
"e33772adf0f92df5634ba8a1c0c38bc7",0.0013,0.1,0.0297221364920757,0.00227589009279623,0.291465894525368,0.727698598671342,0.508600382613092,0.873420869330942,"neutral",0.289190004432571,0.0737729603144315,1.35551019741901,0.176177636262245,34.8831719799245,"d__Bacteria","Bdellovibrionota","Bdellovibrionia","Bacteriovoracales","Bacteriovoracaceae",NA,NA
"dc3f7e30c6351bbf4a73911601d93573",0.00135,0.15,0.0308488526789868,0.00243891612839404,0.292994958688262,0.740996077071773,0.522079194531834,0.882251897595114,"neutral",0.290556042559868,0.0741214394285378,2.02370597706239,0.0426521450395532,8.44512471783154,"d__Bacteria","Proteobacteria","Gammaproteobacteria","Alteromonadales","Alteromonadaceae",NA,NA
"3904d8bea52113755ffb858a8ba6dad8",0.00145,0.05,0.0330986642367498,0.00277880839197714,0.296033809119219,0.765676412733001,0.547538454732456,0.898200062748525,"neutral",0.293255000727242,0.0748099491651127,0.668360299104672,0.514250993733853,101.821696759303,"d__Bacteria","Proteobacteria","Gammaproteobacteria","Cardiobacteriales","Cardiobacteriaceae",NA,NA
"0e7225f68a453547c9684bb5cad21fc1",0.0015,0.1,0.0342217618824072,0.00295551292686715,0.297543760496654,0.777120971156587,0.559550052817898,0.905389568940563,"neutral",0.294588247569787,0.075150063155558,1.33067087106771,0.184391150300788,36.5094477595561,"d__Bacteria","Proteobacteria","Gammaproteobacteria","Burkholderiales","Oxalobacteraceae",NA,NA
"dcd7643368eabcb12d2a9869d686a12f",0.0015,0.1,0.0342217618824072,0.00295551292686715,0.297543760496654,0.777120971156587,0.559550052817898,0.905389568940563,"neutral",0.294588247569787,0.075150063155558,1.33067087106771,0.184391150300788,36.5094477595561,"d__Bacteria","Proteobacteria","Gammaproteobacteria","Burkholderiales","Burkholderiaceae",NA,NA
"049dd59355abf9c1f4f50ed1f1f3ca0c",0.00185,0.05,0.0420497995284334,0.00431156981854854,0.307943765981766,0.84303200744186,0.631631388969761,0.943890453081468,"neutral",0.303632196163218,0.0774571928987801,0.645517841904486,0.529310163313057,104.803412335985,"d__Bacteria","Proteobacteria","Gammaproteobacteria","Burkholderiales","Neisseriaceae",NA,NA
"f709efa5d59176c9b835bdfd8ca7118f",0.00185,0.15,0.0420497995284334,0.00431156981854854,0.307943765981766,0.84303200744186,0.631631388969761,0.943890453081468,"neutral",0.303632196163218,0.0774571928987801,1.93655352571346,0.05241258556034,10.3776919409473,"d__Bacteria","Proteobacteria","Gammaproteobacteria","Burkholderiales","Alcaligenaceae",NA,NA
"600af22dc296445ae1142989dd300916",0.0019,0.15,0.0431632976619489,0.0045214666433597,0.309406108625642,0.850701450466242,0.6403853753854,0.948003872275631,"neutral",0.304884641982282,0.0777766943832353,1.92859829270826,0.0533909839199823,10.5714148161565,"d__Bacteria","Proteobacteria","Gammaproteobacteria","Burkholderiales","Comamonadaceae",NA,NA
"b8d9947692e2dbf942e398bf24ad9068",0.0019,0.15,0.0431632976619489,0.0045214666433597,0.309406108625642,0.850701450466242,0.6403853753854,0.948003872275631,"neutral",0.304884641982282,0.0777766943832353,1.92859829270826,0.0533909839199823,10.5714148161565,"d__Bacteria","Proteobacteria","Gammaproteobacteria","Burkholderiales","Hydrogenophilaceae",NA,NA
"d1a83a830b1deb3b2194c3a0d9f8ee4b",0.00215,0.1,0.0487128881847085,0.0056274096775553,0.316634480690754,0.883785140971847,0.679214145319401,0.964681253629469,"neutral",0.311007071013199,0.0793385385237751,1.26042150335342,0.209170459820543,41.4157510444674,"d__Bacteria","Proteobacteria","Gammaproteobacteria","Burkholderiales","TRA3-20",NA,NA
"0af602c0d0c4b725fbfa76f923da5aee",0.0022,0.1,0.0498192341502548,0.00585947459140678,0.318063914196992,0.889465054063207,0.686073789796013,0.967351081546434,"neutral",0.312204439605585,0.0796439896953024,1.25558752622231,0.210961363999537,41.7703500719084,"d__Bacteria","Proteobacteria","Gammaproteobacteria","Ectothiorhodospirales","Ectothiorhodospiraceae",NA,NA
"5753622de6122b9c9d6fa950b6e1055f",0.0022,0.1,0.0498192341502548,0.00585947459140678,0.318063914196992,0.889465054063207,0.686073789796013,0.967351081546434,"neutral",0.312204439605585,0.0796439896953024,1.25558752622231,0.210961363999537,41.7703500719084,"d__Bacteria","Proteobacteria","Gammaproteobacteria","Xanthomonadales","Xanthomonadaceae",NA,NA
"ca7f92987506656401a146f2ebe6d9c3",0.0022,0.15,0.0498192341502548,0.00585947459140678,0.318063914196992,0.889465054063207,0.686073789796013,0.967351081546434,"neutral",0.312204439605585,0.0796439896953024,1.88338128933347,0.0592500640382677,11.731512679577,"d__Bacteria","Proteobacteria","Gammaproteobacteria","Arenicellales","Arenicellaceae",NA,NA
"4705d868aae547a0035a3ecb08a714b9",0.0025,0.15,0.0564323994261439,0.00732336691911675,0.326531602043895,0.918171543600022,0.72177601282281,0.979811162265744,"neutral",0.319208235124778,0.0814306722257087,1.84205773942565,0.0650683571795674,12.8835347215543,"d__Bacteria","Proteobacteria","Gammaproteobacteria","UBA10353_marine_group","UBA10353_marine_group",NA,NA
"b9294188121fecdf6f1755b9546db6e0",0.00255,0.1,0.057530452356109,0.00757878753959004,0.327925225452259,0.922172215765708,0.726905311502385,0.981393990047513,"neutral",0.320346437912669,0.0817210300797624,1.22367522658974,0.223066430225549,44.1671531846588,"d__Bacteria","Proteobacteria","Gammaproteobacteria","Chromatiales","Sedimenticolaceae",NA,NA
"d50d674d85cdc8353291b7dcbc67930c",0.0026,0.15,0.0586273250490264,0.00783734610948597,0.329313938443951,0.925977477214087,0.731823304733027,0.982860273009025,"neutral",0.321476592334465,0.0820093347792002,1.82906007473242,0.0669942992865236,13.2648712587317,"d__Bacteria","Proteobacteria","Gammaproteobacteria","AT-s2-59","AT-s2-59",NA,NA
"f3675d65c0f8f0559a30d0114295a0ba",0.0026,0.15,0.0586273250490264,0.00783734610948597,0.329313938443951,0.925977477214087,0.731823304733027,0.982860273009025,"neutral",0.321476592334465,0.0820093347792002,1.82906007473242,0.0669942992865236,13.2648712587317,"d__Bacteria","Proteobacteria","Gammaproteobacteria","uncultured","uncultured",NA,NA
"7cdfda296f28f9cfb339c9f7583d255e",0.00265,0.1,0.0597230186230202,0.00809899610020177,0.33069778922676,0.929596863592203,0.736538047096695,0.984217954997133,"neutral",0.322598793126559,0.082295610491469,1.21513163828302,0.226390914815482,44.8254011334655,"d__Bacteria","Proteobacteria","Gammaproteobacteria","Thiotrichales","Thiotrichaceae",NA,NA
"81a10d442ce8d23dcbc2f28cee654a09",0.00285,0.1,0.0640940240636043,0.00917561281023583,0.336185501270932,0.942390568473583,0.753515874652419,0.988704761761982,"neutral",0.327009888460696,0.0834208899134428,1.19874050856757,0.232868787386567,46.1080199025403,"d__Bacteria","Proteobacteria","Gammaproteobacteria","SAR86_clade","SAR86_clade",NA,NA
"d8186cbf971dbc9a54ffa7614e8a8304",0.0029,0.25,0.0651838387862072,0.00945205470996784,0.337545731349211,0.945208113216772,0.757325580424109,0.989622190792536,"neutral",0.328093676639243,0.0836973664896028,2.98695180607691,0.00287085042102533,0.568428383363014,"d__Bacteria","Proteobacteria","Gammaproteobacteria","Oceanospirillales","Endozoicomonadaceae",NA,NA
"eb61f247764e22c3c760b542c8c43608",0.00315,0.15,0.0706153482246063,0.0108759418480841,0.344278826413444,0.95736039203789,0.774087489230718,0.993248763936653,"neutral",0.33340288456536,0.0850517562666736,1.76363201166224,0.0774246814568752,15.3300869284613,"d__Bacteria","Proteobacteria","Gammaproteobacteria","Oceanospirillales","Marinomonadaceae",NA,NA
"d59e27f92299cfe849de35b2bd5c8beb",0.00325,0.2,0.0727797761156341,0.0114642253239704,0.346941057363726,0.961430471087657,0.779832872972038,0.994331954034505,"neutral",0.335476832039756,0.0855808244999377,2.33697210991635,0.0193015962719318,3.8217160618425,"d__Bacteria","Proteobacteria","Gammaproteobacteria","Alteromonadales","Marinobacteraceae",NA,NA
"fd4dd44d1364089d6f2844a4186d8f3d",0.0034,0.05,0.0760176857840223,0.0123658009866216,0.350902139464521,0.966819506961877,0.787553517008897,0.995652763232114,"neutral",0.338536338477899,0.0863613108361987,0.57896295824915,0.574325566983698,113.716462262772,"d__Bacteria","Proteobacteria","Gammaproteobacteria","Oceanospirillales","Saccharospirillaceae",NA,NA
"7df5b9149b84800e305892162d029afb",0.0035,0.2,0.0781704836859814,0.0129792145146604,0.353521774570696,0.969987440330675,0.792156806976014,0.996364472473097,"neutral",0.340542560056036,0.0868731020551111,2.30220856938115,0.0211619209966913,4.19006035734488,"d__Bacteria","Proteobacteria","Gammaproteobacteria","Cellvibrionales","Porticoccaceae",NA,NA
"846997e18a21da96589aafaf8ab04bed",0.00355,0.15,0.0792451433865846,0.0132895301179482,0.354825371297088,0.971456219222577,0.794308316885314,0.996677205885395,"neutral",0.341535841179139,0.0871264900967192,1.72163483038838,0.0848010636773188,16.7906106081091,"d__Bacteria","Proteobacteria","Gammaproteobacteria","Alteromonadales","Pseudoalteromonadaceae",NA,NA
"5fae875260a6220e59371b9f1ea5a97f",0.00365,0.3,0.0813909898000767,0.0139172181547931,0.357420292224168,0.974181848903489,0.798331184236515,0.997227262869758,"neutral",0.343503074069375,0.0876283352217794,3.4235501478001,0.000655249268843104,0.129739355230935,"d__Bacteria","Proteobacteria","Gammaproteobacteria","Oceanospirillales","Oleiphilaceae",NA,NA
"9b02895e3eb2b9ff78d34471b08f50ea",0.004,0.25,0.0888651013935346,0.016185019349703,0.366377031083484,0.981830690464411,0.809847660698277,0.998543627918989,"neutral",0.350192011733781,0.0893346968708625,2.7984647483764,0.00517268344819,1.02419132274162,"d__Bacteria","Proteobacteria","Gammaproteobacteria","Pseudomonadales","Pseudomonadaceae",NA,NA
"bf363e288ea49312d7bf6dfb9fafd2c7",0.00405,0.25,0.0899282302787499,0.0165176054387826,0.367641040470092,0.982720310091102,0.811210604898855,0.99867324276588,"neutral",0.35112343503131,0.089572304854926,2.79104127559191,0.00529083215735247,1.04758476715579,"d__Bacteria","Proteobacteria","Gammaproteobacteria","Cellvibrionales","Cellvibrionaceae",NA,NA
"70f60f16a6c6c8cd71f76d5a826062fb",0.0041,0.4,0.0909902121154252,0.0168522619276261,0.36890125683183,0.983566412900214,0.812511732668268,0.998791663716997,"above",0.352048994904204,0.089808417067399,4.45392551234713,1.06938171529589e-05,0.00211737579628587,"d__Bacteria","Proteobacteria","Gammaproteobacteria","Oceanospirillales","Alcanivoracaceae1",NA,NA
"cf1d101f3c137b00af0fc1dd37985611",0.0041,0.15,0.0909902121154252,0.0168522619276261,0.36890125683183,0.983566412900214,0.812511732668268,0.998791663716997,"neutral",0.352048994904204,0.089808417067399,1.67022206713017,0.0946054501882524,18.731879137274,"d__Bacteria","Proteobacteria","Gammaproteobacteria","Cellvibrionales","Spongiibacteraceae",NA,NA
"ff1912621568d1c786d2c7f07e0edea2",0.0041,0.2,0.0909902121154252,0.0168522619276261,0.36890125683183,0.983566412900214,0.812511732668268,0.998791663716997,"neutral",0.352048994904204,0.089808417067399,2.22696275617357,0.0257369557507985,5.0959172386581,"d__Bacteria","Proteobacteria","Gammaproteobacteria","Oceanospirillales","Nitrincolaceae",NA,NA
"52ea160d6a9134f5b46ad5030ea5e75a",0.0044,0.05,0.0973380763039947,0.0189022204279363,0.376384452199031,0.987841277781733,0.819161324710968,0.999314224877956,"neutral",0.357482231771095,0.0911944468803813,0.548278998452443,0.595609669324038,117.93071452616,"d__Bacteria","Proteobacteria","Gammaproteobacteria","Granulosicoccales","Granulosicoccaceae",NA,NA
"eef01ac575326a9843064957030da74e",0.00525,0.1,0.115101714101876,0.0250646886278129,0.396899223357688,0.994824553560758,0.830324164182062,0.999867574137668,"neutral",0.371834534729875,0.0948557486555805,1.05423236248019,0.295753350452282,58.5591633895518,"d__Bacteria","Proteobacteria","Gammaproteobacteria","Oceanospirillales","Halomonadaceae",NA,NA
"65ab6e88aa7b04fafab003779aacdb0d",0.00535,0.2,0.117170151955614,0.0258207316771088,0.399249537933462,0.995319556923887,0.831131053210196,0.99989117684555,"neutral",0.373428806256353,0.0952624505756002,2.09946310210947,0.0354746438257633,7.02397947750114,"d__Bacteria","Proteobacteria","Gammaproteobacteria","Cellvibrionales","Halieaceae",NA,NA
"5cb3cc68b1a47a6d034a04d729ae9481",0.00615,0.25,0.133557255349835,0.0320735074383453,0.417606737032939,0.997906648995423,0.835385054158697,0.999977668802276,"neutral",0.385533229594594,0.0983503136720902,2.54193393661687,0.0109927343504536,2.17656140138982,"d__Bacteria","Proteobacteria","Gammaproteobacteria","HOC36","HOC36",NA,NA
"2452981251b2f15856a87e3f99b881ee",0.0063,0.3,0.136598304251274,0.0332831586948262,0.420964100166629,0.9981999282339,0.835871333332236,0.999983438778384,"neutral",0.387680941471803,0.0988981993550519,3.0334222660918,0.00247169672032186,0.489395950623729,"d__Bacteria","Proteobacteria","Gammaproteobacteria","OM182_clade","OM182_clade",NA,NA
"5bd4288076b405b8e3bb45a7bb7c3a61",0.00645,0.2,0.139629465428334,0.0345035968360658,0.424295827137896,0.998452154214136,0.83629022076413,0.999987723405099,"neutral",0.38979223030183,0.0994367934443443,2.01132793076178,0.0439358270811784,8.69929376207332,"d__Bacteria","Proteobacteria","Gammaproteobacteria","Pasteurellales","Pasteurellaceae",NA,NA
"9d4d8ee1b3c0c2c71b671654bd81e7d1",0.00715,0.3,0.153644982971557,0.0403311329416518,0.439516643880334,0.999235037503173,0.837594448931475,0.999996977428463,"neutral",0.399185510938683,0.101833038504766,2.94599870930847,0.00327084483865613,0.647627278053914,"d__Bacteria","Proteobacteria","Gammaproteobacteria","Enterobacterales","Yersiniaceae",NA,NA
"e5361ee7a062300c9b170b39f1ef8293",0.0072,0.05,0.154637951565747,0.0407551583699712,0.440583847960526,0.999272608049603,0.837657194348663,0.999997265983671,"neutral",0.399828689590554,0.101997114691468,0.490209945166052,0.636705700078306,126.067728615505,"d__Bacteria","Proteobacteria","Gammaproteobacteria","Enterobacterales","Erwiniaceae",NA,NA
"7414de07e246b3e087855c7899ba1504",0.0074,0.2,0.158599039100304,0.0424608913256834,0.444826833475761,0.999405337076929,0.837878976198834,0.999998170217141,"neutral",0.402365942150078,0.102644372997469,1.94847505186604,0.0509748194872427,10.093014258474,"d__Bacteria","Proteobacteria","Gammaproteobacteria","Enterobacterales","Unclassified Enterobacterales",NA,NA
"a1aa8dbc582735535b4478dc22f75dbe",0.0081,0.4,0.172327760461977,0.0485439298666978,0.459361440375348,0.999706309254467,0.838382550094122,0.999999552297578,"neutral",0.41081751050865,0.104800385333839,3.81677985940423,0.000151210221623051,0.0299396238813641,"d__Bacteria","Proteobacteria","Gammaproteobacteria","Vibrionales","Vibrionaceae",NA,NA
"0191007033d01bbc5c01bb7149e27a78",0.01015,0.35,0.211347282127007,0.0671709690586026,0.499333497323407,0.999962898846033,0.838812602661598,0.999999992836242,"neutral",0.432162528264804,0.110245542924695,3.1747315194327,0.0015506000233004,0.30701880461348,"d__Bacteria","Proteobacteria","Gammaproteobacteria","Steroidobacterales","Woeseiaceae",NA,NA
"9b5d55e07cb4eb78df62730f673d958b",0.0125,0.5,0.253972398231945,0.0895288831125869,0.540989522190894,0.999996555673615,0.83886906329144,0.999999999938237,"neutral",0.451460639078307,0.115168530377119,4.3414637519707,1.74927257620819e-05,0.00346355970089221,"d__Bacteria","Proteobacteria","Gammaproteobacteria","Nitrosococcales","Nitrosococcaceae",NA,NA
"3701da42a987a3ff40d5a798e6338e04",0.01545,0.45,0.304447591164758,0.118377136428384,0.587944368378594,0.999999827107356,0.838874551876758,0.999999999999844,"neutral",0.46956723195021,0.119787559170972,3.75665054964279,0.0001907996642628,0.0377783335240344,"d__Bacteria","Proteobacteria","Gammaproteobacteria","pItb-vmat-80","pItb-vmat-80",NA,NA
"f2e45de9c1773248a88231624956fbbf",0.01735,0.2,0.335252586117088,0.137128008907289,0.615456104557457,0.999999974947072,0.838874799914642,0.999999999999997,"neutral",0.478328095650168,0.122022473380145,1.63904233752848,0.100987288526002,19.9954831281484,"d__Bacteria","Proteobacteria","Gammaproteobacteria","Ga0077536","Ga0077536",NA,NA
"2c87aedf54d987be86f343bad7c35c66",0.0194,0.25,0.367059193564082,0.15733697327429,0.643013959673096,0.999999996896234,0.838874836739839,1,"neutral",0.485676986398806,0.123897190407859,2.01780201130487,0.0432603648698768,8.5655522442356,"d__Bacteria","Proteobacteria","Gammaproteobacteria","BD7-8","BD7-8",NA,NA
"573e97e673257ddf83dba39eb3581eeb",0.023,0.25,0.419499124329636,0.192440650419993,0.686664004084612,0.999999999921555,0.83887484181557,1,"neutral",0.494223353664619,0.126077386138933,1.98290912951279,0.0470084385356093,9.30767083005064,"d__Bacteria","Proteobacteria","Gammaproteobacteria","Ectothiorhodospirales","Thioalkalispiraceae",NA,NA
"65bdb315874beb3e45bb115ce0fe1238",0.0234,0.2,0.425067913648677,0.196294841951443,0.691172960197336,0.999999999947914,0.838874841859794,1,"neutral",0.494878118245893,0.126244417919871,1.58422846170468,0.113046028460903,22.3831136352588,"d__Bacteria","Proteobacteria","Gammaproteobacteria","JTB23","JTB23",NA,NA
"c38d49651ac3c904d865bfc850e707c5",0.0251,0.55,0.448181877411574,0.21254610403545,0.709633999210846,0.999999999990878,0.838874841931877,1,"neutral",0.497087895175397,0.126808136524336,4.3372611180549,1.78137635159781e-05,0.00352712517616366,"d__Bacteria","Proteobacteria","Gammaproteobacteria","Unclassified Gammaproteobacteria","Unclassified Gammaproteobacteria",NA,NA
"8257945ae6bbd266fe7a7081a2c3c636",0.028,0.4,0.485613142820875,0.2397222705715,0.738671702726563,0.999999999999536,0.838874841946402,1,"neutral",0.498949432155063,0.127283018406904,3.14260303539678,0.00172652739651163,0.341852424509303,"d__Bacteria","Proteobacteria","Alphaproteobacteria","Rickettsiales","Fokiniaceae",NA,NA
"09d21bfe1332afd48aea1cf7bbcc4dee",0.0398,0.7,0.614685322268768,0.341543269961445,0.830689908168289,1,0.838874841947181,1,"neutral",0.489146638206843,0.124782305665011,5.60976972071033,3.69565226546229e-08,7.31739148561534e-06,"d__Bacteria","Dadabacteria","Dadabacteriia","Dadabacteriales","Dadabacteriales",NA,NA
"3d78ff5308068e6c90836f6d42754091",0.04395,0.55,0.652313345625218,0.373670485876056,0.855072051265055,1,0.838874841947181,1,"neutral",0.481401565388999,0.122806521782908,4.47858950823692,9.58627188939215e-06,0.00189808183409965,"d__Bacteria","Proteobacteria","Gammaproteobacteria","Cellvibrionales","Unclassified Cellvibrionales",NA,NA
"b066208a8d989dbe1232503c814bc2de",0.0555,0.55,0.739581713865373,0.452877083387176,0.906924146486849,1,0.838874841947181,1,"neutral",0.454047063099673,0.115828332423386,4.7484064433354,2.80442861983533e-06,0.000555276866727396,"d__Bacteria","Proteobacteria","Alphaproteobacteria","Rhizobiales","Hyphomicrobiaceae",NA,NA
"4e4c5cd13eb19d445bd2ee4bd71a7053",0.0648,0.65,0.794292111944611,0.506328711014231,0.935636003702668,1,0.838874841947181,1,"neutral",0.429307292688438,0.109517166502152,5.93514259691174,6.13363067480438e-09,1.21445887361127e-06,"d__Bacteria","Proteobacteria","Alphaproteobacteria","Rhizobiales","Methyloligellaceae",NA,NA
"b5dd41ab5085b59557be60ca37e7230c",0.0888,0.85,0.889422481002806,0.608268681474062,0.976561793877398,1,0.838874841947181,1,"neutral",0.368293112403336,0.0939523245926877,9.04714176775308,2.48384800710197e-18,4.91801905406191e-16,"d__Bacteria","Proteobacteria","Alphaproteobacteria","SAR11_clade","Clade_I",NA,NA
"2dc6ae418d590d0361a61a08d6b4059e",0.0908,0.85,0.895076527565731,0.61478101354513,0.978540647858403,1,0.838874841947181,1,"neutral",0.363759634313273,0.0927958250799166,9.15989484729483,9.75269774137862e-19,1.93103415279297e-16,"d__Bacteria","Proteobacteria","Alphaproteobacteria","SAR11_clade","Clade_II",NA,NA
"f0ac0c01e6f2dd86817e8de6c63d084b",0.10705,0.35,0.93178492218549,0.658687274997283,0.989762656914877,1,0.838874841947181,1,"below",0.331075381917594,0.084458005591223,4.14407133521481,4.04516438756748e-05,0.0080094254873836,"d__Bacteria","Hydrogenedentes","Hydrogenedentia","Hydrogenedentiales","Hydrogenedensaceae",NA,NA
"cca9e8b608d677d71d32982d1eec415e",0.1295,0.8,0.962802848055374,0.698478033297505,0.996554284624283,1,0.838874841947181,1,"neutral",0.298076251326778,0.0760398600323413,10.5207979033594,5.32684808415606e-24,1.0547159206629e-21,"d__Bacteria","Acidobacteriota","Holophagae","Acanthopleuribacterales","Acanthopleuribacteraceae",NA,NA
