"id","E1.10.Poc.dami.1.20140728.T","E1.10.Poc.dami.1.20140731.T","E1.10.Sty.pist.1.20140815.T","E1.11.Fun.sp.1.20140730.T","E1.11.Fun.sp.1.20140811.T","E1.11.Lep.tran.1.20140731.T","E1.11.Psa.cont.1.20140730.T","E1.11.Psa.digi.1.20140807.T","E1.14.Phy.lich.1.20140811.T","E1.15.Dip.heli.1.20140726.T","E1.15.Dip.heli.1.20140809.T","E1.15.Dip.heli.1.20140815.T","E1.15.Dip.heli.1.20140905.T","E1.17.Cau.furc.1.20140801.T","E1.17.Ech.lame.1.20140905.T","E1.17.Ech.mamm.1.20140815.T","E1.17.Fav.sp.1.20140805.T","E1.17.Fav.sp.1.20140811.T","E1.17.Fav.sp.2.20140805.T","E1.17.Hyd.exes.1.20140803.T","E1.19.Lob.sp.1.20140730.T","E1.19.Lob.sp.1.20140809.T","E1.19.Sym.sp.1.20140814.T","E1.19.Sym.sp.1.20140815.T","E1.19.Sym.sp.1.20140905.T","E1.2.Tur.pelt.1.20140814.T","E1.2.Tur.reni.1.20140730.T","E1.2.Tur.reni.1.20140814.T","E1.2.Tur.stel.1.20140805.T","E1.3.Por.cyli.1.20140801.T","E1.3.Por.cyli.1.20140815.T","E1.3.Por.loba.1.20140726.T","E1.3.Por.loba.1.20140905.T","E1.4.Pac.rugo.1.20140728.T","E1.4.Pac.rugo.1.20140814.T","E1.4.Pac.spec.1.20140801.T","E1.4.Pac.spec.1.20140811.T","E1.5.Gal.astr.1.20140728.T","E1.5.Gal.astr.1.20140807.T","E1.5.Gal.astr.1.20140814.T","E1.5.Gal.astr.1.20140905.T","E1.6.Acr.humi.1.20140731.T","E1.6.Acr.sp.1.20140905.T","E1.6.Iso.pali.1.20140803.T","E1.6.Iso.pali.1.20140815.T","E1.7.Pav.sp.1.20140905.T","E1.7.Pav.vari.1.20140805.T","E1.7.Pav.vari.1.20140815.T","E1.7.Pav.veno.1.20140809.T","E1.7.Pav.veno.1.20140811.T"
"6d87d34d412c2b3bc0f2bbf2bc28a8ed",0,0,0,0,0,0,0,0,0,0,0,0,2,0,0,0,0,0,0,0,0,0,0,0,0,0,0,0,0,0,0,0,0,0,0,0,0,0,0,0,0,0,0,0,0,0,0,0,0,0
"986ba066c17605cf158d617255c89ebe",0,0,0,0,0,0,0,0,0,0,0,0,0,0,0,0,0,0,0,0,0,0,0,0,0,0,0,0,0,0,0,0,1,0,0,0,0,1,0,0,0,0,0,0,0,0,0,0,0,0
"600a42c9ee7b2a515f65388c3a8ed7d6",0,0,0,0,0,0,0,0,0,0,0,0,0,0,0,0,0,0,0,0,0,0,0,0,6,0,0,0,0,0,0,0,0,0,0,0,0,0,0,0,0,0,0,0,0,0,0,0,0,1
"08df1c8540941507a370776c0aea17b4",0,0,0,0,0,0,0,0,0,0,0,0,2,0,0,0,0,0,0,0,0,0,0,0,5,0,0,0,0,0,0,2,3,0,0,0,0,0,0,0,5,0,0,0,0,0,0,1,0,0
"e37952fa0f02f0a1b9d86162fb3ad5f8",0,0,0,0,15,8,0,7,0,4,0,7,0,0,0,0,0,0,0,0,0,3,0,0,3,0,2,25,0,0,0,0,1,0,0,0,0,0,0,1,5,0,0,0,0,0,0,3,0,0
"a0940529788feb7e7199672aab7a8b0a",0,0,0,0,0,1,0,1,0,0,0,3,0,0,0,0,0,0,0,0,0,0,0,0,0,0,0,0,0,0,0,2,0,0,0,0,0,0,0,0,0,0,0,0,0,0,0,0,0,0
"d593b46e7e2184f474576e74f00a7abe",0,0,0,0,0,4,0,0,0,0,0,0,0,2,0,0,0,0,0,0,0,0,0,0,0,2,3,0,0,0,0,0,0,0,0,0,0,0,0,0,0,0,0,0,0,0,0,0,0,0
"f6af772a300afd023c573713f658b99b",0,0,0,0,9,2,0,0,0,0,0,0,0,0,0,0,0,0,0,0,0,0,0,0,0,0,4,0,0,0,0,0,1,0,0,0,0,0,0,0,0,0,0,0,0,0,0,0,0,4
"17af3fa1347c6499940eec1dbfb9eca7",0,0,0,0,0,0,0,0,0,0,0,0,0,0,0,0,0,0,0,0,0,0,0,0,0,0,0,0,0,0,0,0,0,0,0,0,0,0,0,0,0,0,0,0,0,0,0,0,0,1
"fe1d9e234e5f11872563ecfa4eb554aa",0,0,0,0,0,0,0,0,0,0,0,0,1,0,7,0,0,0,0,0,0,0,0,0,0,0,0,0,0,0,0,0,0,0,0,0,0,0,0,0,0,0,0,0,0,0,0,0,0,0
"2afa8da046b9a5ee763429aa653d85d6",0,0,0,0,0,9,0,0,0,0,2,0,0,0,0,0,0,0,0,0,0,0,0,0,0,0,0,0,0,0,0,0,0,0,0,0,0,0,0,1,0,0,0,0,0,0,0,0,0,0
"5febeef4e7c8c8b8eaaaffb8bebf003c",0,0,0,0,0,0,0,5,0,0,0,0,0,0,0,0,0,0,0,0,0,0,0,0,0,0,0,0,0,0,0,0,0,0,0,0,0,0,0,0,0,0,0,0,0,0,0,0,0,0
"41a59dc71efe2bbdbb4aa33370b85ac9",0,0,0,0,0,0,0,0,0,0,0,4,0,0,0,0,0,0,0,0,0,0,0,0,0,0,0,0,0,0,0,0,0,0,0,0,0,0,0,0,0,0,0,0,0,0,0,0,0,0
"7197f54c9c3aa638c923fd126423d4d5",0,0,0,0,0,0,0,0,45,0,0,0,0,0,0,0,0,0,0,0,0,0,0,0,0,0,0,0,0,0,0,0,0,0,0,0,0,0,0,0,0,0,0,0,0,0,0,0,0,0
"e8fcc51ac801e2bfe9e377b8142b02da",0,0,0,0,10,0,0,0,0,0,0,0,0,0,0,0,0,0,0,0,0,0,0,0,3,0,0,0,0,0,0,0,2,0,0,0,0,2,0,0,1,0,0,0,0,0,0,0,0,0
"744f5fb8f89b84e3d014e78d8126e3e3",0,0,0,0,0,0,0,0,0,0,0,8,0,0,5,0,0,1,0,0,0,0,0,0,0,0,0,0,0,0,0,0,0,0,0,0,0,0,0,0,0,0,0,0,0,3,0,0,0,1
"daba42a8b25a0c2cb87991d1f96c1e0c",0,0,0,0,0,0,0,0,0,0,0,0,0,0,0,0,0,0,0,29,0,0,0,0,0,0,8,0,0,0,0,0,0,0,0,0,0,0,0,0,0,0,0,0,5,0,0,0,0,0
"840a2f7cfcf5e2b181a2a7b4d2164702",0,0,0,0,0,0,0,0,0,0,0,0,0,0,0,0,0,0,0,0,0,0,0,0,0,0,0,0,0,2,0,0,0,0,0,0,0,0,0,0,0,0,0,0,0,0,0,0,0,0
"5842b3e9edadecfeeac34cee8e6b8861",0,0,0,0,0,0,0,0,0,0,0,0,0,0,0,0,0,0,0,0,0,0,0,0,0,0,0,0,0,0,0,0,0,0,0,0,0,0,0,0,0,0,0,0,0,0,2,0,0,0
"f6b2948ae418af2fcce9083b22fc658e",0,0,0,0,0,0,0,0,0,0,0,0,2,0,0,0,0,0,0,0,0,19,0,0,0,0,0,0,0,0,0,0,0,0,0,0,0,0,0,0,0,0,0,0,0,0,0,3,0,0
"4c52eebca3710ffc5dac6160558c2131",0,8,0,64,0,74,0,0,0,5,5,0,39,89,0,0,5,114,94,0,0,39,0,0,14,18,0,8,56,0,0,8,4,0,0,0,0,55,13,127,27,0,0,0,6,34,48,44,31,3
"002dc251dc36899262059a218596e0f2",0,0,0,0,0,0,0,0,0,0,0,0,0,0,0,0,0,0,0,0,0,5,0,0,0,0,0,0,0,0,0,0,0,0,0,0,0,0,0,0,0,0,0,0,0,0,0,0,0,0
"90504b24aafd20c45433bcc5ce7a7c7d",0,0,0,0,0,0,0,0,0,0,0,0,0,0,0,0,0,0,0,0,0,0,0,0,0,0,0,0,0,0,0,0,0,0,0,0,0,0,0,0,2,0,0,0,0,0,0,0,0,0
"c300075b4c2edf9ef4bb3eeb96795d88",0,0,0,2,0,0,0,0,0,0,0,0,0,0,0,0,2,0,0,0,0,0,0,0,0,0,0,0,0,0,0,0,0,0,0,0,0,0,0,1,5,0,0,0,0,0,0,0,0,0
"9a8b46b988c2789dc0455acef454cd79",0,0,0,5,0,13,0,7,0,4,0,6,0,4,0,0,0,0,4,0,0,0,0,0,6,9,0,0,0,0,9,6,25,0,0,0,0,0,0,0,21,0,0,0,0,0,0,0,0,0
"9c117948927a7d6816809eca6aa01a5e",0,0,0,0,0,3,0,3,0,21,0,5,0,0,0,0,0,0,0,0,0,0,0,0,0,0,0,0,0,1,0,6,0,0,0,0,0,0,3,0,0,0,0,0,0,0,0,0,0,0
"7329177f17a44274d61a05362cede596",0,0,0,0,9,4,0,0,0,0,0,0,0,0,0,0,0,0,0,2,0,0,0,0,0,0,0,0,0,0,0,0,0,0,0,0,0,0,0,0,0,0,0,0,0,0,0,0,0,0
"873349c80d5adb51f8fb196ad1d82a9b",0,0,0,0,0,0,0,0,0,0,0,4,0,0,0,0,0,0,0,0,0,0,0,0,5,0,0,0,0,0,0,0,0,0,0,0,0,0,0,0,0,0,0,0,0,0,0,0,0,0
"d50d6a039922a36663f2136fd7ad8570",0,0,0,3,0,0,0,0,0,0,0,0,0,0,0,0,0,0,0,0,0,0,0,0,0,0,0,0,0,0,0,0,0,0,0,0,0,0,0,0,1,0,0,0,0,0,0,0,0,0
"99ef92797e0a3449dd70969dbef131af",4,0,0,0,0,0,0,0,0,0,0,0,0,0,0,0,0,0,0,0,0,0,0,0,0,0,0,0,0,0,0,0,0,0,0,0,0,0,0,0,0,0,0,0,0,0,0,0,0,0
"6b7942c4e34a23e1a43ca647253b14ec",0,31,0,1,0,0,0,0,0,0,25,17,34,8,4,59,19,0,0,0,0,17,0,0,0,0,2,5,0,0,0,0,27,25,0,0,0,3,23,0,14,0,0,25,57,0,0,1,0,9
"8c026741a3dc9f3978bbfa8f76944b52",0,0,0,0,0,0,0,0,0,0,0,0,0,0,0,0,0,0,0,0,0,4,0,0,0,0,0,0,0,0,0,0,0,0,0,0,0,0,0,0,0,0,0,0,0,0,0,0,0,0
"93b70cad353357c669a6a0f49fd81282",0,0,0,0,0,5,0,0,0,0,3,6,10,0,0,0,0,0,0,0,0,2,6,0,0,0,2,0,17,0,0,0,2,39,0,0,0,0,0,0,2,0,0,0,0,0,10,0,19,0
"2f6450469cf34ecefdbfa19fdd490fb5",0,0,0,0,0,0,0,0,0,0,0,0,0,0,0,0,0,0,0,16,0,0,0,0,26,0,0,0,0,0,0,0,0,0,0,0,0,0,0,0,0,0,0,0,0,0,0,0,0,0
"1fcbe645fbf9ad9c510b4d05565043eb",0,0,0,0,0,0,0,0,0,0,0,0,0,0,0,0,0,0,0,0,0,0,0,0,0,0,0,0,0,0,6,0,0,0,0,0,0,0,0,0,0,0,0,0,0,0,0,0,0,0
"c7cb11f8b34d29b334d79724657b3f0c",0,0,0,0,0,0,0,0,0,0,0,0,0,2,0,0,0,0,0,0,0,0,0,0,0,0,0,3,0,0,0,0,0,0,0,0,0,1,0,2,0,0,0,0,0,0,0,0,0,0
"52ca4d661f474f97333038dc1c2925e4",0,0,0,0,0,1,0,0,0,0,0,0,6,0,0,0,0,6,0,0,0,10,0,0,0,0,1,8,19,0,0,0,6,0,0,0,0,1,0,2,3,0,0,0,0,0,16,0,0,5
"24906197d424a12a2013466038fd97cd",0,0,0,0,0,0,0,0,0,0,0,0,0,0,0,0,0,0,0,0,0,0,0,0,0,8,0,0,0,0,0,0,0,0,0,0,0,0,0,0,0,0,0,11,0,0,0,0,0,0
"50a55410a150e0e2db9e0bf4eb415551",0,0,0,0,0,0,0,0,0,0,0,0,0,0,0,0,0,0,0,0,0,0,0,0,0,0,0,0,0,0,0,0,0,0,0,0,0,0,0,3,0,0,0,0,0,0,0,0,0,0
"604c0b2dc02f3092b2edc09c08816d1d",0,0,0,0,0,0,0,0,0,0,0,0,0,0,0,0,0,0,0,0,0,0,0,0,0,0,1,0,0,0,0,0,0,0,0,0,0,0,0,0,0,0,0,0,0,0,0,0,0,0
"d5db52ed9b62a400c646b59fcb23c20b",0,0,0,0,0,0,10,0,0,6,0,5,30,0,0,0,0,0,16,0,0,25,0,0,66,0,10,5,0,0,0,0,0,0,0,0,0,0,0,0,0,0,0,0,13,13,0,50,17,12
"45cf6812e13889dbe72aa8c51e413afb",0,0,0,0,0,0,0,0,0,10,0,0,0,0,0,0,0,0,0,0,0,0,0,0,0,13,0,0,0,0,0,0,0,0,0,0,0,0,0,0,0,0,0,0,0,0,0,0,21,4
"ef57fdc7a164ec530a617d0a00f3d1f4",0,0,0,0,0,0,0,0,0,0,0,0,0,0,0,0,0,0,0,0,0,0,0,0,0,0,0,5,0,0,0,3,0,0,0,0,0,0,0,0,0,0,0,0,9,0,0,0,0,0
"203e8afb09ee1f713fc02e1eaeab240e",0,0,0,0,0,0,0,0,0,0,0,0,0,0,0,0,0,0,0,0,0,3,0,0,0,0,0,0,0,0,0,0,0,0,0,0,0,0,0,1,0,0,0,0,0,0,0,0,0,0
"4aaba0e53a3c2cd814d831e8e403675d",0,0,0,0,0,0,0,0,0,0,0,0,0,0,0,0,0,0,0,0,0,0,0,0,0,0,0,0,0,0,0,0,0,0,0,0,0,0,0,0,8,0,0,0,0,0,0,0,0,0
"699d67273bcdcb26b67c11e7177ee453",0,0,0,0,0,0,0,0,0,5,5,2,0,0,0,0,0,0,0,0,0,0,0,0,0,0,0,0,0,0,1,0,0,0,0,0,0,2,0,0,0,0,0,0,0,0,0,0,0,0
"3c4eaaecf77012c5ad251f07d962f520",8,4,0,13,0,0,0,15,0,3,0,0,0,7,0,0,0,0,11,0,0,7,0,0,0,5,17,2,0,0,0,94,0,0,0,0,0,0,8,1,0,0,0,3,0,0,0,6,0,2
"b6d0e3c1dbc1789a6a7baaa5ff7a81ee",0,0,0,1,0,0,0,0,0,0,0,0,0,0,0,0,0,0,0,0,0,0,0,0,0,0,0,0,0,0,0,0,0,0,0,0,0,8,0,0,0,0,0,0,0,0,0,0,0,0
"5fa23d69d3389bbcc2c95eab32a82b7d",0,0,0,0,0,0,0,2,0,0,0,0,0,4,0,0,0,0,3,0,0,0,0,0,0,0,0,2,1,0,0,4,0,0,0,0,0,0,1,0,4,0,0,1,0,0,0,0,0,0
"9afb16f7ebc88dab1e9772358d4b70a1",0,0,0,0,0,0,0,0,0,0,0,0,0,2,0,0,0,0,0,0,0,0,0,0,0,0,0,0,0,0,0,0,0,0,0,0,0,0,0,0,0,0,0,0,0,0,0,0,0,0
"de5c347d0ce2b7297f6a6ac4b3b4f279",0,0,0,0,0,0,0,0,0,0,0,4,0,0,0,0,22,0,0,0,0,0,0,0,0,0,0,0,0,0,0,0,8,0,0,0,0,0,0,0,0,0,0,0,0,32,0,27,0,3
"5b80700689c9b6d956159dd6977c8ca0",0,0,0,0,0,0,0,0,0,0,0,0,8,0,0,0,0,0,0,0,0,0,0,0,0,0,0,0,13,0,0,0,0,0,0,0,0,0,0,0,6,0,0,0,0,0,32,0,0,0
"3bb690e70565ee89ce84d1fb07e356a4",0,0,0,3,0,0,0,0,0,15,0,0,0,0,0,0,0,0,8,0,0,0,0,0,0,11,0,0,0,0,0,0,0,0,0,0,0,0,0,0,0,0,0,0,0,0,0,0,0,0
"297fbbd883d31897ca284cface82c4a9",0,0,0,0,0,0,0,0,0,0,1,0,0,0,0,0,0,0,4,0,0,0,0,0,0,0,9,0,0,0,0,0,0,0,0,0,0,2,0,0,0,0,0,6,0,0,0,0,0,0
"00ce4a7233be663656c91e143c9f1770",0,0,0,0,0,0,0,0,0,0,0,0,0,0,0,0,0,0,9,16,0,0,0,0,0,0,0,0,0,0,0,0,0,0,0,0,0,0,0,0,0,0,0,0,0,0,0,0,0,0
"2ab50826eda8978095d378e296626ad7",0,0,0,0,0,6,0,0,0,0,0,0,0,0,0,0,0,2,0,0,0,0,0,0,0,0,0,0,0,0,0,0,1,0,0,0,0,0,0,0,0,0,0,0,0,0,0,0,0,4
"3c79ccb92c550dbaf5d59c5a2db1f9ec",0,0,0,0,0,0,0,0,0,0,0,0,0,1,0,0,0,0,0,0,0,0,0,0,0,0,0,0,0,0,4,0,0,0,0,0,0,0,0,0,0,0,0,6,0,0,0,0,0,0
"0b50dc10aeed64a34c622d6c1dd9a85a",0,3,0,1,0,0,0,0,0,0,0,0,0,0,0,7,0,0,0,0,0,0,0,0,0,0,0,0,0,0,0,0,7,0,0,0,0,0,0,0,0,0,0,0,0,0,0,0,0,0
"976f588b0ded41119ad21375a5d3c724",0,0,0,63,0,32,0,0,0,15,22,0,0,0,0,20,0,54,15,0,0,12,0,0,0,54,61,44,0,0,0,0,21,0,0,0,0,36,0,0,7,0,0,11,29,26,0,54,29,47
"c554ec13e88c59683003f93ae890c063",0,0,0,9,0,0,0,0,0,0,0,0,9,13,0,0,0,0,0,0,0,0,0,0,0,11,0,0,17,0,0,0,24,0,0,0,0,3,0,0,4,0,0,0,0,0,0,0,0,0
"ce87d7e87c08b01f8f880db15b1bfd75",0,0,0,0,0,6,0,0,0,0,0,0,0,16,0,0,19,12,11,0,0,0,0,0,0,0,0,0,3,0,0,0,0,0,0,0,0,22,0,6,1,0,0,0,0,0,0,7,0,6
"a8e3bcc6cb9f8c70cdaaff289a4f69ea",0,0,0,0,0,0,14,0,0,6,0,0,0,0,0,0,0,0,0,0,0,0,0,0,0,16,0,0,0,0,0,0,3,0,0,0,0,0,0,0,0,0,0,0,0,0,0,0,0,0
"94f9e6115e736ca4aea1b6ff5d38a1f7",0,0,0,0,0,0,0,0,0,0,0,0,0,0,12,0,0,0,0,0,0,0,0,0,0,0,0,0,0,0,0,0,0,0,0,0,0,0,0,0,0,0,30,0,0,0,0,0,0,0
"94cfcb558380005a8d397cf10b0733a4",0,0,0,0,0,0,0,0,0,0,0,0,0,0,0,0,0,0,0,0,0,0,0,0,0,0,0,0,0,0,0,0,0,0,0,0,0,0,0,0,2,0,0,0,0,0,0,0,0,0
"ae45a0325a085356587f3f56b4ab4cc3",0,0,0,0,0,0,0,0,0,0,0,0,2,0,0,0,0,0,0,10,0,0,0,0,0,0,0,0,6,0,0,0,11,0,0,0,0,0,0,0,1,0,0,0,0,0,0,0,0,0
"77eab08fb6d7c816502df33477686771",0,0,0,1,0,0,0,2,0,6,11,0,7,0,0,20,0,0,3,0,0,0,0,0,1,0,11,3,0,0,0,0,1,0,0,0,66,0,0,0,1,0,0,0,6,20,0,0,0,0
"6ec7109db406dc9b684aa502a3342f59",0,0,0,0,0,0,0,0,0,0,0,0,0,0,0,0,0,0,0,0,0,0,0,0,0,0,0,0,0,0,0,0,0,0,0,0,0,0,0,0,12,0,0,0,0,0,0,0,0,0
"b0216778a739999cdf394c8926922a41",0,0,0,0,0,0,0,0,0,0,0,0,0,0,0,0,0,0,0,0,0,0,0,0,0,0,0,0,0,0,0,0,0,0,0,0,0,0,0,0,0,0,0,1,0,0,0,0,0,0
"2c823c4ac09ad9b07c95c9244e71e9d6",0,0,0,0,0,0,0,0,0,0,0,0,0,0,0,0,0,0,0,0,0,0,0,0,0,0,0,0,16,0,0,0,0,0,0,0,0,0,0,0,0,0,0,0,0,0,1,6,0,0
"89dea0bafecfedb28807c96665237e51",0,0,0,55,0,0,0,0,0,47,30,25,19,0,0,0,17,78,86,0,0,54,5,0,27,36,46,26,0,0,0,0,18,0,0,0,0,28,25,73,16,0,0,0,5,0,0,55,0,77
"c1c241bf862e0786a928dbe9074b9a98",0,5,0,0,0,0,0,0,0,0,5,9,0,0,0,0,0,0,0,0,0,2,0,0,0,2,0,0,25,0,0,0,0,0,0,0,0,0,0,4,0,0,0,2,0,0,1,6,17,0
"845b02db71e0f6142ff9e4cbabcd226f",0,0,0,0,0,0,0,0,0,0,0,0,0,0,0,0,0,0,4,0,0,0,0,0,0,0,0,0,23,0,0,0,0,0,0,0,0,0,0,0,0,0,0,0,0,0,12,0,0,0
"8d9d8934e8dc3c778690f32b803dde19",0,0,0,0,0,0,0,0,0,0,0,0,0,0,0,0,0,0,0,0,0,0,0,0,0,0,0,0,0,0,0,0,0,0,0,0,0,0,0,0,2,0,0,0,0,0,0,0,0,0
"8b80e065cb3ea1fd390fa32f6b3aa53f",0,0,0,9,0,0,0,0,0,0,11,0,0,21,0,0,0,0,0,0,0,8,0,0,0,0,15,0,0,0,0,2,9,32,0,0,0,0,0,0,6,0,0,6,0,0,0,0,0,0
"bd4a6c722456e008a632e2a51e2316ba",0,2,0,0,0,0,0,0,0,0,0,0,6,0,0,0,0,13,0,0,0,16,0,0,25,3,0,22,9,0,0,0,0,0,0,0,0,0,0,0,0,0,0,0,0,0,8,20,0,0
"ac7698c1797615c967916e0978e5c1b0",0,0,0,0,0,0,0,0,0,0,0,0,9,0,0,0,0,0,5,0,0,7,0,0,0,13,21,0,0,0,0,0,20,0,0,0,0,0,0,0,0,0,0,0,0,0,0,0,0,0
"67e9ff83cf15958d1694589497fec92d",0,0,0,4,0,0,0,0,0,0,0,0,0,0,0,0,0,0,0,52,0,0,0,0,0,0,0,0,0,0,0,0,0,0,0,0,0,0,0,0,0,0,0,0,0,0,0,0,0,0
"896ca95ed1018383c13fa8ada8503fb9",0,0,0,0,0,0,0,0,0,0,0,0,15,0,0,0,0,0,0,0,0,0,0,0,0,0,0,0,0,0,0,0,5,0,0,0,0,0,0,0,0,0,0,0,0,0,0,0,0,0
"5c80b4a572fac7d7c48854614fb4fbd0",0,8,0,0,0,0,0,0,0,25,6,0,3,3,0,0,0,0,0,0,0,0,0,0,0,3,12,0,0,0,0,18,8,0,0,0,0,0,47,0,0,0,0,0,0,0,13,0,0,0
"ba94123c0e64bf5f9b463b3be63d7af6",0,0,0,0,0,0,0,0,0,0,0,0,0,0,0,0,0,0,0,0,0,0,0,0,0,7,0,0,0,0,0,0,0,0,0,0,0,0,0,0,0,0,0,0,0,0,0,0,0,0
"a0c72af0f3cd10901d55783291e2bfa3",0,0,0,0,0,0,0,0,0,0,0,0,0,0,0,0,0,7,3,0,0,0,0,0,0,12,0,0,0,0,0,0,0,0,0,0,0,0,0,3,0,0,0,0,0,0,0,0,0,0
"769593636aad0c52dfffb1ca23b4a9c1",0,0,0,0,5,0,0,0,23,0,0,0,0,0,0,0,0,0,0,0,30,0,0,0,4,0,0,0,0,0,0,0,0,31,0,99,109,0,0,0,13,0,0,0,0,0,0,0,19,0
"86e301c600d077dab326b9163e6dc525",0,0,0,0,0,0,0,0,0,0,0,0,0,0,0,0,0,0,0,0,0,0,6,0,0,0,0,0,0,0,0,0,0,0,0,0,0,0,0,0,0,0,0,0,0,0,0,0,0,0
"085e1626a46735bca478ac719c62b52e",0,0,0,0,0,0,0,0,0,0,0,0,10,0,0,0,0,0,0,0,0,0,0,0,0,0,0,0,0,0,0,0,18,0,0,0,0,0,0,0,0,0,0,0,0,0,0,1,0,0
"be8e44bedb9426bf1ab19809c51a709f",0,0,0,0,0,0,13,0,0,0,0,0,0,0,0,0,0,0,0,0,0,0,0,12,0,0,0,0,0,0,0,0,0,0,0,0,86,0,0,0,0,20,0,0,0,0,0,0,0,0
"08a7c7289eeb922958e2a1f029f7543d",0,0,0,0,0,0,0,0,0,0,4,0,0,0,0,0,0,0,0,0,0,0,0,0,0,0,17,0,0,0,0,0,0,0,0,0,0,0,0,0,4,0,0,0,0,0,0,0,14,0
"4978b57b0a6739da4f649e05efc2edef",0,0,0,19,0,5,0,0,0,16,0,12,0,20,0,33,0,20,10,0,0,0,0,0,0,7,1,8,66,0,0,0,0,0,0,0,0,0,11,0,9,0,0,4,0,0,24,0,0,6
"62e50c4ebbb7d19fefb785c23e111661",0,0,0,0,0,0,0,0,0,0,0,0,0,5,0,0,0,0,0,0,0,0,0,0,0,0,0,0,0,0,0,0,0,0,0,0,0,0,0,0,0,0,0,0,0,0,0,0,0,0
"93d293fcf52a5fc7d3b06d429e2038a1",0,0,0,18,0,0,0,0,0,16,3,0,0,0,0,33,0,0,17,0,0,0,0,0,0,1,0,0,7,0,0,0,1,0,0,0,0,3,0,0,0,0,0,0,0,0,14,0,0,13
"a1f7064ffcc8b6700d07c6dddef3f07b",0,0,0,0,0,0,0,0,0,0,0,0,0,105,0,0,0,57,0,101,31,39,166,0,38,0,0,0,0,0,0,0,0,0,0,0,0,0,0,0,0,0,0,0,0,0,3,0,0,0
"c8ccd223e5ab0c7f997b2a9a8a83d649",0,0,0,0,0,0,0,0,0,0,6,0,8,0,0,0,0,0,0,0,0,8,0,0,0,12,23,0,0,0,0,0,0,0,0,0,35,0,0,0,0,0,0,0,0,0,0,3,0,0
"66e59a875d8156aee0e49d84d5172a59",0,0,0,0,0,0,0,0,0,0,0,0,0,4,0,0,0,0,0,0,0,0,0,0,0,0,0,0,0,0,0,0,0,0,0,0,0,0,0,0,0,0,0,0,0,0,0,0,10,0
"72727fdc6125e64313705fc19c5cde87",0,0,0,0,0,0,0,0,0,0,0,0,0,3,0,0,23,0,0,0,0,0,0,0,0,0,0,0,0,0,0,0,0,0,0,0,0,0,0,0,0,0,0,10,0,0,0,0,0,0
"dd79130d3383cbab29880730e651fe8a",0,0,212,27,0,0,0,0,92,0,0,0,6,0,78,103,2,0,0,0,297,0,0,318,0,0,0,0,0,0,0,1,0,109,0,174,79,0,0,0,1,218,0,0,0,0,0,0,0,0
"b4bc5a59ccf36d6aa4d3e07a7176caf3",0,0,0,0,0,0,0,0,0,0,0,0,0,0,0,0,0,0,18,0,0,4,0,0,34,0,0,0,0,0,0,0,0,0,0,0,0,0,0,9,0,0,0,0,0,0,0,0,0,0
"502bfe3792f08e142ae64b89a7f578fe",0,0,0,0,0,0,0,0,0,0,0,0,0,0,0,0,0,0,1,0,0,0,0,0,0,0,0,0,0,0,0,0,0,0,0,0,0,0,0,0,0,0,0,0,0,0,0,0,0,0
"43ae4df4dd4a71c0cf33fab4edc1f3da",0,0,0,0,0,0,0,0,0,0,0,0,3,0,0,0,0,0,0,0,0,0,0,0,0,0,0,0,0,0,0,0,0,25,0,0,0,0,0,0,0,0,0,0,0,0,0,0,0,0
"a6ac6c7fe263d0b7971921cd6f9b01c0",0,0,0,0,0,0,0,0,0,0,0,3,0,0,0,0,0,0,0,0,0,0,0,0,0,0,0,0,0,0,0,0,0,0,0,0,0,0,0,0,0,0,0,0,0,0,0,0,0,0
"ad301d215564c4b40455a7f39f1b580f",0,0,0,0,18,2,7,1,0,2,17,7,22,1,0,21,15,0,13,6,0,28,0,0,25,16,0,5,8,0,25,0,20,13,0,0,0,23,0,63,4,0,0,19,60,0,0,28,52,19
"17191b1bc0142aeeee46e7d2a190da0d",0,0,0,8,0,1,0,0,0,8,3,0,0,0,0,20,0,0,0,0,0,0,0,0,0,24,15,0,0,0,9,19,23,3,0,0,0,1,4,0,17,0,0,4,17,0,5,0,0,0
"61cc1758197cfb1ff34661ea92f4baa6",0,0,0,0,0,0,0,0,0,0,0,0,0,0,0,0,0,0,0,0,0,0,0,0,0,0,0,0,0,0,0,0,0,0,0,0,0,0,21,0,0,0,0,0,0,0,0,0,0,0
"85d7baa580b6646ae3e56087f6eceb35",0,0,0,0,0,0,0,0,0,0,6,0,0,0,0,0,0,0,0,0,0,0,0,0,0,0,1,0,17,0,0,0,0,0,0,0,0,0,0,0,0,0,0,0,0,0,0,0,20,0
"8b1cc0fe4047b4c78b0d6874bbfacfb4",0,0,14,0,0,0,0,0,17,0,0,0,0,0,0,0,0,0,6,0,0,0,0,49,0,0,1,0,0,0,0,0,5,0,0,0,0,0,0,0,0,0,0,0,0,13,0,0,0,0
"2ef0b3edacc8715274aa3953eb21d2bc",0,0,0,0,0,0,0,0,0,0,0,0,15,0,62,0,0,56,0,0,0,13,0,0,0,0,0,0,0,0,0,0,0,0,0,0,0,0,0,0,0,0,0,0,0,0,0,0,0,0
"19ce5a795af4f20f5d204dee1df58f6d",0,0,0,0,0,0,0,0,0,0,0,0,0,0,0,0,0,0,0,0,0,0,0,0,0,0,6,9,0,0,0,0,0,0,0,0,0,0,0,0,0,0,0,0,0,0,0,0,0,0
"afa66d4428eabee4916ecc1fc75cde03",0,0,0,0,0,0,15,0,0,0,0,0,0,0,0,0,0,0,0,0,0,0,0,0,0,7,0,0,11,0,0,4,8,0,0,0,0,6,0,0,0,0,0,0,0,0,0,0,0,0
"4ffc427d00b54c04a399689fe5057935",0,0,0,0,1,0,0,0,0,0,0,0,0,0,0,0,0,0,0,0,0,0,0,0,0,21,0,0,0,0,0,0,0,25,0,0,0,0,0,0,0,0,0,0,0,0,0,0,0,0
"911c05125528852c268fbb65fb052741",0,0,0,0,0,0,0,0,0,0,16,0,0,0,0,0,0,0,0,0,0,0,0,0,0,0,3,0,0,0,0,0,0,0,0,0,0,0,0,0,0,0,0,0,0,0,0,0,0,0
"d1bb86d61b79c346765282bd44918f5e",0,0,0,0,0,0,0,0,0,0,0,0,0,0,0,31,0,82,0,0,0,0,0,25,0,0,0,0,0,0,13,0,0,0,0,0,0,0,0,0,0,0,0,12,35,0,0,0,0,12
"885a16775a630f2a31eea21c5257200d",0,0,0,19,0,0,0,18,0,13,7,0,52,28,309,0,0,0,43,0,0,0,0,0,0,8,105,53,0,0,126,111,0,0,0,0,0,20,73,0,1,0,446,50,21,0,0,41,0,9
"0fdc3549d858701aa9ddf356c972efb6",0,0,0,2,0,0,17,0,0,6,0,0,9,0,48,0,0,0,10,0,0,0,0,0,0,8,4,0,0,0,0,4,0,0,396,0,0,0,59,2,0,0,161,0,0,0,0,0,0,0
"db54e30a193ddc8a616f0b5b8d0f1bad",0,31,0,0,0,6,0,0,0,0,0,0,0,0,9,22,0,0,0,0,0,4,0,0,0,0,5,0,0,0,13,0,0,52,0,0,108,0,0,0,0,0,0,9,0,0,0,0,0,0
"b8318b75f717dc3d9f7f8fdcf0eb9005",0,0,0,0,0,0,0,0,74,0,0,0,2,0,0,0,0,0,0,0,0,0,0,66,0,0,0,0,0,0,0,0,0,0,0,56,0,0,0,0,0,0,0,0,0,0,0,0,0,0
"4b738cc7f4fdf7d3a5c2349e068c0e2a",0,0,0,0,0,0,0,0,0,0,0,0,0,0,0,0,0,0,0,0,0,0,0,0,0,0,0,0,0,0,0,0,0,0,0,0,0,3,17,0,0,0,0,0,0,0,0,0,0,0
"858ac0b3afe77f6899a67b747dcec2ba",0,0,0,0,0,0,0,0,0,0,0,0,0,0,0,0,0,0,0,0,0,0,0,0,0,0,0,0,0,0,0,0,0,0,0,0,0,0,0,0,0,0,0,0,0,0,0,0,13,0
"7eefdc7340d8e32a430a9c522a2e9f1c",0,3,0,0,0,9,0,0,0,0,0,0,0,21,0,0,0,0,0,0,0,3,0,0,0,0,14,0,14,0,20,0,0,0,0,0,0,0,0,16,0,0,0,27,0,0,0,0,0,0
"80d16b72753e396103b3970e5922ff4b",0,0,0,0,0,0,0,0,0,0,0,0,0,0,0,0,0,24,0,0,0,0,0,0,0,0,0,0,0,0,0,0,0,0,0,0,0,0,0,0,0,0,0,0,0,0,0,0,0,0
"024c2616f28d008908894a0938c2ac30",0,19,0,5,0,0,0,0,0,0,0,0,11,23,67,0,3,0,4,0,0,0,0,0,0,0,2,6,2,0,0,22,0,34,0,0,0,11,25,0,10,0,309,25,21,0,5,0,18,14
"40459ee477a795e39171eed6a6afa57a",0,0,0,0,0,0,0,0,0,0,9,0,0,0,0,0,0,0,0,0,0,0,0,0,0,0,0,0,0,0,0,0,0,0,0,0,0,0,0,0,0,0,0,0,0,0,0,0,0,0
"0b4ee2e4cfa46bb732f1fdd84f543fba",0,0,0,0,0,0,0,0,0,26,4,0,0,0,0,0,0,0,0,0,0,0,0,0,0,0,0,0,0,0,0,0,0,0,0,0,0,0,0,0,0,0,0,0,0,0,0,0,0,0
"bf318a39816ff78baad43375d4ab89e0",0,0,0,0,0,0,0,0,0,0,0,0,0,0,0,0,0,2,0,0,0,0,0,0,0,0,0,0,0,0,0,0,0,0,0,0,0,0,0,0,0,0,0,0,0,0,0,0,0,0
"079fd94fa4d54ed98714e04402d1d0cc",0,0,0,0,0,0,0,0,0,0,0,0,0,0,0,0,0,0,0,0,0,6,0,0,0,0,0,0,0,0,0,0,0,0,0,0,0,0,0,0,0,0,0,0,0,0,2,0,0,2
"8d800ed239f102f82c544809b913d569",0,0,0,0,0,3,0,0,0,0,6,7,0,0,0,0,0,0,0,0,0,2,0,0,3,2,0,0,9,0,0,0,0,0,0,0,0,0,0,1,4,0,0,0,0,0,10,4,0,0
"4b460f19d8773ed4fe0d09d061d5f58d",0,0,0,0,0,0,0,0,0,0,0,0,0,0,0,0,0,0,0,0,0,0,0,0,0,6,0,0,0,0,0,0,0,0,0,0,0,0,0,0,0,0,0,0,0,0,0,0,0,0
"68f056a6696dd70383886e911daae3c3",0,0,0,0,0,0,0,0,0,0,0,0,0,0,0,0,0,0,0,0,0,0,0,0,0,0,0,0,17,0,0,0,0,0,0,0,0,0,0,3,0,0,0,0,0,0,0,0,0,0
"8406b124edac5997ae9e0d80026478f3",0,0,0,0,0,0,0,0,0,0,1,0,0,0,0,0,0,0,0,0,0,0,0,0,0,12,0,0,0,0,0,0,0,0,0,0,0,0,0,0,5,0,0,0,0,0,0,0,0,0
"4515bb764e178fb0b0b27e82395eac57",0,0,0,0,0,0,0,0,0,0,0,0,3,0,0,0,0,0,0,0,0,3,0,0,0,0,0,0,0,0,0,0,0,0,0,0,0,0,0,4,0,0,0,0,0,0,0,5,0,0
"9e5cd31a9c6b0b155cddc59cd1c3c788",0,0,0,0,0,0,0,0,0,0,0,4,0,0,0,0,0,0,0,0,0,0,0,0,0,0,0,0,0,0,0,0,0,0,0,0,0,0,0,0,0,0,0,0,0,0,0,0,0,0
"6994ce2868be6791bf1f9f225c05eb6c",0,0,0,0,0,0,0,0,0,0,0,2,0,0,0,0,0,0,0,0,0,0,0,0,0,0,0,0,0,0,0,0,0,0,0,0,0,0,0,0,0,0,0,0,0,0,0,0,0,0
"3949dac3baa6284c3b014a2790046bea",0,0,0,0,0,0,0,0,0,1,0,0,0,0,0,0,0,0,0,0,0,0,0,0,0,0,0,0,16,0,0,0,0,0,0,0,0,0,0,0,1,0,0,0,0,0,12,0,0,0
"cee5aa901141263101de4f2485ea0c9a",0,0,0,0,0,0,0,0,0,0,0,0,0,0,0,0,23,0,0,0,0,0,0,0,0,0,0,0,0,0,0,0,0,0,0,0,0,0,0,0,0,0,0,0,0,0,0,0,0,0
"515bfeee7b1d5e6a6067e8d86a358d7c",0,0,0,0,0,0,0,0,0,0,0,0,0,0,0,0,39,0,0,0,0,0,101,79,0,0,0,0,0,0,0,0,0,0,0,0,0,0,0,0,0,0,0,0,0,0,0,0,0,0
"541e764c583448b37c4482ad88ed40b3",0,0,0,0,0,0,0,0,0,0,0,0,0,0,0,0,0,0,0,0,0,0,0,0,1,0,0,0,45,0,0,0,0,0,0,0,0,0,0,0,0,0,0,0,0,0,6,0,0,0
"08ff5eaf6ecd1957fecd73e90a7c726b",0,0,0,2,0,0,0,0,0,0,0,0,1,0,0,0,0,1,0,0,0,0,0,0,0,0,0,0,0,0,0,0,2,0,0,0,0,0,0,0,2,0,0,0,0,0,0,0,19,8
"aa8a13d83aec38e45526b0ecc0495b1e",0,0,0,3,0,7,0,5,0,2,1,0,0,0,0,0,0,5,0,0,0,0,0,0,0,0,2,0,0,0,0,0,0,0,0,0,0,4,0,0,0,0,0,0,0,0,0,4,0,0
"1539becd3cbde6b178c505ca64e1e1c3",0,3,0,0,0,0,0,0,0,0,0,0,2,0,0,0,0,0,0,0,0,0,0,0,0,0,0,0,0,0,0,0,7,0,0,0,0,0,0,0,3,0,0,0,0,0,0,0,0,0
"862196538472d5e733f632e038d576c1",0,0,0,1,0,0,0,0,0,3,0,0,0,3,1,0,0,1,0,0,0,7,0,0,17,0,2,0,2,0,0,0,2,0,0,0,0,0,2,4,4,0,0,0,0,0,3,6,26,5
"d3cb02196e54350b6be0c5e3fcd779d7",0,0,0,0,0,1,0,0,0,0,0,0,0,0,0,0,0,0,0,0,0,0,0,0,0,0,0,0,0,0,0,0,0,0,0,0,0,0,0,0,0,0,0,0,0,0,0,0,0,0
"a8023d735e1b7e8d6fc1b3b15dae3aaa",0,0,0,0,0,0,0,0,0,0,0,7,0,0,0,0,0,0,2,0,0,0,0,0,0,2,0,0,0,0,0,4,0,0,0,0,0,0,0,0,0,0,0,0,0,0,0,0,0,0
"0fdc780feac1b0520ecfdef3a9c75aa8",0,0,0,0,0,0,0,0,0,0,0,7,0,0,0,0,0,0,0,0,0,0,0,0,0,0,0,0,0,0,0,0,0,0,0,0,0,0,0,0,0,0,0,0,0,0,0,0,0,0
"b3a7e4c236c2d5c71d8db459cd002001",0,0,0,0,0,0,0,0,0,0,0,0,0,0,0,0,0,0,0,0,0,0,0,0,0,0,0,0,0,0,0,0,0,0,0,0,0,0,0,0,0,0,0,0,0,0,0,1,0,0
"771e877cbac9752f25cfe422ea1b4e93",0,0,0,0,0,0,0,0,0,0,0,0,0,0,0,0,0,0,0,0,0,0,0,0,0,0,0,0,0,0,0,0,0,0,0,0,0,0,5,0,0,0,0,0,0,0,0,0,0,0
"a3ea46b2e036f3229571ffa4e25cc72c",0,0,0,1,0,0,0,0,0,0,0,0,0,1,0,0,0,0,0,0,0,0,0,0,0,4,0,3,0,0,0,0,0,0,0,0,10,0,0,1,0,0,0,0,0,0,0,0,5,0
"f815d8c98bbdcc9a09e20d7569170937",0,0,0,0,0,0,0,0,0,0,0,19,0,0,0,0,0,0,0,0,0,0,0,0,0,0,0,0,0,0,0,0,0,0,0,0,0,0,0,0,0,0,0,0,0,0,0,0,0,0
"905255b0ceb756068b7760c79fc647ad",0,0,0,0,0,0,0,0,0,4,0,33,0,0,0,0,47,0,0,0,56,0,7,0,13,0,0,0,0,0,0,0,5,0,0,0,0,0,0,0,0,0,0,0,0,0,0,0,0,0
"2d57d71cb7843c2c08804d6486489bde",0,0,0,0,0,0,0,0,0,0,0,0,0,0,0,0,0,0,2,0,0,0,0,0,0,0,0,0,18,0,0,0,0,0,0,0,0,0,0,0,1,0,0,0,0,0,4,0,0,0
"fad6e22b244c8bd1800a8090ecd6ea57",0,0,0,0,0,0,0,0,0,0,0,0,0,0,0,0,0,0,0,0,0,0,0,0,0,0,0,0,0,0,0,0,0,0,0,0,0,0,0,0,0,0,0,0,0,0,3,0,0,0
"a1fb1dd8bcdcf55aa48bdaa4c9556487",0,0,0,0,0,0,0,0,0,0,0,0,0,0,0,0,0,0,0,0,0,0,0,0,0,0,0,0,0,0,0,0,0,0,0,0,0,0,0,0,1,0,0,7,0,0,0,0,0,0
"47afd98e2508bcc2bf119d24f10095de",0,0,0,0,0,0,0,0,0,0,0,0,0,0,0,0,0,0,2,0,0,0,0,0,0,0,0,0,0,0,0,0,0,0,0,0,0,0,0,0,0,0,0,0,0,0,0,0,0,0
"494f2f8e57a3347c09a2b421cbb920db",0,0,0,6,0,0,0,0,0,2,0,10,0,0,0,0,4,0,4,0,0,0,0,0,0,0,0,0,0,0,0,0,0,0,0,0,0,0,0,0,0,0,0,0,0,0,0,0,0,0
"e5f22b7efbc1a875c644d69c9dbf0087",0,1,0,0,0,0,0,0,0,0,0,0,0,0,0,0,0,0,0,0,0,0,0,0,0,0,0,0,0,0,0,0,0,0,0,0,0,1,0,0,0,0,0,0,0,0,0,0,0,0
"49ae6a5adcec17f4ed43f55f51dfed7f",0,0,0,0,0,0,0,0,0,0,0,0,0,0,0,0,0,0,0,0,0,1,0,0,0,0,1,0,0,0,0,0,0,0,0,0,0,0,0,0,0,0,0,0,0,0,0,0,0,0
"ecbfd0401c582dd26b17ee474446218d",0,0,0,0,0,0,0,0,0,0,0,7,0,0,0,0,0,0,0,0,0,0,0,0,0,0,0,0,0,0,0,0,0,0,0,0,0,1,0,0,1,0,0,0,0,0,0,0,0,0
"65685f5fe5085bf2ef744c75a320889b",0,0,0,0,0,1,0,0,0,0,0,0,0,0,0,0,0,0,0,0,0,0,0,0,0,0,0,0,0,0,0,0,0,0,0,0,0,2,0,0,0,0,0,0,0,0,0,0,0,0
"437227f3ce4daf9c79b5db0f23988717",0,0,0,0,0,0,0,0,0,0,2,2,0,0,0,0,0,0,0,0,0,0,0,0,0,0,0,0,0,0,0,0,0,0,0,0,0,0,0,0,0,0,0,0,0,0,0,1,0,0
"d4a3e1ce6df0a890e45b096798b3cdc7",0,6,0,19,0,22,0,0,0,1,49,17,6,0,0,0,32,0,2,0,0,7,0,0,30,1,20,12,0,2,0,6,3,0,0,0,0,3,0,15,45,0,0,15,17,23,7,5,0,8
"936a56e57b5cf8eac92fec534fe8c739",0,0,0,2,0,0,0,0,0,0,5,0,0,0,0,0,0,0,0,0,0,0,0,0,0,0,0,0,0,0,0,0,0,0,0,0,0,0,0,0,0,0,0,0,0,3,0,0,0,3
"dbb62086da03f3b7aed04206efba4f34",0,0,0,0,0,0,0,0,0,5,0,0,0,0,0,0,0,2,0,0,0,0,0,0,3,0,1,0,0,0,0,0,0,0,0,0,0,2,0,1,3,0,0,0,0,2,0,0,0,0
"a6c13f3c6f1079be09c0b5bb98d73580",0,0,0,0,0,0,0,0,0,0,0,0,0,0,0,0,0,8,1,0,0,0,0,0,0,0,0,0,0,0,0,0,0,0,0,0,0,7,0,0,0,0,0,0,0,0,0,0,0,0
"cb35ec4dd49185dfb01df373a3ed36ab",0,0,0,41,3,8,0,4,0,9,19,29,49,21,0,13,7,7,21,0,0,4,0,0,12,47,24,7,2,0,10,6,0,0,0,0,0,13,8,8,40,0,0,0,9,4,2,44,21,21
"73e96357ce0d3b1cb2962eb827ee30d0",0,0,0,0,0,0,0,0,0,0,0,0,0,2,0,0,0,2,0,0,0,0,0,0,0,0,0,0,0,0,0,0,0,0,0,0,0,0,0,0,0,0,0,0,0,0,0,0,0,0
"37f2d170da113b0e4d9bbc28fedf78af",0,0,0,0,0,1,0,0,0,0,0,0,0,0,0,0,0,0,2,0,0,2,0,0,0,0,0,0,0,0,0,0,0,0,0,0,0,0,0,0,0,0,0,0,0,0,0,0,0,0
"74a7e8a030e1e6395358b64c9522ec60",0,1,0,0,0,4,0,2,0,2,25,24,9,5,0,0,1,2,0,0,0,7,0,0,4,51,8,5,0,1,4,2,9,0,0,0,0,0,5,13,4,0,0,15,0,3,0,8,19,15
"c1aabea6ea866d75b3604d91404cc4f0",0,0,0,0,0,0,0,0,0,0,1,0,0,0,0,0,0,0,0,0,0,1,0,0,1,0,0,0,0,0,0,5,0,0,0,0,0,0,0,0,0,0,0,0,0,0,0,0,0,2
"0912d494a92146a96d1728410e8b02ad",0,0,0,1,0,0,0,2,0,0,7,0,0,4,0,0,0,0,0,0,0,3,0,0,0,5,0,5,0,0,0,0,3,0,0,0,0,0,0,0,0,0,0,6,0,0,0,0,0,0
"db3f5c152360aeb7540b5734a8b67b01",0,0,0,0,0,0,0,0,0,0,0,0,0,0,0,0,0,5,1,0,0,0,0,0,0,11,0,0,0,0,0,0,0,0,0,0,0,1,0,0,12,0,0,0,0,0,0,7,0,0
"a0b754c9dafff4c869431a5317b82810",0,0,0,0,0,0,0,0,0,0,0,0,0,1,0,0,0,0,0,0,0,0,0,0,0,0,2,0,0,0,0,0,0,0,0,0,0,0,0,0,0,0,0,0,0,0,0,0,0,0
"aba4256af92460e0aa92de7d23673d6b",0,0,0,0,0,8,0,0,0,20,3,45,0,0,0,0,157,27,0,30,0,4,29,0,4,1,0,0,0,0,0,0,10,0,0,0,12,1,0,49,4,0,0,9,25,4,3,0,0,0
"114995329d698d21cbec96ee9b984238",0,0,0,0,0,0,0,0,0,0,3,0,3,0,0,0,7,0,0,0,0,0,0,0,0,0,0,2,0,0,0,0,6,0,0,0,0,0,4,0,0,0,0,0,0,0,0,0,0,0
"2075d8e3a438908ead61f74d67c6f3a6",0,0,0,1,0,0,0,0,0,0,0,0,0,0,0,0,1,3,0,0,0,0,0,0,0,0,1,0,0,0,0,0,0,0,0,0,0,0,0,0,0,0,0,0,0,0,0,2,0,0
"c79b7a01d32a8e149313dbbb6f5c69f6",0,0,0,0,0,0,0,0,0,2,0,0,0,0,0,0,0,0,0,0,0,0,0,0,0,0,0,0,0,0,0,0,0,0,0,0,0,0,5,0,0,0,0,0,0,0,0,0,0,0
"1ae6d2d50c9ae5a36f59607aa973a99e",0,0,0,3,0,0,21,0,27,5,8,0,1,0,0,0,0,0,2,0,0,3,0,0,0,3,3,0,0,0,0,2,2,0,0,0,0,2,0,0,0,0,0,0,0,0,0,1,0,4
"785e74d1c1aaecbb70db2c897ea9026e",0,0,0,2,0,0,0,0,0,0,0,0,0,0,0,0,0,2,22,0,0,3,0,0,0,0,0,0,2,0,0,0,0,0,0,0,0,1,1,10,4,0,0,0,0,0,0,7,0,0
"0fd088171829427954c1866d909dad2c",0,0,0,0,0,0,0,0,0,0,0,3,0,0,0,0,0,0,0,0,0,0,16,0,0,0,0,0,0,0,0,0,0,0,0,0,0,0,0,0,0,0,0,0,0,0,0,0,0,0
"d1ac1f9d71bac60fb91699125d82e65c",0,0,0,0,0,0,0,0,0,0,0,1,0,0,0,0,0,0,0,0,0,0,0,0,0,0,0,0,0,0,0,0,0,0,0,0,0,0,0,0,0,0,0,0,0,0,0,0,0,0
"f573a9289dd0423ed3c6761180a6cc87",0,0,0,0,0,0,0,0,0,0,4,0,0,0,0,0,0,0,0,0,0,0,0,0,0,0,0,0,0,0,0,0,0,0,0,0,0,0,0,0,0,0,0,0,0,0,0,0,0,0
"c3a377872323fc9a2d34eb0c40c35d7d",0,0,0,0,0,0,0,0,0,1,0,0,0,0,0,0,0,0,0,0,0,0,0,0,0,0,0,0,0,2,0,0,0,0,2,0,0,0,0,0,0,0,0,0,0,0,0,0,0,0
"3d8e6fa30fc5dd49bb348ae253a02a2d",0,0,0,0,0,0,0,0,0,0,0,0,0,0,0,0,0,0,0,0,0,4,0,0,1,0,0,0,32,0,0,0,0,0,0,0,0,0,0,18,10,0,0,2,16,5,16,0,0,0
"ade06df6645a9794adc198aa01739609",0,1,0,0,0,0,0,0,0,0,0,0,0,0,0,0,0,8,0,0,0,6,0,0,3,0,3,0,0,0,0,0,0,0,0,0,0,0,0,0,0,0,0,0,0,0,0,0,0,6
"21b61770174df32606dd32d7e80c5d7e",0,0,0,0,0,0,0,0,0,9,5,0,0,0,0,0,0,0,0,0,0,5,0,0,0,2,0,0,0,0,0,0,0,0,0,0,0,0,0,0,1,0,0,14,0,0,0,2,0,1
"d0de063ec10b5fb92065e467b922eee8",0,1,0,4,0,0,0,0,42,0,13,16,0,0,0,0,0,3,0,0,0,1,0,0,0,4,0,0,0,0,0,0,0,0,0,0,0,1,0,3,0,0,0,0,0,0,0,0,0,3
"d4e248195426d4d616ee9e2e8bba7727",0,0,0,0,0,0,0,0,0,4,0,0,0,0,0,0,0,0,3,0,69,1,0,0,0,0,4,1,0,0,0,0,0,0,0,0,0,0,0,0,0,0,0,0,0,0,2,0,0,0
"a3671668ecfbb17bf510e56e0851fbcc",0,0,0,4,0,0,0,0,0,2,34,3,0,2,0,0,0,0,0,0,0,1,0,0,0,0,0,0,49,0,0,16,5,0,0,0,0,1,0,9,0,0,0,9,0,0,14,5,0,12
"19bb04f75e21559edd3837d76786f6fa",0,0,0,0,0,0,0,0,0,0,0,0,0,0,0,0,0,1,0,0,0,0,0,0,0,6,0,0,4,0,0,0,0,0,0,0,0,0,0,0,3,0,0,0,0,0,13,1,0,5
"e3bd7e061c4ee3ace6492d6e3129eacd",0,0,0,0,0,0,0,0,0,0,0,0,0,0,0,0,0,0,2,0,0,0,0,0,0,0,0,0,5,0,0,0,0,0,0,0,0,0,0,0,0,0,0,0,0,0,0,0,0,0
"5b009abd6d81dba0d4c0c20ccbd029d8",0,0,0,0,0,0,0,0,0,0,0,3,0,0,0,0,0,2,0,0,0,0,0,0,0,0,0,0,0,0,0,0,0,0,0,0,0,0,0,0,0,0,0,0,0,0,0,0,0,0
"9a4c8969858884774885d324a87ca782",0,0,0,0,0,0,0,0,0,0,0,0,0,0,0,0,0,0,0,0,0,0,0,0,0,0,0,0,23,0,0,0,0,0,0,0,0,0,0,0,3,0,0,0,0,2,8,0,0,11
"b40e5750352a680f0c50706ce0e7023c",0,0,0,0,0,0,0,0,0,0,0,0,0,0,0,0,0,0,0,0,0,0,0,0,2,0,0,0,0,0,0,0,0,0,0,0,0,0,0,0,0,0,0,0,0,0,0,3,0,6
"bd108e588d7c0c92090df82db88bc154",0,0,0,7,0,0,0,0,0,0,0,0,9,0,0,0,0,19,0,0,0,11,0,0,0,0,0,0,17,0,0,0,0,0,0,0,0,0,0,15,4,0,0,0,0,0,27,0,25,8
"14bd2faa6bc1f79ca69ad7886abc7fc0",0,0,0,1,0,1,0,3,0,0,3,3,0,0,0,0,0,0,4,0,0,2,0,0,2,0,0,0,146,0,0,0,0,0,0,0,0,0,0,0,6,0,0,0,0,0,131,0,0,6
"4d034d1220897e50c86a6dfacb38379d",0,0,0,0,0,0,0,2,0,0,0,0,15,0,0,0,0,0,6,0,0,0,0,0,2,0,0,0,28,0,0,0,0,0,0,0,0,0,0,0,2,0,0,0,12,0,9,11,0,0
"37573acaebd46416011f78b2230cc6fe",0,0,0,0,0,0,0,0,0,0,0,0,0,0,0,0,0,0,0,0,0,0,0,0,0,0,0,0,0,0,0,0,0,0,0,0,0,0,0,0,0,0,0,0,0,0,3,0,0,0
"1aff96f60ba0b06076fd9a7164f29a53",0,0,0,0,0,0,0,0,0,0,0,0,0,0,0,0,0,0,0,0,0,1,0,0,0,0,0,0,0,0,0,0,0,0,0,0,0,0,0,0,0,0,0,0,0,0,0,0,0,0
"d9e90f609f580d2d82e279374f1c4bd7",0,0,0,0,0,0,0,0,0,0,0,0,0,0,0,0,0,0,0,0,0,7,0,0,0,0,0,0,0,0,0,0,0,0,0,0,0,0,0,0,0,0,0,0,0,0,0,0,0,0
"86363adfd8095b07d3fb0e0c0e8145b3",0,0,0,0,0,0,0,0,0,0,0,15,0,0,0,0,0,7,0,0,0,4,0,0,0,0,0,0,0,0,0,0,0,0,0,0,0,0,0,1,0,0,0,0,0,0,0,1,0,0
"e17fc962dd241f2a90378024cf6341d9",0,0,0,0,0,0,0,0,0,0,6,6,3,0,0,0,0,0,0,0,0,2,0,0,0,0,2,0,0,0,0,0,0,0,0,0,0,0,0,1,0,0,0,0,0,5,0,0,0,0
"fd486ea7751e90406bffc6240ee0f429",0,0,0,0,0,0,0,0,0,0,0,0,2,0,0,0,0,0,0,0,0,0,0,0,0,0,0,0,0,0,0,0,0,0,0,0,0,0,0,0,0,0,0,0,0,0,0,0,0,0
"e2d13532ad0adc369417074427ef8991",0,0,0,0,0,0,0,0,0,8,7,58,0,0,0,0,0,0,0,0,0,0,70,0,0,0,0,0,0,0,0,0,3,0,0,0,0,0,0,0,0,0,0,0,0,0,0,0,0,0
"c0e08ca9ec0c16361a02e79951eb6409",0,0,0,0,0,0,0,0,0,0,0,0,0,0,0,0,0,1,0,0,0,0,0,0,3,0,0,0,0,0,0,0,0,0,0,0,0,0,0,0,0,0,0,0,0,0,0,3,0,0
"684955bffdcb36229b5e4024ed9a03a3",0,0,0,0,0,0,0,0,0,0,0,0,0,0,17,0,0,0,0,0,0,0,0,0,0,0,0,0,0,0,0,0,0,0,0,0,0,0,0,0,0,0,0,0,0,0,0,0,0,0
"34e332966ab834ce56dfa3d114a153bc",0,0,0,0,0,0,0,0,0,0,0,0,0,0,0,0,0,0,0,0,0,0,0,0,0,0,0,0,0,0,0,0,0,0,0,0,0,0,0,0,7,0,0,0,0,19,0,0,0,0
"0e16659f54b7661201238e28b00e4b2d",0,0,0,0,0,0,0,0,0,0,0,0,0,0,0,0,0,0,0,0,0,7,0,0,0,0,0,0,3,0,0,0,0,0,0,0,0,0,0,1,0,0,0,0,0,0,0,0,0,0
"5cde07c1db791ae92bd40f8e944e2a93",0,0,0,0,0,0,0,0,0,0,2,0,0,0,0,0,0,0,0,0,0,0,0,0,2,0,0,0,0,0,0,0,0,0,0,0,0,0,0,2,0,0,0,8,0,0,1,0,0,0
"b00853933d74e8be40f7d31ab2848446",0,0,0,0,0,1,0,0,0,0,0,0,0,0,0,0,0,0,0,0,0,0,0,0,0,0,0,0,0,0,0,0,0,0,0,0,0,0,0,11,0,0,0,0,0,0,0,5,0,0
"29014e0245462ec1088934dd62f28d46",0,0,0,0,0,0,0,0,0,0,0,0,0,0,0,0,0,0,0,0,0,0,0,0,0,0,0,0,0,0,0,0,0,0,0,0,0,0,3,0,0,0,0,0,0,0,0,0,0,0
"d7fa16e61da5389737c762d63ea052e0",0,0,0,0,0,0,0,0,0,0,0,0,5,0,0,0,0,0,0,0,0,0,0,0,0,0,0,0,15,0,0,0,0,0,0,0,0,0,0,0,5,0,0,0,0,0,0,0,0,0
"3b2eee79e31ec2ffc43ef0719095cb89",0,0,0,0,0,0,0,0,33,7,0,5,2,0,0,0,0,0,1,0,0,0,0,0,0,10,0,0,11,0,0,0,0,0,0,0,0,0,0,0,9,0,0,0,12,0,0,0,19,0
"c8942251451ddc1e7b64d357ab29907d",0,0,0,0,0,0,0,0,0,0,0,0,0,0,0,0,0,0,0,0,0,0,0,0,0,0,0,0,9,0,0,0,0,0,0,0,0,0,0,0,0,0,0,0,0,0,0,5,0,0
"8d5d41efbdf0e039c9d7f6b5943d845c",0,0,0,0,0,0,0,0,0,0,0,0,0,0,0,0,0,0,0,0,0,1,0,0,0,0,0,0,19,0,0,0,0,0,0,0,0,0,0,0,2,0,0,0,0,0,17,0,0,0
"e94837c6badceae30ae23f3a71b934ee",0,0,0,0,0,0,0,0,0,0,0,0,0,0,0,0,0,0,0,0,0,0,0,0,0,0,0,0,0,0,0,0,0,0,0,0,0,1,0,0,0,0,0,0,0,0,0,0,0,0
"83fe9dd677d811f1dd488ed1f7391fdf",0,0,0,0,0,0,0,0,0,0,0,0,0,0,0,0,7,0,0,0,0,0,0,0,0,0,0,0,0,0,0,0,0,0,0,0,0,0,0,0,0,0,0,0,0,0,0,0,0,0
"8f1678aa0c44e8f538dbd33e834f0145",0,0,0,0,0,0,0,0,0,0,0,0,0,0,4,0,0,0,10,0,0,0,0,0,0,5,0,0,2,0,0,0,0,0,0,0,0,0,0,0,0,0,0,0,22,0,0,0,0,0
"fc5cae166cb9b5a110d29ba4d91bfbcd",0,0,0,0,0,0,0,0,0,0,0,0,0,0,0,1,2,0,0,0,0,0,5,0,0,0,0,0,0,0,0,0,0,0,0,0,0,0,0,0,0,0,0,0,0,4,0,0,0,0
"0e9476b2384d562926319e3517298d27",0,0,0,0,0,0,0,0,0,0,0,0,0,0,0,0,18,0,0,0,0,0,0,0,0,0,0,0,0,0,0,0,0,0,0,0,0,0,0,0,0,0,0,0,0,0,0,0,0,0
"fc798d238ac6d336e35449c3fb8308f1",0,0,0,0,0,0,0,0,0,0,0,0,7,0,0,0,0,0,0,0,0,0,0,0,0,0,0,0,0,0,0,0,0,0,0,0,0,0,0,0,0,0,0,0,16,0,0,0,0,0
"23a2edbd074bb881cc7637fea426f4c1",0,0,0,0,0,0,0,0,0,0,0,0,0,0,0,0,44,0,0,0,0,0,97,0,0,0,0,0,0,0,0,0,0,0,0,0,0,0,0,0,0,0,0,0,0,0,33,0,0,0
"92a9188f146e5140edcd3f6e6b9c209f",0,0,0,0,0,0,0,0,0,0,0,0,0,0,0,10,0,0,0,0,0,0,0,0,0,0,1,2,0,0,0,0,0,0,0,0,0,0,0,1,0,0,0,3,0,0,0,0,0,0
"74c10da54cc4e1d7a83b3eac5ec994ae",0,0,0,0,0,0,0,0,0,0,0,0,0,0,0,0,0,0,0,0,0,0,0,0,0,0,0,0,0,0,0,0,4,0,0,0,0,0,0,0,0,0,0,0,0,0,0,0,0,0
"81dbf1da54020be53bf39ae4cf36c502",0,0,0,0,0,0,0,0,0,0,0,0,1,0,0,0,0,0,0,0,0,0,0,0,0,0,0,0,0,0,0,0,0,0,0,0,0,0,0,0,0,0,0,0,0,0,0,0,0,0
"b80961199fbdd7367dc1dc1e38d13ca5",0,0,0,0,0,0,0,0,0,0,0,0,0,0,0,0,0,0,0,0,0,0,0,0,0,0,0,0,0,0,0,0,0,0,0,0,0,0,0,0,0,0,0,0,0,0,0,0,20,0
"578b43fe67026f8d044daeba16bf1cd7",0,0,0,0,0,0,0,0,0,0,2,0,0,0,21,0,0,0,0,0,0,0,0,0,0,0,0,0,0,0,0,0,0,0,0,0,49,0,0,0,3,0,0,0,0,0,0,0,0,0
"143e2107bf6409cf050b4748500b3f19",0,0,0,0,0,0,0,0,0,0,0,18,0,0,0,0,0,0,0,0,0,0,0,0,0,0,0,0,0,0,0,0,0,0,0,0,0,0,0,0,0,0,0,0,0,0,0,0,0,0
"753459a0735d8aa8ebb6a51e93d4f7f6",0,0,0,0,0,0,0,0,0,0,0,0,0,0,0,0,0,0,0,0,0,0,0,0,0,0,0,0,0,0,0,0,0,0,0,0,0,0,0,0,3,0,0,0,0,0,0,0,0,0
"395c52ea59da6ee9ca5a7f38d559045d",0,0,0,0,0,0,0,0,0,5,4,0,0,0,9,0,0,0,0,0,0,1,0,0,0,0,0,0,0,0,0,0,3,0,0,0,0,0,0,0,2,0,0,0,0,0,0,0,0,0
"2f536e57d94b1f5f9f458b0bef219521",0,0,0,0,0,0,0,0,0,0,0,0,0,0,0,0,0,0,0,0,0,0,0,0,0,0,0,0,0,0,0,0,0,0,0,0,0,1,0,0,0,0,0,0,0,0,0,0,0,0
"b836688a3aa0e04dafae91c1ce55d4da",0,0,0,0,0,0,0,0,0,0,0,0,6,0,0,0,0,0,0,8,0,0,0,0,0,0,0,0,0,0,0,0,0,0,0,0,0,0,0,0,0,0,0,0,0,0,0,0,0,0
"23b797330d20df4f577bef7ba2ed2a1d",37,37,0,0,0,0,0,0,0,0,15,0,82,0,0,0,0,0,4,0,0,0,0,0,0,46,0,0,0,0,0,0,41,0,0,0,0,100,0,19,7,0,0,8,0,35,52,35,0,12
"33eafbafbf6da0edc882230f17f25e2d",0,0,0,0,0,0,0,0,0,0,0,0,0,3,0,0,0,0,0,0,0,0,0,0,0,0,11,4,0,0,0,0,0,0,0,0,0,0,0,0,2,0,0,0,0,0,0,0,0,0
"bcef00703b1060221b17b88c89f86a9b",0,0,0,58,0,0,0,0,0,50,10,0,0,9,0,0,0,0,13,0,0,0,0,0,0,7,0,0,0,0,0,0,0,0,0,0,0,0,18,0,14,0,0,2,20,16,29,0,0,35
"490ca221ee34d656d197fde6df86cd16",0,0,0,5,0,0,0,0,0,2,4,0,0,15,0,0,0,0,0,0,0,0,0,0,0,31,7,3,0,0,7,13,13,0,0,0,0,42,0,0,0,0,0,0,15,0,21,0,25,0
"1973a53fc51a5c5e558ab80d59b66063",0,0,0,0,0,0,0,0,0,0,0,0,0,0,0,0,0,0,0,0,0,0,0,0,0,0,0,0,0,0,0,0,0,0,0,0,0,0,0,0,10,0,0,0,0,0,5,0,0,0
"08d6f9ff011e084b1733f6c1bca8be4a",0,0,0,0,0,19,0,0,0,0,5,0,0,0,0,0,0,0,0,0,0,0,0,0,0,0,0,0,0,0,0,0,6,0,0,0,0,0,0,27,12,0,0,0,10,0,0,0,20,0
"f353053187f13c09c54be9f188e3d982",0,0,0,0,0,0,0,0,0,19,0,0,0,92,0,0,0,0,0,0,0,0,0,0,0,0,0,0,0,0,0,0,0,0,0,0,0,30,0,0,5,0,0,16,0,0,0,0,0,0
"4234fe34d7e03053d5443a3cf66ea46d",0,0,0,20,0,0,0,0,0,0,20,0,0,0,0,0,0,0,0,0,0,0,0,0,0,0,0,13,0,0,0,0,29,0,0,0,0,29,0,0,34,0,0,0,0,0,0,26,0,9
"f54a37f34b89b12bb0384d107012b553",0,0,0,0,1,0,0,20,0,8,2,0,0,0,0,0,0,0,0,0,0,0,0,0,0,0,3,0,0,0,0,11,0,0,0,0,0,0,0,0,7,0,0,11,0,28,0,58,25,30
"1aeb6f373c353e78dd3f43a58c0cbd49",0,0,0,0,0,0,0,0,0,23,15,0,0,0,0,30,0,0,0,0,0,0,0,0,0,1,0,0,0,0,0,0,30,0,0,0,0,16,0,0,0,0,0,0,35,31,0,4,0,0
"2d467f36990a9b7e76915a5d0eb96a27",0,35,0,0,0,0,0,0,0,0,0,0,0,0,0,0,0,0,0,0,0,0,0,0,28,0,0,14,0,0,0,0,0,0,0,0,0,0,0,0,0,0,0,0,0,0,0,0,0,0
"b5bbe883fa61748c923ea16ed377c5f2",0,0,0,0,0,0,0,0,0,0,3,0,0,0,0,0,0,0,0,0,0,0,0,0,0,0,6,0,0,0,0,0,0,0,0,0,0,0,0,0,0,0,0,0,0,56,5,0,0,0
"6b333ddf87daf39da2690ddeeaa940b9",0,0,0,0,0,0,0,0,0,0,0,0,0,0,0,0,0,0,0,0,0,0,0,0,0,0,5,0,0,0,0,0,0,0,0,0,0,0,0,0,0,0,0,0,0,0,0,0,0,0
"567a401b44446f15a728adf384ebd54d",0,0,0,0,0,0,0,0,0,0,0,0,0,0,0,0,0,2,0,0,0,0,0,0,0,0,0,0,0,0,0,0,0,0,0,0,0,0,0,0,0,0,0,0,0,0,0,0,0,0
"30c6167b956b76b8fd51f2f80e42ff54",0,22,0,0,0,0,0,0,0,0,0,0,0,0,0,0,0,0,6,0,0,0,0,0,0,0,0,0,0,0,0,27,7,0,0,0,0,15,0,0,0,0,0,0,0,0,0,0,0,0
"5fe737f8a3ab96d3fe62338f15c651ea",0,0,0,0,0,0,0,0,0,0,0,0,0,0,0,0,0,0,0,0,0,0,0,0,0,5,0,0,0,0,0,0,0,0,0,0,0,0,0,0,0,0,0,0,0,0,0,0,0,0
"7316405269992305b404c6faecfe4a5e",0,0,0,0,0,0,2,0,0,20,3,0,6,0,0,22,0,0,0,0,0,0,0,0,0,0,0,0,0,0,0,0,0,0,0,0,0,12,0,0,1,0,0,0,0,46,6,0,37,0
"2c8bff5c4ea018258f137529d51e47d2",0,0,0,0,0,0,0,0,0,1,0,0,0,0,0,0,0,0,0,0,0,0,0,0,0,0,0,0,0,0,0,0,0,0,0,0,0,0,0,0,4,0,0,0,0,0,0,0,17,7
"92caf8946d1599771dbe5c848bf4c377",0,0,0,0,0,0,0,0,0,0,0,0,0,0,0,0,0,0,0,0,0,0,0,0,0,0,0,0,0,0,0,0,0,0,0,0,0,0,0,0,0,0,0,0,0,0,10,0,0,0
"572f9ff2148da07e9dcd16640d2dd967",0,9,0,2,5,0,0,0,0,15,0,0,0,0,0,0,0,0,0,0,0,14,0,0,21,0,0,52,0,0,8,0,0,0,0,0,0,0,0,4,0,0,0,0,7,11,0,0,0,19
"19c253f9ecda0e216ae01b0f17ba38f2",0,0,0,0,0,0,0,0,0,0,0,0,0,0,0,0,0,0,0,0,0,0,0,0,22,0,0,0,0,0,0,0,0,0,0,0,0,0,0,0,0,0,0,0,0,0,0,0,0,0
"4beea0b6efe58e55dcbe5f25f6ddb2f4",0,0,0,0,0,0,0,0,0,0,1,0,0,0,0,0,0,0,0,0,0,0,0,0,0,0,0,0,0,0,0,0,0,0,0,0,0,0,0,0,0,0,0,0,0,0,4,3,0,0
"9f211f7a3fa72d3670f5fc06c23dc5d9",0,0,0,0,0,0,0,0,0,10,0,0,0,0,0,0,0,0,0,0,0,0,0,0,0,0,0,11,0,0,0,0,0,0,0,0,0,0,0,0,0,0,0,0,0,0,0,0,0,0
"cd97117cccd3e5d4ed808998479fb148",0,0,0,0,0,0,0,0,0,0,0,0,0,1,0,0,0,0,0,0,0,1,0,0,0,0,0,0,0,0,0,0,0,0,0,0,0,0,0,0,0,0,0,0,0,0,0,0,17,0
"afc1ac33417f750b528ccaa72b154807",0,0,0,0,0,0,0,0,0,0,0,0,0,0,0,0,0,0,0,0,0,0,0,0,0,0,0,0,0,0,0,0,26,0,0,0,0,0,0,3,0,0,0,0,0,0,0,0,0,74
"15439a7ef9a33d7b438bb6d855ce7126",0,0,0,0,0,0,0,0,0,0,0,0,0,0,0,0,0,0,0,0,0,0,0,0,0,0,0,0,0,0,0,0,1,0,0,0,0,0,0,0,0,0,0,0,129,0,0,6,0,0
"9a263dc28593e4cd3c325cb8cc56e0b4",0,0,0,0,0,0,0,0,0,0,0,0,0,0,0,0,0,0,0,0,0,0,0,0,0,4,0,0,0,0,0,0,0,0,0,0,7,0,0,0,0,0,0,0,0,0,0,0,0,0
"548f345ded336fe78897aa3adcd7ff35",0,0,0,0,0,0,0,0,0,0,0,0,0,0,0,0,0,0,0,0,0,0,0,0,0,0,0,13,0,2,0,0,0,0,0,0,0,0,0,4,0,0,0,0,0,0,0,0,0,0
"0686209459416d8da0dea99aed0f5cdf",0,0,0,0,1,0,0,0,0,0,0,0,0,0,0,0,0,0,0,0,0,0,0,0,0,0,0,0,0,0,0,0,0,0,0,0,0,0,0,0,3,0,0,0,0,0,0,0,0,0
"9bec7688654c7f5bd811d4420e345603",0,0,0,0,0,0,0,0,11,0,0,0,0,0,0,0,0,0,0,0,0,0,0,0,0,0,0,0,0,0,0,0,0,0,0,0,0,0,0,0,0,0,0,0,0,0,0,0,0,0
"91a940b336885c78725c95673517dc3f",0,2,61,0,0,0,0,0,0,0,0,0,0,0,0,0,0,0,0,0,0,0,4,0,0,13,0,0,0,0,0,0,0,0,0,56,0,0,0,0,0,0,0,0,0,0,0,0,0,0
"4f8809fe4a32e75b629a9f053dd03c15",0,0,19,0,0,0,0,0,37,0,0,0,0,0,0,0,0,0,0,0,0,0,0,19,0,0,0,0,0,0,0,0,0,0,33,0,0,0,0,0,0,0,0,0,0,27,0,0,0,0
"5b3224d318157a04c27e91a07371e9a7",0,0,0,0,0,0,0,0,0,0,0,0,5,0,0,0,0,0,0,0,0,0,0,0,0,0,0,0,0,0,0,0,0,0,0,0,0,0,0,0,0,0,0,0,0,0,0,0,0,0
"184280bdd7e47eaa262e45c56a2f6ad3",0,0,0,0,0,0,0,0,0,0,0,0,0,0,0,0,0,0,0,0,0,0,0,0,0,0,0,0,0,0,0,0,0,236,0,0,0,0,0,0,0,0,0,0,0,0,0,0,0,0
"f0ec824b04af8fd033939ff5a0281d76",0,0,403,0,0,0,7,0,0,0,4,0,0,0,0,59,0,0,0,0,168,0,0,156,0,0,0,0,0,0,0,0,0,0,0,104,170,0,0,0,6,0,0,0,53,0,0,0,0,0
"63609d3062342bf71f8d015bf3d069e2",0,0,0,0,0,0,0,0,0,0,0,0,0,0,0,0,0,0,0,0,0,0,0,0,0,0,0,0,0,0,0,0,0,32,0,0,0,0,0,0,0,0,0,0,0,0,0,0,0,0
"5d3ba9387c604fc4043d2e09932069c0",0,0,0,0,0,0,0,0,0,0,0,0,0,0,11,32,0,0,0,0,0,0,0,0,0,0,0,0,0,0,0,0,0,0,0,0,0,0,0,0,0,0,0,0,0,0,0,0,0,0
"67c37dc4bee9bbcd638b39305b93cd61",0,0,0,0,0,0,0,0,90,0,0,0,0,0,47,13,0,0,0,0,0,0,0,0,0,0,0,0,0,0,0,0,0,0,0,0,0,0,0,0,0,0,0,0,21,0,0,0,0,0
"23640c1fcd8f6616eaef71a6c351e7e8",0,0,0,0,0,0,0,0,0,0,0,0,0,0,0,0,0,0,0,0,0,0,0,0,0,0,0,0,8,0,0,0,0,0,0,0,0,0,0,0,0,0,0,0,0,0,11,0,0,0
"480d3e85f6c0efebb9d41020867f6577",0,0,0,0,0,0,0,0,0,0,0,0,0,0,48,0,0,0,0,0,0,0,0,0,0,0,0,0,0,0,0,0,0,0,0,0,0,0,0,0,0,0,0,0,7,0,0,0,0,0
"4735d6f86c77cd0f276ff4484b166192",0,0,0,0,0,0,0,0,0,0,0,5,8,0,0,0,0,0,0,0,0,0,0,0,2,0,0,0,0,0,0,0,0,32,0,0,0,0,0,0,0,0,0,0,0,0,0,0,0,0
"1a4788ad498edfc60cbef03a0fd6356b",0,0,0,0,0,0,0,1,0,0,2,35,9,0,0,0,0,0,0,0,0,0,0,0,0,4,0,0,0,0,0,0,0,0,0,0,0,0,0,0,2,0,0,0,0,0,0,0,0,4
"c0f39e111cd6ec7dccd116393dd5e7ac",0,0,0,0,0,0,0,0,0,13,10,0,0,0,0,0,0,0,0,0,0,0,0,0,0,19,0,0,0,0,0,3,4,0,0,0,0,0,0,0,2,0,0,0,0,0,0,0,0,0
"a0c482f79acb53497d0f8fe4518d5ef3",0,0,0,0,0,0,0,0,0,0,0,0,1,0,0,0,0,0,0,0,0,0,0,0,0,0,0,0,0,0,0,0,0,0,0,0,0,0,0,0,0,0,0,0,0,5,0,0,9,0
"8957034b284656006c7c5631dfc6b45c",0,0,0,0,0,0,0,0,0,0,0,0,0,0,5,0,0,0,0,0,0,0,0,0,0,0,0,0,0,0,0,0,0,0,0,0,0,0,0,0,0,0,0,0,0,0,0,0,0,0
"8fdfd49f0ad73348c97f61b2ec752a0b",0,0,0,0,0,0,0,0,0,0,6,16,45,0,0,0,0,8,1,0,0,2,0,0,19,10,22,0,18,0,0,0,15,26,0,0,0,0,0,0,13,0,0,0,0,0,2,29,0,0
"632b05c7179fa6791c07d03f89d23559",0,0,0,0,0,0,0,0,0,0,0,0,0,0,0,0,0,0,0,0,0,0,0,0,0,0,0,0,0,0,0,0,1,0,0,0,0,0,0,0,0,0,0,0,0,0,0,0,0,0
"6f6911e8291f2de97021bf3e158fc953",0,0,0,0,0,0,0,0,0,0,0,0,5,0,0,0,0,0,0,0,0,0,0,0,0,0,0,0,0,0,0,0,0,0,0,0,0,0,0,0,0,0,0,0,0,0,0,0,0,0
"3dd79baba972f234e60d553333235022",0,0,0,0,0,0,0,0,0,0,0,0,0,3,0,0,0,0,0,0,0,0,0,0,0,0,0,0,0,0,0,0,0,0,0,0,0,0,0,0,0,0,0,0,0,0,0,0,0,0
"f3b592ad35275413cc8d8ba23388a8c9",0,0,0,0,0,0,0,0,31,0,0,0,0,0,0,0,0,0,0,0,0,0,0,0,0,0,0,0,0,0,0,0,0,0,0,0,0,0,0,0,0,0,0,0,0,0,0,0,0,0
"8769314e714e3c78d1a7cb3601ca5cd7",0,0,0,0,0,0,0,0,0,0,0,0,0,0,0,0,0,0,0,0,0,0,0,0,0,0,0,0,0,0,0,0,0,0,0,57,0,0,0,0,0,0,0,0,0,0,0,0,0,0
"893990ed85cdfc6b5848ccb5351c6d4c",0,0,0,0,0,0,0,0,0,0,0,0,0,0,0,0,0,0,0,0,44,0,0,0,0,0,0,0,0,0,0,0,0,0,0,0,0,0,0,0,0,0,0,0,0,0,0,0,0,0
"4b1fe3a561b5a17d2177d6993785701e",0,0,0,0,0,0,0,0,80,0,0,0,0,0,0,0,0,0,0,0,0,0,0,0,0,0,0,0,0,0,0,0,0,16,0,0,0,0,0,0,0,0,0,0,24,0,0,0,0,0
"3da2a3d68d1dadfcb12d0d088fc0c1ec",0,0,0,0,0,0,0,0,0,6,0,0,0,0,0,0,0,0,0,0,0,0,0,0,0,0,0,0,0,0,0,0,0,0,0,0,0,0,0,0,0,0,0,0,0,0,0,0,0,0
"bd577e2a6ad1c867af07b945ffdb0f72",0,0,0,0,0,0,0,0,0,0,0,0,0,0,18,0,0,0,0,0,0,0,0,0,0,0,0,0,0,22,0,0,0,0,0,0,0,0,0,0,0,0,0,0,0,0,0,0,0,0
"a102418625db6df234cbc45105cdfeb5",0,0,69,0,0,0,0,2,112,0,0,0,0,0,0,71,0,0,0,0,86,0,0,39,0,0,0,0,0,0,47,0,0,34,223,263,0,0,0,0,0,82,0,4,15,0,0,0,0,0
"a2d0f22b2ca9670175d34edd2c3a37eb",0,0,0,0,0,0,0,0,0,0,0,0,0,0,0,0,0,0,0,0,0,0,0,0,0,15,0,0,0,0,0,0,0,0,0,0,0,0,0,0,0,0,0,0,0,0,0,0,0,0
"ad019f8adf7469a977ad6844037a87f7",0,0,0,0,0,0,0,0,0,0,0,0,0,0,0,0,0,0,0,0,0,0,0,0,0,0,0,0,0,0,0,0,0,22,0,0,0,0,0,0,0,0,0,0,0,0,0,0,0,0
"15ebb392e18bda51721499d99c8d138d",0,0,0,0,0,0,0,0,0,0,0,0,0,0,6,0,0,0,0,0,0,0,0,0,0,0,0,0,0,0,0,0,0,0,0,0,0,0,0,0,0,0,0,0,0,0,0,0,0,0
"bb5e59a34d21b4c4d48131bc48c9c048",0,1,0,0,0,0,0,0,0,0,0,0,0,0,0,0,0,0,0,0,0,0,9,0,0,0,0,0,0,0,0,0,0,0,0,0,0,1,0,1,0,0,0,2,0,0,0,0,0,9
"fb228394d65b6d5141ec3da991a9eb37",0,0,0,6,0,0,0,0,0,0,0,0,0,0,0,0,0,7,0,0,0,0,0,0,0,2,1,0,0,0,0,0,0,0,0,0,0,1,0,0,0,0,0,0,0,0,2,0,0,0
"5ab3ac21a6ac7e5becb7f5e104ad145c",0,0,0,0,0,22,0,0,0,0,0,0,0,0,0,0,0,0,0,0,0,0,0,0,0,0,0,0,0,0,0,0,0,0,0,0,0,0,0,0,0,0,0,0,0,0,0,0,0,1
"04d23fef8b50dd72f99dce095be08df1",0,0,0,1,0,7,0,0,0,2,9,7,6,14,0,37,0,2,3,0,0,4,0,0,0,0,0,2,0,0,0,0,9,0,0,0,80,3,8,0,2,0,0,0,8,13,2,0,20,3
"aad5329e8b660824fe7c743b880153a4",0,0,0,0,0,0,0,0,0,0,11,0,0,0,0,0,0,0,0,0,0,0,24,0,0,0,0,0,0,0,0,0,0,0,0,0,0,0,0,0,0,0,0,0,0,0,0,0,0,0
"ad6b3a0e88e5c091e89c92e9de103297",0,13,0,7,13,57,1,0,0,31,25,0,50,3,0,38,0,0,22,0,0,27,0,0,0,11,14,89,0,14,0,34,0,0,0,0,0,17,0,3,9,0,0,38,35,2,26,5,0,32
"4bec2bf93e4a75b622d9273c2cf3b401",0,0,0,0,0,0,0,0,0,4,0,0,0,0,0,0,0,0,0,0,0,0,0,0,0,0,0,0,0,0,0,0,0,0,0,0,0,0,0,0,0,0,0,0,0,0,0,0,0,0
"a8bff53dc2e397ef5805c2b449d86a5f",0,0,0,0,0,0,0,0,0,0,0,0,0,0,0,0,0,0,1,0,0,0,0,0,0,0,0,0,0,0,0,0,0,0,0,0,0,0,0,0,0,0,0,0,0,0,0,0,0,0
"14172717f3e51081dc4c06921134616c",0,0,0,0,0,0,0,0,0,0,0,0,0,12,0,0,1,0,0,0,0,0,0,0,0,0,1,0,0,0,0,0,20,0,0,0,0,3,0,0,0,0,0,0,0,0,0,0,0,0
"dab94da5d505967fc2eb36281ec873af",0,0,0,0,0,0,0,0,0,0,0,0,1,0,0,0,0,0,0,0,0,0,0,0,0,0,0,0,0,0,0,0,0,0,0,0,0,0,0,3,0,0,0,0,0,0,0,0,0,0
"4b5ed219fb1c7faa878216b6a3e3c2f7",0,0,0,0,0,0,0,0,0,0,0,0,0,0,0,0,0,0,0,0,0,3,0,0,0,0,0,0,1,0,0,0,0,0,0,0,0,0,0,0,0,0,0,0,0,0,0,0,0,0
"1d9fccaa9ec3a145656d543e16e2df68",0,0,0,4,0,0,0,0,0,0,0,0,0,0,0,0,0,0,0,0,0,0,0,0,0,0,0,0,0,0,0,0,0,0,0,0,0,0,0,2,0,0,0,0,0,0,0,0,0,0
"490bb67cc161f5318455aecd925dac5e",0,1,0,28,0,0,0,0,0,0,0,0,0,0,0,0,0,0,0,0,0,0,0,0,0,0,0,0,2,0,0,0,0,0,0,0,0,1,0,2,2,0,0,4,0,0,0,0,0,0
"8f03312fee49b2e736d0a5625b0b99a4",0,0,0,0,0,0,759,26,0,0,0,0,6,0,0,0,1,0,0,1,0,0,0,0,4,0,0,0,0,0,0,0,0,0,60,0,0,0,0,0,0,680,0,16,0,0,0,0,0,0
"33b40ce21bff0b74de1ee7f3d4fe11cf",0,0,0,0,0,0,0,0,0,2,1,0,0,0,0,0,0,0,0,0,0,0,0,0,0,0,0,0,0,0,0,0,0,0,0,0,0,0,0,0,2,0,0,0,0,0,0,0,0,2
"a5bf7c5b0e18a3acd10f529e5fb0824f",0,0,0,0,0,0,0,0,0,0,0,0,4,0,0,0,0,0,0,0,0,0,0,0,0,0,0,0,0,0,0,0,0,0,0,0,0,0,0,0,0,0,0,0,0,0,0,0,0,0
"c325c827e8b205c7e51ace8267a415a2",0,0,0,0,0,0,0,0,0,0,6,0,19,0,28,0,0,0,1,0,0,0,0,0,0,0,0,2,0,0,0,0,14,0,0,0,0,0,0,0,2,0,0,0,11,5,1,0,0,0
"23559f616e47eca810f4f5dfae1d7b1d",0,0,0,0,0,0,0,0,0,0,1,11,3,2,0,0,18,0,0,0,0,0,0,0,0,0,0,2,1,0,0,0,3,37,0,0,0,0,0,2,5,0,0,5,0,0,3,0,0,3
"84a6d5569de05451e810624d1a25b7d7",0,0,0,0,0,0,0,0,0,0,0,0,0,0,0,0,9,0,2,0,0,1,0,0,0,0,0,0,0,0,0,2,2,0,0,0,0,6,0,0,0,0,0,1,0,1,0,0,0,0
"2d2901eb14d6727e509ebe580409e094",0,16,0,49,19,9,0,0,0,0,0,0,0,0,0,0,0,0,0,0,0,0,0,0,0,6,0,0,0,0,0,0,0,0,0,0,0,0,0,0,0,0,0,0,0,0,0,0,0,0
"76e26cd6079fb5cc22627281654e389a",0,0,0,0,0,0,0,0,0,0,0,0,0,0,0,0,0,0,0,0,0,0,0,0,0,0,0,0,19,0,0,0,0,0,0,0,0,0,0,0,1,0,0,0,0,0,0,0,0,0
"761e3885a3b356698f376e6b33553bf3",0,0,0,0,0,0,0,0,0,0,0,0,0,0,0,0,0,0,0,0,0,6,14,0,7,0,0,0,0,0,0,0,0,0,0,0,0,1,0,0,0,0,0,0,0,0,0,0,0,0
"ecfd854de13cb5d207dbfde20ac81342",0,0,0,0,5,0,0,0,0,0,0,2,0,1,0,0,0,0,0,0,0,0,0,0,0,0,0,0,0,0,0,0,1,0,0,0,0,0,0,3,0,0,0,0,0,0,0,0,0,0
"e43ff658c323868725f92c27cdbc8480",0,0,0,0,0,0,4,0,0,0,0,2,0,0,0,0,0,0,0,0,0,0,0,0,0,0,0,0,0,0,0,0,0,0,0,0,0,0,0,0,0,0,0,0,0,0,0,0,0,0
"822a9bbd1282107cca08024d4b6f9ce5",0,4,0,16,0,21,0,0,0,17,21,2,12,11,0,0,2,3,15,0,0,4,0,0,4,18,7,5,14,0,11,0,17,0,0,0,0,2,48,7,23,0,0,4,0,15,3,1,2,2
"88b74a2d6584446faca048098f12d546",0,0,0,0,0,0,0,0,0,0,0,0,3,0,1,0,0,4,0,0,0,0,0,0,0,0,0,0,0,0,0,0,0,0,0,0,0,0,0,0,0,0,0,0,0,0,0,0,0,0
"14ae60272814de14d31f56fd9100cdf4",0,0,0,0,0,0,0,0,0,0,2,0,0,0,0,0,0,0,0,0,0,0,0,0,0,0,0,0,0,0,0,0,0,0,0,0,0,0,0,0,0,0,0,0,0,0,0,0,0,0
"dc86296ad78788d4c08cc67e74b26ab5",0,0,0,0,0,0,0,0,0,0,0,0,0,0,0,0,0,2,0,0,0,0,0,0,0,0,0,0,0,0,0,0,0,0,0,0,0,0,0,0,0,0,0,0,0,0,1,0,0,0
"1cb9e208a4ddc1874e6312ab88f5d4cf",0,0,0,0,0,0,0,0,0,0,0,16,0,0,0,0,0,0,0,0,0,0,0,0,0,0,0,0,0,0,0,0,0,0,0,0,0,0,0,0,0,0,0,0,0,0,0,0,0,0
"fac9e172576ae7e112d706000dea7fc5",21,30,0,55,58,46,0,29,0,21,86,41,35,41,0,49,63,49,66,9,0,69,14,0,48,7,105,196,4,21,61,86,22,0,0,0,0,66,39,44,48,0,0,75,0,72,58,43,124,15
"e202882986f68e110bcf78dadbd2eafc",0,1,0,5,0,0,0,0,0,0,4,5,0,6,0,0,0,1,0,0,0,0,7,0,0,0,0,6,0,0,0,0,4,33,0,0,0,6,4,1,8,0,0,7,0,0,0,0,0,0
"342b9fea7d5b223256619ad90bcc47cf",0,0,0,1,0,0,0,1,0,0,0,1,0,1,0,0,0,9,0,0,0,4,0,0,0,0,5,0,0,0,0,0,0,0,0,0,0,0,0,0,5,0,0,0,0,0,0,2,13,0
"4c39bf1253c2f1cce12b35f5760d662e",0,2,219,12,2,11,0,0,0,15,9,16,0,6,0,0,1,8,3,0,0,14,0,0,2,21,34,22,6,0,11,18,16,0,0,0,0,7,4,23,40,0,0,44,0,10,27,3,22,46
"1e3ab59ab9ef2d3bec7bfe4dd19d94cf",0,0,0,0,0,0,0,0,0,0,0,9,0,0,0,0,0,0,3,0,0,2,0,0,0,0,0,0,0,0,0,0,0,0,0,0,0,0,0,0,4,0,0,0,0,0,0,0,0,0
"bec1a52103db48c67d0f43c852c37f70",0,0,0,0,0,4,0,0,0,5,8,3,0,0,0,0,9,0,19,0,0,0,0,0,0,0,0,1,0,0,0,0,45,0,0,0,0,0,0,0,0,0,0,7,0,0,0,0,0,0
"471e48135231013138396b78b7c96481",0,0,0,0,0,0,0,0,0,0,0,0,0,0,0,0,6,0,0,0,0,0,0,0,0,0,0,0,0,0,0,0,0,0,0,0,0,0,0,0,0,0,0,0,0,0,0,0,0,0
"5ed23eed88eff03654585d0c1a3352e5",0,0,0,0,0,0,0,0,0,0,0,0,0,0,0,0,0,0,0,0,0,0,0,0,0,2,0,0,0,0,0,0,0,0,0,0,0,0,0,0,0,0,0,0,0,0,0,0,1,0
"dd161d9a3a78a715fc2291ea0caedfff",0,0,0,0,0,0,0,0,5,0,0,0,0,0,0,0,0,0,0,0,0,0,24,0,0,0,0,0,0,0,0,0,40,0,0,0,12,0,0,0,0,0,0,0,0,0,0,0,0,0
"c8a69eb7166ed100e0617f6f71fc19d9",0,0,0,1,0,0,0,0,0,0,0,0,0,0,0,0,0,0,2,0,0,3,0,0,0,0,0,0,0,0,0,0,0,0,0,0,0,0,0,0,8,0,0,6,0,0,0,0,0,0
"546fbefec89be0f3e08588e73e663a7e",0,1,0,0,0,34,0,0,0,0,2,0,0,0,0,0,0,0,0,0,0,3,0,0,1,1,0,10,0,0,0,0,0,0,0,0,0,9,0,4,3,0,0,3,0,0,0,2,0,4
"2c95378653648ce017222e6641c8e2d1",0,0,0,0,0,0,0,0,0,1,0,0,0,0,0,0,0,0,0,0,35,0,0,72,0,0,0,0,0,0,0,0,0,35,0,0,0,0,0,0,0,0,0,0,0,0,0,0,0,0
"dcb32a91949e0f9233097f645b176e83",0,0,0,0,0,0,0,0,0,0,3,0,0,0,0,0,0,0,0,0,0,0,0,0,0,0,17,0,0,0,0,0,3,0,0,0,0,0,0,0,0,0,0,0,0,0,0,0,0,0
"63c1c2e10e0431526256ecb8a016f735",0,0,0,0,0,0,0,0,0,0,7,0,0,0,0,0,0,0,0,0,0,0,0,0,0,0,0,0,1,0,0,0,3,0,0,0,0,0,0,0,1,0,0,8,0,0,0,0,0,0
"9601dc4e22f4008a0d7e0d30cb488efb",0,0,0,3,0,0,0,0,0,16,8,0,1,7,0,0,0,5,2,0,0,6,0,0,0,0,6,0,0,0,0,9,0,0,0,0,0,5,0,6,12,0,0,8,0,0,0,0,13,0
"cb2f457e80439db69511b89a191415d0",0,0,0,0,0,0,0,0,0,13,0,0,0,0,0,0,12,0,0,0,0,0,0,0,0,0,0,0,0,0,0,3,0,0,0,0,0,0,0,0,0,0,0,0,0,0,0,0,0,0
"b8228504df9d9871cf58ed11c4e06300",0,0,0,3,0,0,0,24,0,0,0,0,0,0,0,0,18,0,1,0,0,1,0,0,0,0,6,0,0,0,0,7,0,0,0,0,0,0,0,0,0,0,0,0,5,0,0,0,0,0
"9942063d6636fa3e4077f5f5a93cdbc1",0,0,0,0,0,0,0,0,0,0,0,0,0,0,0,0,0,0,0,0,0,0,0,0,0,0,0,0,0,0,0,6,0,0,0,0,0,0,0,0,0,0,0,0,0,0,0,0,0,0
"69677d866ac72b3f9aabbdaffbe01766",0,0,0,0,0,0,0,0,0,0,0,0,0,0,0,0,0,0,0,3,0,0,0,0,0,0,0,0,0,0,0,0,0,0,0,0,0,0,0,0,0,0,0,0,0,0,0,0,0,0
"0942aa6de389ba109006ce36c1922fe9",0,0,0,0,0,0,0,0,0,0,0,10,0,0,0,0,0,0,0,0,0,0,0,0,0,0,0,0,0,0,0,0,0,0,0,0,0,0,0,0,0,0,0,1,0,0,0,0,0,0
"f2d267c26f92212a516301190610fda4",0,0,0,0,0,0,0,0,0,0,2,1,0,0,0,0,0,5,0,0,0,0,0,0,2,0,0,0,0,0,0,0,0,0,0,0,0,0,0,0,0,0,0,0,0,0,0,0,0,9
"77b42fc0ad0b8ec0add74d3bcd7a694a",0,0,0,0,0,0,0,3,0,0,0,0,9,0,10,0,0,0,0,0,0,0,0,0,0,0,0,0,0,0,0,0,0,0,0,0,0,0,0,0,0,0,0,0,0,0,0,0,0,0
"964e4e9caaea46408ea43e282ac11821",0,0,0,0,0,0,0,0,0,0,0,0,0,0,0,0,26,0,0,0,0,0,0,0,0,0,0,0,0,0,0,0,0,0,0,0,0,0,0,0,0,0,0,0,0,0,0,0,0,0
"0682cedd7e6f48b54899f63af52b4295",0,0,0,0,0,0,0,0,0,0,0,0,0,0,0,0,0,0,0,0,0,0,0,0,0,0,0,0,0,0,0,0,0,0,0,0,0,0,3,0,0,0,0,0,0,0,0,0,0,0
"2bf2a019b958b2d246e114cffdc16195",0,0,0,1,0,4,0,0,0,0,0,0,0,0,0,0,0,0,0,0,0,0,0,0,0,0,0,0,0,0,0,0,0,0,0,0,0,1,0,0,0,0,0,0,4,0,0,0,0,0
"eaac2301cc3c81de56ce46a33d2a89da",0,0,0,0,0,0,0,0,0,0,2,0,0,0,0,21,0,0,0,0,0,0,0,0,0,0,2,0,0,0,0,0,0,0,0,0,0,0,0,0,0,0,0,0,15,0,0,0,0,0
"7dd33613c298435c0038fa69eaf6a7d8",0,0,0,9,3,0,0,0,0,4,21,23,24,18,6,0,0,56,0,48,0,2,0,0,3,0,8,8,0,0,15,23,35,16,0,0,0,0,143,10,6,0,0,6,0,10,5,8,0,26
"9f726ddfaf1942cf274d965df8377185",0,0,0,0,0,5,0,0,0,0,5,0,1,32,0,0,0,0,0,14,0,1,0,0,0,0,1,0,0,0,0,0,0,0,0,0,0,0,0,4,1,0,0,0,0,4,0,0,0,0
"0c3ee5a22edee5a1a333254db74b8af3",0,0,0,26,70,24,0,9,0,33,27,50,27,12,46,0,92,17,41,0,0,38,3,0,16,28,11,47,4,0,0,26,40,0,0,0,0,97,51,61,51,0,54,18,17,0,22,15,0,2
"985cafca4a25dda7b40371af1a4a1bc4",0,0,0,0,0,0,0,0,7,0,0,0,0,0,0,0,0,0,0,0,0,0,0,0,0,7,0,0,0,0,0,0,0,0,0,0,18,0,0,0,0,0,0,0,0,3,0,0,9,0
"c4caedace3731c119fdaacd05c820727",0,0,3,0,0,0,0,0,0,0,0,0,0,0,0,0,0,0,0,0,0,0,0,0,0,0,0,0,0,0,0,0,0,0,0,0,0,0,0,0,0,0,0,0,0,4,0,0,0,0
"5bd4a73c36ec4726fe551d91566a4ff7",0,0,0,0,0,0,0,0,0,0,0,0,0,0,0,0,0,0,0,0,0,0,0,0,0,0,0,4,0,0,0,0,0,0,0,0,0,0,0,0,0,0,0,0,0,0,0,0,0,0
"fc8d6a44905956c16bc93ac5ab404d00",0,0,0,0,0,0,0,0,0,0,0,0,0,0,0,3,0,0,0,0,0,0,0,0,0,0,0,0,0,0,0,0,0,0,0,0,0,0,0,0,0,0,0,0,21,0,0,0,0,0
"0f7bd67fea18c3fa4399a0713841ce03",0,0,0,0,0,0,0,0,0,0,0,0,3,0,17,0,0,0,0,0,0,0,0,0,0,0,0,0,0,0,0,3,0,0,0,0,0,0,0,0,3,0,0,13,40,0,0,0,0,3
"2e6272f0d8a4dffc4530946323f256b8",0,0,0,0,0,0,0,0,0,0,0,0,0,0,0,0,0,0,0,0,0,0,0,0,0,6,0,0,0,0,0,0,0,0,0,0,12,0,0,0,0,0,0,0,0,0,0,0,4,0
"9a661b0e13c5d3c7957d299e6f4b7d73",0,0,0,0,0,0,0,0,0,0,4,0,0,0,0,0,0,0,0,0,0,0,0,0,0,0,0,0,0,0,0,0,0,0,0,0,0,0,0,0,0,0,0,0,0,0,0,0,0,0
"0255203339abcb8f73864d776021a7de",0,2,0,23,3,0,0,1,0,1,23,0,0,5,0,0,0,0,0,0,0,2,0,0,0,2,5,0,0,0,0,3,0,0,0,0,0,23,6,2,0,0,0,2,0,0,0,7,24,0
"4cddac86fe3ce2aa85e7f959e871c8b7",0,0,0,4,0,0,0,0,0,0,0,0,0,0,0,0,0,2,0,0,0,3,0,0,0,0,0,0,0,0,0,3,0,0,0,0,0,0,0,3,1,0,0,0,0,0,1,0,0,0
"211267d15574da2570f1d2f38d862a3f",0,0,0,0,0,0,0,0,0,0,0,0,0,0,0,0,0,0,0,0,0,4,0,0,0,0,0,0,0,0,0,0,0,0,0,0,0,0,0,1,1,0,0,0,0,0,0,0,0,0
"10e78a2e9cc23e5133e94f50600a624c",0,0,0,0,0,0,0,0,0,0,1,0,12,0,0,0,0,4,4,0,0,2,0,0,4,3,0,0,0,0,0,0,0,0,0,0,0,1,7,0,7,0,0,7,0,0,4,0,0,0
"ccf45d111d1a2994d5867646098a4650",0,0,0,0,0,0,0,0,0,0,0,0,0,0,0,0,0,0,0,0,0,0,0,0,0,0,0,0,0,0,0,0,4,0,0,0,0,0,0,0,0,0,0,0,0,0,0,0,0,0
"dae7f746f62db0128ffd41a7793465c9",0,0,0,0,0,0,0,0,0,0,0,0,0,0,0,0,0,0,0,0,0,0,0,0,0,11,0,0,0,0,0,0,0,0,0,0,0,0,0,0,0,0,0,0,0,0,0,0,0,0
"eb587daee2c03d8562dd370f5e7b42d7",0,0,0,0,0,0,0,0,0,0,0,3,0,0,0,0,0,0,0,0,0,0,0,0,0,0,0,0,0,0,0,0,0,0,0,0,0,0,0,0,0,0,0,0,0,0,0,0,0,0
"45a20aafb1c4c57117bcd4289b51411e",0,0,0,26,0,0,0,0,0,14,3,9,0,0,0,0,0,4,28,0,0,15,0,0,0,31,0,3,0,0,0,4,0,0,0,0,0,0,11,7,0,0,0,0,0,0,0,0,9,0
"6c71db501a73fdef71c246c343b7af58",0,0,0,0,0,0,0,0,0,0,0,21,0,0,0,0,13,0,5,0,0,0,0,0,0,0,0,0,0,0,0,0,42,0,0,0,0,0,0,0,0,0,0,18,0,0,0,0,0,0
"b55738a2415c1b15ebb9814dbf7934d2",0,0,0,48,0,0,0,0,0,0,0,8,0,0,0,0,14,0,8,0,0,0,12,0,0,12,0,0,0,0,0,0,0,0,0,0,0,0,0,0,0,0,0,0,0,0,0,0,0,0
"2c27770e8e3ce432730206740428ef0d",0,0,0,0,0,0,0,0,0,0,0,0,0,0,0,0,0,0,0,0,0,0,0,0,0,0,0,0,0,0,0,0,3,0,0,0,0,0,0,0,0,0,0,0,0,0,0,0,0,0
"96ed8343df4ee8443a26eddbae3de566",0,0,0,1,3,0,0,0,0,0,0,0,6,0,0,11,0,0,0,0,0,5,0,0,0,6,6,0,0,0,0,0,5,0,0,0,0,1,0,1,10,0,0,3,0,0,3,0,34,0
"1eaf3ff93996ae16dfd5181827067ae0",0,0,0,0,0,0,0,0,0,0,0,1,0,0,0,0,0,0,0,0,0,0,0,0,0,0,0,0,0,0,0,0,0,0,0,0,0,0,0,0,0,0,0,0,0,0,0,0,0,0
"3199ee7a60628d827fe4715a4496fb12",0,0,0,0,0,0,3,0,0,0,0,0,0,0,0,0,0,0,0,0,0,0,0,0,0,0,0,0,0,0,0,0,0,0,0,0,0,0,0,0,0,0,0,0,0,0,0,0,0,0
"99c1d685b91a540a049cb0a40c2e3c17",0,0,0,0,0,0,0,0,0,0,2,0,0,0,0,0,0,0,0,0,0,0,0,0,0,0,0,0,53,0,0,0,0,0,0,0,0,1,0,0,0,0,0,0,0,0,0,0,0,0
"0cd56297c93d03b633bbc307d9b6c94f",0,0,0,0,0,0,0,0,0,0,1,0,0,0,0,0,0,0,0,0,0,0,0,0,0,0,0,0,0,0,0,0,0,0,0,0,0,0,0,0,0,0,0,0,0,0,0,0,0,0
"8d05b0b5bd81979ff9d7ddee1c2e4e81",0,0,0,0,0,0,0,0,0,0,6,0,0,6,0,0,0,0,0,0,0,6,0,0,9,0,6,0,0,0,0,0,0,0,0,0,0,0,0,0,3,0,0,0,0,0,0,0,0,0
"4f25fb5f4641be9838525296bcdef343",0,0,0,0,0,0,0,0,0,0,1,0,0,0,0,0,0,0,6,0,0,0,0,0,0,0,0,0,0,0,0,0,0,0,0,0,0,0,0,0,3,0,0,0,0,0,0,0,0,0
"cb7fd8cb48529d2fd504d60c2f6b1fd9",0,0,0,0,0,0,0,0,0,0,0,0,2,0,0,0,0,0,0,0,0,0,0,0,0,0,0,0,0,0,0,0,0,0,0,0,0,0,0,0,0,0,0,0,0,0,0,0,0,0
"0b774e968a74898ee3821610c1de3582",0,0,0,0,0,0,0,0,0,0,0,0,0,0,0,0,0,0,0,0,0,0,0,0,0,9,0,8,0,0,0,0,0,0,0,0,0,0,0,0,0,0,0,0,0,5,0,10,0,0
"d9bbcb98658307c434b227b6cc63fd72",0,0,0,0,0,0,0,0,0,0,0,0,0,0,0,0,0,0,0,0,0,0,0,0,0,11,0,0,0,0,0,0,13,0,0,0,0,0,0,0,4,0,0,0,0,0,0,0,0,0
"0ea2b67c8ed6e4697bf288f085f8ea3d",0,0,0,0,0,0,0,0,0,0,0,0,0,0,0,0,0,0,0,0,0,0,0,0,0,0,0,0,0,0,0,0,0,0,0,0,0,0,0,0,0,0,0,1,0,0,0,0,0,0
"4348795a75226b031158bc9a601c8ddd",0,0,0,4,0,0,0,0,0,0,0,0,0,0,0,0,0,3,0,0,0,0,0,0,0,0,7,0,1,0,0,1,0,0,0,0,0,0,0,0,0,0,0,0,0,0,0,0,0,0
"36871bf6639fb023ce8b0628f0e1f86f",0,0,0,0,0,0,0,0,0,48,2,0,14,0,0,0,0,4,0,0,0,0,0,0,12,0,6,4,0,0,0,0,9,0,0,0,0,0,0,0,6,0,0,0,24,26,0,13,0,24
"1f8405bea30eaf6415a09226e38a9836",0,0,0,0,0,0,0,0,35,0,0,0,0,0,0,0,0,0,0,0,0,0,0,0,0,0,0,0,0,0,0,0,0,0,0,0,0,0,0,0,0,0,0,0,0,0,0,0,0,0
"12449d65ecc9bc09c87bf9296647e975",0,0,0,2,0,0,0,0,0,0,0,0,0,0,0,0,0,0,0,0,0,0,0,0,0,0,2,0,0,0,0,0,0,0,0,0,0,1,2,1,6,0,0,0,0,0,1,0,0,0
"5be7d20fd7ce92908c08fd5954288e72",0,0,0,0,0,0,0,0,0,0,0,0,0,0,0,0,2,0,0,0,0,0,0,0,0,0,0,0,0,0,0,0,0,0,0,0,0,0,0,0,0,0,0,0,0,0,0,0,0,0
"2fbe18fd967f718eb1a09b9c3158a412",0,0,0,0,0,1,0,0,0,0,0,0,0,0,0,0,0,0,0,0,22,0,0,0,0,0,0,0,0,0,0,0,0,0,0,0,0,0,0,0,0,0,0,0,0,0,0,0,0,1
"26381e36737c30582b912a1f1ff96947",0,0,0,0,0,0,0,0,0,0,0,0,0,0,0,0,0,0,0,0,0,0,0,0,2,0,0,0,0,0,0,0,0,0,0,0,0,0,0,0,0,0,0,0,0,0,0,0,0,0
"7e37d527bc3d49991ada3a2c518bb218",0,0,0,0,0,0,0,0,0,0,0,0,0,1,0,0,0,0,0,0,0,0,0,0,0,0,0,0,0,0,0,0,0,0,0,0,0,0,0,0,0,0,0,0,0,0,0,0,0,0
"96501f137c9decf9bb33643d818ad854",0,0,0,0,0,0,0,0,0,0,0,0,0,0,0,0,9,0,0,0,0,0,0,0,0,0,0,0,0,0,0,0,0,0,0,0,0,0,0,0,0,0,0,0,0,0,0,1,0,0
"8b2c961792ce4a5c40d447c657c06101",0,0,0,0,0,0,0,0,0,0,0,0,0,0,0,0,0,0,0,0,0,0,0,0,2,0,0,0,0,0,0,0,0,0,0,0,0,0,0,0,0,0,0,0,0,0,0,0,0,0
"41da7ad7c31dd35365ec3c48a44f1bf4",0,2,0,0,22,0,0,0,0,1,6,1,0,5,0,0,0,0,0,2,0,3,0,0,5,1,5,10,6,0,0,0,0,0,0,0,0,4,0,1,0,0,0,0,0,0,5,2,0,0
"f5f139310bd7e4cc3afd33a6e21076c2",0,0,0,0,0,0,0,0,0,0,0,0,0,0,0,0,0,0,0,0,0,1,0,0,0,0,0,0,0,0,0,0,3,0,0,0,0,2,0,0,3,0,0,0,0,0,0,0,0,0
"a6aa8aa32e65edc71826811a28a43707",0,0,0,0,0,1,0,0,0,0,0,1,0,0,0,0,0,0,0,0,0,0,0,0,4,0,0,0,0,0,0,0,0,0,0,0,0,0,0,0,0,0,0,0,0,0,0,0,0,0
"5772c284ab9d3f16afa73c415adbc751",0,0,0,0,0,2,0,0,0,0,4,0,0,0,0,0,0,0,0,0,0,4,0,0,7,0,7,0,0,0,0,2,0,28,0,0,0,0,0,0,0,0,0,0,0,0,0,0,0,1
"106794ed82d88e6ff4a64ab76ed24c9e",0,0,0,9,0,4,0,0,0,0,0,0,0,0,0,0,0,0,0,0,0,0,0,0,78,0,0,0,0,0,0,0,0,0,0,0,0,0,0,0,0,0,0,0,0,0,0,0,0,1
"12c34b1534f4e3a9e65f528e964cf303",0,0,0,0,0,0,0,0,0,0,0,0,0,2,0,0,0,0,0,0,0,0,0,0,0,0,0,0,0,0,0,5,0,0,0,0,0,0,0,0,4,0,0,6,0,0,0,0,0,0
"29d775c0c78c0c73c62221d931001cad",930,656,0,63,16,374,35,785,0,0,0,0,0,38,0,41,34,17,37,340,0,141,284,58,243,0,13,5,27,875,482,338,0,41,0,0,0,32,52,117,17,0,0,185,22,0,33,0,0,62
"f25aeddfc63f9993ef80bb015aae2a91",0,0,0,0,0,0,0,0,0,11,3,0,4,0,0,0,0,9,0,0,0,0,0,0,0,6,0,0,0,0,18,0,6,0,0,0,0,0,0,12,0,0,0,3,0,0,0,7,0,0
"f68f219819be359df6b57da69ac719ae",0,0,0,0,0,0,0,0,0,0,0,0,0,0,0,0,0,0,0,0,0,13,0,0,0,0,0,0,0,0,0,0,0,0,0,0,0,0,0,0,0,0,0,0,0,0,0,0,0,0
"6d7bef44bc818abd77a4ab584762b79d",0,0,0,0,0,0,0,0,0,0,0,17,0,0,0,0,15,0,0,0,0,0,0,0,0,0,0,0,0,0,0,0,0,0,0,0,0,0,0,0,0,0,0,0,0,0,0,0,0,0
"28a1eadb298bc8cdcaa9f8743212dba7",0,0,0,0,0,0,0,0,0,0,11,0,6,0,0,0,0,0,0,0,0,0,0,0,0,0,0,0,0,0,0,7,0,0,0,0,0,4,50,0,13,0,0,0,0,0,0,0,0,0
"52c69c6973c4f3df8a6bbc2411647939",0,0,0,0,0,0,0,0,0,0,8,0,0,0,0,0,0,0,0,0,0,0,0,0,0,0,0,0,0,0,0,0,0,0,0,0,0,0,0,0,0,0,0,0,0,0,0,0,0,0
"729ddd34d29bba5ac10e06a5e2e14bbd",0,0,0,0,0,0,0,0,0,0,0,3,0,0,0,0,0,0,0,0,0,0,0,0,0,0,0,0,0,0,0,0,0,0,0,0,0,0,0,0,0,0,0,0,0,0,0,0,0,0
"b419d6cc09e6fd1afd658b85ef149776",0,0,0,0,0,0,0,0,0,8,0,0,0,0,0,0,0,0,0,0,0,0,0,0,0,0,0,0,0,0,0,0,0,0,0,0,0,0,0,6,0,0,0,0,0,0,0,0,0,0
"4780cb1500a0f01ba0201cbc72d4ce38",0,0,0,0,0,0,20,5,0,0,6,0,9,0,0,0,0,0,0,0,0,5,0,0,0,2,8,14,0,0,0,0,4,0,0,0,0,0,3,0,5,0,0,6,0,3,0,0,0,0
"45913c603eab18a25a64f31b17f129cd",0,0,0,0,0,0,0,0,0,0,0,0,0,0,0,0,0,0,0,0,0,0,0,0,0,0,0,0,0,0,0,0,0,0,0,0,0,0,0,0,8,0,0,0,0,24,0,0,0,0
"bbc16770c881b363745bc44da638041a",0,0,0,0,0,0,0,0,0,0,0,0,6,0,0,0,0,0,0,0,44,0,0,0,0,0,2,0,0,0,0,0,0,0,0,0,0,0,0,0,8,0,0,0,0,19,0,0,0,0
"559fb63a0c1930a5b03c60b885a91dad",0,0,0,0,0,0,0,0,0,0,0,0,0,0,0,0,0,0,0,0,0,1,0,0,0,0,0,0,0,0,0,0,0,0,0,0,0,0,0,0,0,0,0,0,0,0,0,0,0,0
"50e5ccaf882946f2c0fe3d2b149e5c63",0,11,0,0,0,2,0,0,0,0,0,0,4,9,0,0,0,18,0,0,48,4,0,0,0,0,0,9,0,0,0,0,0,0,0,0,0,0,0,0,9,0,0,0,0,0,0,0,0,0
"9565490e8ff4d1b84e11bfe6fce12cab",0,0,0,0,0,0,0,0,0,0,0,19,0,0,0,0,0,0,0,0,0,0,0,0,0,0,0,0,0,0,0,0,0,0,0,0,0,0,0,0,0,0,0,0,0,0,0,0,0,0
"116b1cac992c327b3c2641b56b6ceddf",0,0,0,0,0,0,0,0,0,0,0,0,0,0,0,0,0,0,0,0,0,0,0,0,0,0,0,0,0,0,0,0,0,0,0,0,0,0,0,0,0,0,0,4,0,7,0,0,0,0
"e7cd22a6ee8cf44f7bac2d3666dcee7f",0,0,0,0,0,0,0,0,0,4,10,0,0,0,0,0,0,0,0,0,0,0,0,0,0,0,0,0,0,0,0,0,0,0,0,0,0,0,0,0,0,0,0,0,0,70,0,0,0,1
"257f92866dfaf6a7fab49520741a94c7",0,0,0,16,0,12,0,0,0,10,20,54,5,0,0,0,11,0,6,0,0,14,0,0,0,0,10,0,0,11,35,3,2,0,0,0,0,5,0,0,38,0,0,14,4,0,4,92,44,12
"bd4548a1e5ddadcd00e9d6018a38ff2a",0,0,0,0,0,0,0,0,0,0,0,0,0,0,0,0,0,0,0,0,0,0,13,0,0,0,0,0,0,0,0,0,0,0,0,0,0,0,0,0,0,0,0,0,0,0,0,0,0,0
"5524f20c8ccf4183d9c38a63e6b0e356",0,0,0,0,0,0,0,0,0,0,0,0,0,0,0,0,0,0,0,0,0,0,0,0,0,0,0,0,0,0,0,0,0,0,0,0,0,0,0,0,0,0,0,0,0,0,0,3,0,0
"3195ac7308229131478ec285fdf73924",0,0,0,0,0,0,0,0,0,0,0,0,2,1,0,0,0,0,0,0,0,33,0,0,1,0,0,0,0,0,0,0,4,0,0,0,0,0,0,31,2,0,0,0,0,0,0,0,0,0
"b513f8f8cfb220e523ecc17a95d630f7",0,0,0,0,0,0,0,0,0,40,2,0,0,0,0,0,0,0,0,0,0,0,0,0,0,10,0,0,0,0,0,0,0,0,0,0,0,0,0,0,0,0,0,5,0,0,0,0,0,1
"7a3477775b040462b2affe244c6b96b1",0,0,0,0,0,0,0,0,0,0,0,0,0,0,0,30,0,0,0,0,0,0,0,0,0,0,0,0,0,0,0,0,0,0,0,0,0,0,0,0,0,0,0,0,0,0,0,0,0,0
"f654a2414ded03f7f54f39121a2987f3",0,0,0,0,0,0,0,0,0,0,0,0,0,0,0,0,0,0,0,0,0,0,0,0,0,0,0,0,0,0,0,0,0,0,0,0,31,0,0,0,4,0,0,0,0,0,0,0,0,0
"24eea5c24fa782eb20a2dc62ca4edc3c",0,0,0,0,0,0,0,0,0,0,0,24,0,0,0,0,0,0,0,0,0,0,0,0,0,10,0,0,0,0,0,0,0,0,0,0,0,0,0,0,0,0,0,0,0,0,0,0,0,0
"19b8b947975283b6e940ab6e17502891",0,0,0,0,0,0,0,0,0,33,9,52,10,0,0,0,0,10,8,0,0,8,0,0,0,11,0,0,0,0,0,0,0,0,0,0,0,0,0,0,0,0,0,10,0,140,0,30,0,15
"6581ae5f2fbb143d24e3e977d54b99f7",0,0,0,0,0,0,0,0,0,0,4,0,0,0,0,0,0,0,0,0,0,0,0,0,0,0,0,0,0,0,0,0,0,0,0,0,0,0,0,0,0,0,0,0,0,0,0,9,0,0
"e11826c8580779acfcb87ba15f5d9276",0,0,0,0,0,0,0,0,0,0,0,0,0,0,0,0,0,0,0,0,54,0,0,0,0,0,0,0,0,0,0,0,0,10,0,0,0,0,0,0,0,0,0,0,0,0,0,0,0,0
"f938a2257b8b95faccde78d20fdd56f9",0,0,0,0,0,0,0,0,0,0,0,0,0,0,0,0,0,0,0,0,0,0,0,0,0,0,0,0,0,0,3,0,0,0,0,0,0,0,0,0,0,0,0,0,0,0,0,0,0,0
"a1b60a714117549b980739853c02b4b7",0,0,0,0,0,0,0,0,0,0,0,0,0,0,0,0,0,0,0,0,0,0,0,0,0,0,0,0,0,0,0,0,0,0,0,0,0,17,0,0,0,0,0,0,0,0,0,0,0,0
"ce7dc113f7309223c85db7874d6d7779",0,0,0,0,0,0,0,0,0,0,0,0,0,0,0,0,0,0,0,0,0,0,0,0,0,0,0,0,0,0,0,0,0,0,0,0,0,0,0,1,0,0,0,0,0,0,0,0,0,0
"ed7ae1687935d359d79ba47d45018f10",0,0,0,0,0,0,0,0,0,0,0,0,4,0,0,0,0,0,0,0,0,0,0,0,0,0,0,0,0,0,0,0,0,0,0,0,0,0,0,0,0,0,0,0,0,0,0,0,0,0
"e2497ae0d3d726dc23eafe10d86c2ccd",0,1,0,0,0,0,21,0,0,8,23,0,3,0,50,0,0,0,0,0,0,0,0,0,0,0,23,22,1,37,19,0,9,14,0,0,0,17,9,0,0,0,0,7,8,31,1,0,0,10
"0dbd84d0d6a93f1cef1be9d221b85835",0,0,0,0,0,0,0,0,0,0,0,0,0,0,0,0,0,0,0,0,0,0,0,0,0,0,0,0,0,0,0,0,0,0,0,52,0,0,0,0,0,0,0,0,2,0,0,0,0,0
"d6fec260ca9014c10cac3fbafe23eeb3",0,0,0,0,0,0,31,0,29,0,0,0,0,0,0,0,0,0,0,0,0,0,0,59,0,0,0,0,0,0,11,0,0,0,0,0,84,0,0,0,0,0,0,0,0,0,0,0,0,0
"6050eb0e89d6e4f675c76fbfc108e300",0,0,0,0,1,0,0,4,0,10,0,0,0,0,0,0,0,0,0,0,0,0,0,0,0,0,0,0,0,3,0,0,0,0,286,0,0,0,23,0,0,0,0,19,0,0,0,0,0,0
"8f0a98e586262f965b8ba84cb7247510",0,0,0,0,0,0,0,0,0,0,0,0,0,0,0,0,0,0,0,0,0,0,0,0,0,0,0,0,0,0,0,0,0,0,0,55,0,0,0,0,0,0,0,0,9,0,0,0,0,0
"0274d97b30c6c6a07596aa004ec461af",0,0,0,0,0,0,0,0,0,0,0,0,0,0,0,0,0,0,0,0,0,0,0,0,0,0,0,0,0,0,0,0,0,0,0,0,0,0,0,0,0,0,0,5,0,0,0,0,0,0
"9aa46547703fb2c1c7666c1d9e551764",0,0,0,0,0,0,0,0,0,0,0,0,0,40,0,0,0,0,0,0,0,0,0,0,0,0,0,0,0,0,0,0,0,0,0,0,0,0,0,0,0,0,0,9,0,0,0,0,0,0
"260ab8acf07f4739b6ff3595110ca7b6",0,0,0,1,0,0,0,11,47,0,0,0,0,68,0,0,25,0,103,220,0,2,0,0,0,21,0,3,7,0,3,0,21,0,0,0,0,4,13,0,7,0,0,0,0,0,0,0,0,0
"f97d02de42941c037eb8a78f8695c9db",0,0,0,0,0,0,0,0,0,9,8,6,2,0,0,0,0,0,0,0,0,2,0,0,3,0,6,12,0,0,0,0,7,0,0,0,0,28,24,2,6,0,0,6,0,0,7,0,0,0
"e0153538f4b132b32103f43e81db9522",0,0,0,0,0,0,0,0,0,0,9,3,1,0,26,33,0,0,0,0,0,0,0,0,0,0,0,0,0,0,0,0,0,0,0,0,0,0,0,0,0,0,0,0,0,0,0,0,0,0
"a7455b41514bd3dd7e8560adc538b358",0,0,0,0,0,0,0,0,0,6,6,0,1,7,0,13,0,0,0,0,0,0,0,0,0,0,12,0,0,7,0,0,0,0,0,0,0,0,28,9,3,0,0,0,0,0,0,0,0,0
"0ba772f61a4341a7d051725f83c78f2e",0,0,0,0,0,0,0,0,0,0,0,0,10,0,0,0,4,0,6,0,0,5,0,0,17,8,0,0,0,0,0,0,0,0,0,0,0,13,0,0,8,0,0,0,18,0,0,19,20,16
"82b4f8eb60fcbe9b0f3b4d0f123f8969",0,0,0,0,0,0,0,0,0,0,0,0,0,0,0,0,0,0,0,0,0,0,0,0,0,0,0,0,0,0,0,0,0,0,0,0,0,0,0,0,6,0,0,0,0,0,0,0,0,0
"f7e1c71f0c5a7cf729ec7515f5a1b111",0,0,0,0,0,0,0,0,0,19,0,34,11,0,0,0,9,0,5,0,0,4,0,0,0,24,0,0,0,0,0,0,3,0,0,0,0,0,0,0,10,0,0,0,0,0,1,0,0,0
"b0669fae1649468f297c83a9eaea043e",0,0,0,0,0,0,0,0,0,0,0,0,0,0,0,0,0,0,0,0,0,0,0,0,0,0,0,0,0,0,0,0,0,0,0,0,0,0,0,0,4,0,0,0,0,0,0,0,0,0
"553bc5b0cb94c8181aaf6f24ff5291d5",0,6,0,8,0,5,11,0,101,20,8,1,4,0,0,0,0,74,10,0,16,16,0,0,13,9,10,3,0,0,0,0,0,0,0,0,0,4,0,7,11,0,0,8,0,8,0,6,23,20
"f6f60672c8904df86bd030ad4a9e1e43",0,21,0,53,708,88,9,0,62,76,49,17,53,108,28,104,90,43,84,93,0,63,84,48,30,50,104,127,23,0,29,16,71,0,0,84,32,100,91,80,26,0,0,55,8,58,125,74,54,111
