"id","E7.10.Poc.dami.1.20150621.M","E7.10.Poc.dami.2.20150621.M","E7.10.Poc.dami.3.20150621.M","E7.10.Ser.cali.1.20150622.M","E7.10.Ser.cali.2.20150622.M","E7.10.Ser.cali.3.20150622.M","E7.17.Cyp.micr.1.20150621.M","E7.17.Cyp.micr.2.20150621.M","E7.17.Cyp.micr.3.20150621.M","E7.17.Ech.lame.1.20150620.M","E7.17.Ech.lame.2.20150620.M","E7.17.Ech.lame.3.20150620.M","E7.17.Fav.abdi.1.20150623.M","E7.17.Fav.abdi.2.20150623.M","E7.17.Fav.spA.1.20150623.M","E7.17.Fav.spA.2.20150623.M","E7.17.Fav.spB.1.20150623.M","E7.17.Gon.edwa.1.20150623.M","E7.17.Gon.edwa.2.20150623.M","E7.17.Hyd.exce.1.20150620.M","E7.17.Hyd.exes.1.20150622.M","E7.17.Hyd.exes.2.20150622.M","E7.17.Mer.ampl.1.20150621.M","E7.17.Mer.ampl.3.20150621.M","E7.17.Myc.elep.1.20150622.M","E7.17.Pla.sine.2.20150622.M","E7.17.Pla.sine.3.20150622.M","E7.19.Lob.hemp.1.20150619.M","E7.19.Lob.hemp.1.20150621.M","E7.19.Lob.hemp.2.20150619.M","E7.3.Por.loba.1.20150619.M","E7.3.Por.loba.2.20150619.M","E7.3.Por.loba.3.20150619.M","E7.3.Por.loba.4.20150619.M","E7.5.Gal.astr.1.20150622.M","E7.5.Gal.fasc.1.20150621.M","E7.5.Gal.fasc.1.20150622.M","E7.6.Acr.hyac.1.20150622.M","E7.6.Acr.hyac.2.20150622.M","E7.6.Acr.hyac.3.20150622.M","E7.6.Mon.aequ.1.20150620.M","E7.6.Mon.aequ.2.20150620.M","E7.6.Mon.aequ.3.20150620.M","E7.6.Mon.aequ.4.20150620.M","E7.7.Pav.vari.1.20150622.M","E7.7.Pav.vari.1.20150623.M","E7.7.Pav.vari.2.20150622.M"
"e083a266d0598bc6f99106b022c5c0fe",0,0,0,0,0,0,0,0,0,0,0,0,0,0,0,0,0,0,0,0,0,0,0,0,0,0,0,2,0,0,0,0,0,0,0,0,0,0,0,0,0,0,0,0,0,0,0
"0f1b81ddacf04fc8aa356d44341c8208",0,0,0,0,0,0,0,0,0,0,0,1,0,0,0,0,0,0,0,0,0,0,0,0,0,0,0,0,0,0,0,0,0,0,0,0,0,0,0,0,0,0,0,0,0,0,0
"016c47bba615735a6399cd2817bcfb9e",0,0,0,0,0,0,0,0,0,0,0,0,0,0,0,0,0,0,0,0,12,0,0,0,0,0,0,0,0,0,0,0,0,0,0,0,0,0,0,0,0,0,0,0,0,0,0
"fd377f92cd3bec4b6c582ec6b5fd757b",0,0,0,0,0,0,0,0,0,4,0,0,0,0,0,0,0,0,0,0,0,0,0,0,0,0,0,0,0,0,0,0,0,0,0,0,0,0,0,0,0,0,0,0,0,0,0
"2eb9f4e6c8a08a211d016177b3b52a52",0,0,0,0,0,44,0,0,0,0,0,0,0,0,36,0,0,0,0,0,0,18,0,0,0,0,0,0,0,0,0,0,0,0,0,0,51,19,0,0,0,0,0,0,0,0,0
"ea8bf658cd8b6278f9e6d51f1429847d",0,0,0,0,0,0,0,0,0,8,0,6,0,0,0,0,0,0,0,2,0,0,0,0,0,0,17,0,0,0,0,0,0,0,0,6,0,0,0,0,0,0,0,0,0,0,0
"ea47e10285bbcc6b4bfe668001c27c07",0,0,0,0,0,0,0,0,0,2,0,0,0,0,0,0,0,0,0,0,0,0,0,0,0,0,0,0,0,0,0,0,0,0,0,0,0,0,0,0,0,0,0,0,0,0,0
"d3d2188bb093f38962bf6f23e829ca23",0,0,0,0,0,0,0,0,0,0,0,0,0,0,0,0,0,0,0,9,0,0,0,0,0,0,0,0,0,0,0,0,0,0,0,0,0,0,0,0,0,0,0,0,0,0,0
"8be617edb3b9ba7ebd92c6d53a92ed93",0,0,0,0,0,0,0,10,0,6,0,26,0,0,0,0,0,0,0,0,0,0,0,0,0,0,0,3,0,0,0,0,14,0,0,0,0,0,0,0,0,0,0,0,0,0,0
"30573a6d695c96903aa623ba6af16433",0,0,0,0,0,0,0,0,0,0,0,3,0,0,0,0,0,0,0,0,0,0,0,0,0,0,0,0,0,0,0,0,0,0,0,0,0,0,0,0,0,0,0,0,0,0,0
"4957bf1734d2088859779d012d0e65f8",0,0,0,0,0,0,0,0,0,0,0,0,0,0,0,0,0,0,0,0,0,0,0,12,0,0,0,0,0,0,0,0,0,0,0,0,0,0,0,0,0,0,0,0,0,0,0
"0b0ecf946414d301f203a1d04971ad4e",0,0,0,0,40,0,0,20,0,0,0,1,7,0,0,0,0,0,0,24,17,0,0,12,0,14,0,54,0,41,18,0,27,0,0,17,0,11,51,0,0,21,0,0,0,0,0
"f281c628daa8b6072d42f3ef7cb0176b",0,0,0,0,0,0,0,0,0,0,0,0,0,0,0,0,0,0,0,0,0,0,0,12,0,0,0,0,0,0,0,0,0,0,0,0,0,0,0,0,0,0,0,0,0,0,0
"774352e3d0c2d228f0e79f02a7930f44",0,0,0,0,0,0,0,0,0,0,0,0,13,0,0,0,0,0,0,0,0,0,18,0,0,0,0,0,0,0,0,0,0,0,0,0,0,0,0,0,0,0,0,0,0,0,0
"7d85543b7d44c2cc142637d8bc6c09fd",0,0,0,0,0,0,0,0,0,0,0,5,0,0,0,0,0,0,0,0,0,0,0,0,0,0,0,0,0,0,0,0,0,0,0,0,0,0,0,0,0,0,0,0,13,0,0
"77f697325c217e2cdcb6c0d8a6822c72",0,11,0,0,0,0,5,0,0,20,0,18,0,0,0,0,0,0,0,16,11,0,0,8,24,0,0,0,0,14,12,0,0,0,0,69,0,0,0,0,0,0,0,0,22,0,0
"d27f613a1d809f19992cb82d760d7e4f",0,0,0,0,0,0,0,6,0,0,0,0,0,0,0,0,0,0,0,0,0,0,0,0,0,0,0,0,0,0,0,0,0,0,0,0,0,0,0,0,0,0,0,0,0,0,0
"b05a40e83d56dd1d6253a03d7c85dd68",0,0,0,0,0,0,11,0,0,0,0,1,0,0,0,0,0,0,0,0,0,0,0,0,0,0,0,10,0,3,0,0,0,0,0,0,0,0,0,0,0,0,0,0,0,0,0
"19734f7a1948a3f675b85fad0e709d99",0,0,0,0,0,0,0,0,0,0,0,0,0,0,0,0,0,0,0,0,0,0,0,15,0,0,0,0,0,0,0,0,0,0,0,0,0,0,0,0,0,0,0,0,0,0,0
"7d5b29a6968a3335b362b88347f8518e",0,5,0,0,0,0,10,0,0,0,0,17,0,0,0,0,0,0,0,10,4,0,0,18,9,0,0,5,0,0,0,0,11,0,222,11,0,0,0,0,0,0,0,0,13,0,0
"baad2cb02e9087d71d716b5afbe7808a",0,0,0,0,0,0,0,0,0,0,0,0,0,0,0,0,0,0,0,0,0,0,0,0,0,0,0,5,0,0,0,0,0,0,0,0,0,0,0,0,0,0,0,0,0,0,0
"77b517b408919dc0eb93d2e36ec646c1",0,0,0,0,0,0,0,0,0,0,0,0,0,0,0,0,0,0,0,0,0,0,0,0,0,13,0,5,0,0,0,0,0,0,0,0,0,0,0,0,0,0,0,0,0,0,0
"b6b219816c3a4fb87b7b8592711d7665",0,0,0,0,0,0,0,0,0,11,0,1,0,0,0,0,0,0,0,0,0,0,0,0,13,14,0,17,0,42,49,0,22,0,0,0,0,43,0,24,0,0,0,0,0,0,47
"95c684bfde468b519b9930204ca45fc5",0,0,0,0,0,0,0,0,0,0,0,0,0,0,0,0,0,0,0,0,0,0,7,0,0,0,0,0,0,0,0,0,0,0,0,0,0,0,0,0,0,0,0,0,0,0,0
"4327b5c5c71e2ac43273e8789842ec7a",0,0,0,0,0,0,0,0,0,0,0,0,0,0,0,0,0,0,0,0,0,0,0,0,0,0,0,0,0,1,0,0,0,0,0,0,0,0,0,0,0,0,0,0,0,0,0
"1c5488e246e086bf57f18364326c7323",0,16,0,0,0,0,0,0,0,1,0,10,0,0,0,0,0,0,0,10,0,0,0,0,0,0,0,0,0,0,15,0,0,0,0,7,0,0,0,0,0,0,0,0,0,0,0
"5988d3e8d1b03a98c20aecac3e8ebd6e",0,0,0,0,0,0,0,0,0,5,0,0,2,0,0,0,0,0,0,0,0,0,0,0,0,0,0,0,0,6,0,0,0,0,0,0,0,0,0,0,0,0,0,0,0,0,0
"6f8d0ad8909d3e9dc907a4571b88c471",0,9,0,0,0,0,0,0,0,2,0,3,2,0,0,0,0,0,0,6,9,0,0,0,0,0,0,0,0,3,0,0,0,0,0,0,0,0,0,0,0,0,0,0,0,0,0
"14eedd94afe34939e486281d66346e81",0,0,0,0,0,0,0,0,0,0,0,0,10,0,0,0,0,0,0,0,0,0,0,0,0,0,0,11,0,8,7,0,0,0,0,0,0,0,0,0,0,0,0,0,0,0,0
"eb58e646c2115f3ae8c4c545adfc38f7",0,0,0,0,0,0,0,15,0,32,0,0,25,0,0,0,0,0,0,0,0,0,0,0,5,9,0,0,0,0,0,0,0,0,0,16,0,0,0,0,0,0,0,0,0,0,14
"05ec3457e4726078c527ac0ab15a62d1",0,12,0,0,0,0,17,8,0,0,0,14,12,0,0,0,0,0,0,43,8,0,0,0,0,89,0,66,0,79,19,0,8,0,0,6,0,0,54,0,0,0,0,0,9,0,12
"0d89daed2e31eb0b35eee707949a3f9f",0,22,0,0,0,75,20,32,0,38,0,25,40,0,0,0,0,0,0,49,40,0,46,40,86,39,39,4,0,0,0,0,0,0,31,31,0,48,38,63,0,41,0,0,31,0,52
"0ef2aea4b1dcd545c78fc0ed9ca8329f",0,0,0,0,0,0,0,0,0,0,0,0,0,0,0,0,7,0,0,0,0,0,0,0,0,15,0,8,0,0,0,0,19,0,0,0,0,0,0,0,0,0,0,0,0,0,0
"820b47f06b76c91d525cff8a63c00460",0,0,0,0,0,0,0,0,0,0,0,0,0,0,0,0,0,0,0,0,0,0,0,8,0,0,0,0,0,0,0,0,0,0,0,0,0,0,0,0,0,0,0,0,0,0,0
"ab8a9bc6b2ecb4f68c43f26e4db8c1a4",0,0,0,0,0,15,0,0,0,0,0,0,0,0,0,0,0,40,0,3,0,0,10,0,0,0,0,0,28,0,2,14,0,0,0,0,0,0,0,0,0,10,0,0,0,0,0
"13fc65126e073057591aac93b979ad16",0,0,0,0,0,0,0,0,0,0,0,0,0,0,0,0,0,0,0,6,0,0,0,0,0,0,0,0,0,0,0,0,0,0,0,0,0,0,0,0,0,0,0,0,0,0,0
"44b216328b9cf86e62471bf5a3c56d99",0,0,0,0,0,0,0,0,0,0,0,2,0,0,0,0,0,0,0,0,0,0,0,0,11,0,0,0,0,0,0,0,0,0,0,17,0,0,0,0,0,0,0,0,0,0,0
"feffb99b3cc07dd5c3e4555b0edfe965",0,0,0,0,0,0,0,0,0,0,0,0,0,0,0,0,0,0,0,0,2,0,0,0,0,0,0,0,0,0,0,0,0,0,9,0,0,0,0,0,0,0,0,0,0,0,0
"4c857841b782ac81a54df4edb7a68c08",0,0,0,0,0,0,0,0,0,0,0,0,10,0,0,0,0,0,0,0,5,0,0,0,0,0,0,0,0,0,0,0,0,0,0,0,0,0,0,0,0,0,0,0,0,0,0
"5814653cb58d570f48671000befde118",0,0,0,0,0,0,7,0,0,0,0,13,14,0,0,0,0,0,0,0,3,0,0,0,8,50,11,0,0,5,13,0,0,0,0,7,0,0,0,0,0,0,0,0,0,0,0
"f754e97f2a3fde3169284425af6e3455",0,0,0,0,0,0,0,0,0,0,0,4,0,0,0,0,0,0,0,0,0,0,0,0,0,0,0,0,0,0,0,0,0,0,0,0,0,0,0,0,0,0,0,0,0,0,0
"2ddf02bfccfc2b945289f069a9bf9db6",0,12,0,0,0,0,0,0,0,0,0,1,0,0,0,0,0,0,0,0,15,0,0,11,25,0,6,0,0,0,0,0,0,0,0,0,0,0,0,0,0,0,0,0,0,0,0
"bc6c509aa45be543aaca047d14c49282",0,0,0,0,0,0,0,0,0,0,0,0,0,0,0,0,0,0,0,0,8,0,0,0,0,0,0,0,0,0,0,0,0,0,0,0,0,0,0,0,0,0,0,0,0,0,0
"606ef3b4291a7715669719c083a010b6",0,0,0,0,0,0,0,0,0,0,0,0,0,0,0,0,0,0,0,3,0,0,0,0,0,0,0,0,0,0,0,0,0,0,0,0,0,0,0,0,0,0,0,0,0,0,19
"769593636aad0c52dfffb1ca23b4a9c1",23,0,0,0,46,0,4,39,0,7,0,0,0,103,59,270,0,481,391,13,5,0,0,0,13,0,0,0,0,0,22,0,0,0,0,0,107,13,0,3,0,0,0,0,11,0,26
"35a83cc27d1ac52e423367d19f146886",0,0,0,0,0,0,0,11,0,0,0,0,0,0,0,0,0,0,0,0,0,0,0,0,0,0,0,0,0,0,0,0,0,0,0,0,0,0,0,0,0,0,0,0,0,0,0
"47e9bd0e54f6224506f18cace8c71cf3",38,0,0,0,0,0,0,0,0,0,0,3,0,0,0,0,0,0,0,27,8,0,0,7,0,0,0,0,0,0,0,0,0,0,0,0,0,0,0,0,92,0,0,0,0,0,0
"060cb8ae09bcd0b572328dad9c2658f7",0,0,0,0,0,0,13,0,0,0,0,0,3,0,0,0,0,0,0,0,0,0,0,0,0,0,0,0,0,0,0,0,0,8,0,0,0,0,0,0,0,0,0,0,0,0,0
"7b1b6959c45f209ef571075858cb66c3",0,0,0,0,0,0,0,0,0,0,0,0,0,0,0,0,0,0,0,0,0,0,0,0,0,0,0,0,17,0,0,30,0,0,0,0,90,0,0,0,0,15,0,0,0,0,0
"0a2a7e898f3bda5e380c635a75a1745c",0,0,0,0,0,0,0,0,0,0,0,0,0,0,0,0,0,0,0,0,0,0,0,0,0,0,0,0,0,0,0,0,0,0,0,0,0,0,0,0,0,13,0,0,0,0,0
"be8e44bedb9426bf1ab19809c51a709f",53,0,164,0,0,0,4,0,34,12,0,0,0,0,0,0,0,0,221,0,0,0,0,0,0,0,4,0,24,0,0,0,0,43,30,0,81,16,0,0,0,0,70,0,0,399,30
"a33356c6473fdbc6cea829dbbe557ec7",0,0,0,0,0,0,0,0,0,0,0,3,9,0,0,0,0,0,0,0,7,0,0,0,0,0,0,4,0,0,0,0,0,0,0,0,0,0,0,0,0,0,0,0,0,0,0
"4f0fe2a6b70d802875487cfc0fc4c4f7",0,0,0,0,0,0,0,0,0,0,0,6,0,0,0,0,0,0,0,0,7,0,0,8,6,0,0,0,0,4,0,0,0,0,0,9,0,0,0,0,0,0,0,0,0,0,0
"4a36f26aa557580ef19c60ce3f8aec9f",0,0,0,0,0,0,0,0,0,0,0,0,0,0,0,0,0,0,0,0,0,0,5,7,0,0,7,0,0,0,0,0,0,0,0,10,0,0,0,0,0,0,0,0,10,0,0
"3941f4ed6d883b7b74218c4d826987a8",0,0,0,0,0,0,0,0,0,0,0,16,0,0,0,0,0,0,0,0,0,0,0,2,0,0,0,0,0,0,0,0,0,0,0,10,0,0,0,0,0,0,0,0,0,0,0
"c54cf52877022a72a5e2ea217e4a5544",0,0,0,0,0,0,0,0,0,0,0,0,18,0,0,0,0,0,0,5,0,0,0,11,0,0,0,5,0,0,9,0,0,0,0,0,0,0,0,0,0,0,0,0,0,0,0
"fa61aa09c3232224b4031d3a83f7e92d",0,0,0,0,0,0,0,0,0,0,0,0,0,0,0,0,0,0,0,0,0,0,0,0,14,0,0,0,0,0,0,0,0,0,0,0,0,0,0,0,0,0,0,0,0,0,0
"acce1be05508d9830eeb3ff067cde0aa",0,0,0,0,0,0,0,0,0,0,0,1,11,0,0,0,0,0,0,0,0,0,0,0,0,0,0,0,0,0,0,0,0,0,0,0,0,0,0,0,0,0,0,0,0,0,0
"28d08a4a5182fa4747347a804dd50c02",0,0,0,0,0,0,0,0,0,0,0,0,3,0,0,0,0,0,0,5,0,0,12,0,0,0,0,0,0,0,0,0,0,0,0,0,0,0,0,0,0,10,0,0,0,0,0
"2f9aaa3acc5c4292bddc8fa6568deb7c",0,0,0,0,0,0,0,0,0,0,0,0,0,0,0,0,0,0,0,0,0,0,0,0,25,0,0,0,0,0,0,0,18,0,0,0,0,0,0,0,0,0,0,0,0,0,0
"db3298fae59a4c018d0b91e70155225c",158,0,0,0,0,0,0,0,0,13,0,0,0,0,67,0,50,0,0,0,0,33,12,7,33,0,72,4,27,0,3,10,0,126,0,0,0,0,19,0,223,28,179,509,0,0,28
"234e291941e4f54f2e2685e0d5bbf4d9",0,0,0,0,0,0,0,4,0,0,0,0,0,0,0,0,0,0,0,0,0,0,0,0,0,0,0,0,0,0,0,0,0,0,0,0,0,0,0,0,0,0,0,0,0,0,0
"0175bb8a3574f116adac603b94923a5b",0,0,0,0,0,16,0,0,0,0,0,0,0,0,0,0,0,0,0,0,0,0,0,0,0,0,0,0,0,0,0,0,0,0,16,0,0,0,0,0,0,0,0,0,0,0,0
"73e6ddda47ded18d85d01316dca0f686",0,0,0,0,0,0,0,0,0,0,0,0,0,0,0,0,0,0,0,0,0,0,0,0,0,0,0,0,0,0,0,0,0,0,0,6,0,0,0,0,0,0,0,0,0,0,0
"920e01f5dac3b8ed70d0dc1005e89468",0,0,0,0,0,0,0,0,0,0,0,0,0,0,0,0,0,0,0,3,0,0,0,0,12,0,0,0,0,0,0,0,0,0,0,0,0,0,0,0,0,0,0,0,0,0,0
"ce8bcd9a4235e0013f597ad7f8a21b33",0,7,0,0,0,0,0,0,0,0,0,1,4,0,0,0,24,0,0,0,25,0,12,16,0,0,0,13,0,0,5,0,25,0,0,5,0,0,0,0,0,17,0,0,15,0,0
"ec832bb821cbccc065eacde541b107f7",0,0,0,0,0,0,0,0,0,0,0,6,0,0,0,0,0,0,0,0,0,0,0,0,0,0,0,0,0,0,0,0,0,0,0,0,0,0,0,0,0,0,0,0,15,0,0
"e54a9e621db0e0d6de8acd8d6dc575ff",72,0,0,0,0,0,0,0,0,0,0,0,0,0,0,0,0,0,0,0,0,0,0,0,0,0,0,0,0,0,0,0,0,13,0,0,0,0,0,0,64,20,19,0,0,0,0
"a0beea0c2cfb22488378203214e8349d",0,0,0,0,0,0,0,0,0,4,0,0,0,0,0,0,0,0,0,0,0,0,0,0,0,0,0,0,0,0,0,0,0,0,0,0,0,0,0,0,0,0,0,0,0,0,0
"5e67878dbdeb0eafa97600a5ab03a558",0,0,0,0,0,0,0,0,0,0,0,0,0,0,0,0,0,0,0,0,0,0,0,0,0,0,0,0,0,0,0,0,0,0,0,0,0,0,0,0,0,0,0,0,0,0,19
"0da78c970bcd67e34b7a6cb1d7e78e20",0,0,0,0,0,0,3,10,0,0,0,0,0,0,0,0,0,0,0,0,5,0,0,0,0,0,0,7,0,3,0,0,0,0,0,0,0,0,0,26,0,0,0,0,0,0,0
"1ff3cab424d912534699b3aef0940578",0,0,0,0,0,0,0,0,0,0,0,0,0,0,0,0,0,0,0,0,0,0,20,0,0,0,0,0,0,0,0,0,0,0,0,0,0,0,0,0,0,0,0,0,0,0,0
"5ea71bcaf802b7060c73afb9b7beea2a",0,0,0,0,0,0,0,0,0,0,0,0,0,0,0,0,0,0,0,0,9,0,0,0,0,0,0,0,0,0,0,0,0,0,0,0,0,0,12,0,0,0,0,0,0,0,0
"3c9107e3753ac8e5718095c1444fe158",0,0,0,0,0,0,0,0,0,0,0,0,0,0,0,0,19,0,0,0,0,0,0,0,0,0,0,0,0,0,0,0,0,0,0,0,0,0,0,15,0,0,0,0,0,0,0
"86946983e82ca70242e826bff7642bcc",0,0,0,0,0,0,11,8,0,0,0,8,7,0,0,0,0,0,0,0,12,0,0,0,10,0,0,0,0,0,0,0,0,0,0,3,0,0,0,0,0,0,0,0,0,0,0
"d20b19c80208a2e99fc54e7bae3c7ba1",0,0,0,0,0,0,0,0,0,0,0,0,0,0,0,0,0,0,0,0,0,0,0,0,0,0,0,13,0,0,0,0,0,0,0,0,0,0,0,0,0,0,0,0,0,0,0
"393dc63912a7591c868a2bb2fc1d02a0",0,0,0,0,0,24,10,0,0,0,0,0,0,0,0,0,8,0,0,0,0,0,0,7,0,0,0,0,0,0,0,0,0,0,0,0,0,0,0,19,0,0,13,0,0,0,0
"d1bb86d61b79c346765282bd44918f5e",0,0,0,0,0,0,16,0,0,0,0,0,0,0,0,0,0,0,0,0,0,0,0,0,0,0,0,16,0,0,0,0,0,0,0,0,0,0,0,0,0,0,0,0,0,0,0
"8cd82928b1316185a5db671993e17e80",0,0,0,0,0,0,0,0,0,0,0,0,0,0,0,0,0,0,0,0,0,0,0,0,12,0,0,0,0,0,0,0,0,0,0,0,0,0,0,0,0,0,0,0,0,0,0
"646916f8eb114270d553949000ecc8cc",0,42,0,30,92,100,0,0,0,8,0,52,25,32,0,0,0,0,0,13,37,841,0,27,21,14,51,22,53,5,321,0,94,0,0,52,0,77,70,47,175,37,0,0,15,0,30
"08d8e47c6ab995edec9437d227702916",0,10,0,0,0,0,0,0,0,0,0,2,0,0,0,0,0,0,0,0,0,0,0,0,22,0,0,6,0,0,0,0,9,0,0,0,0,0,0,0,0,0,0,0,0,0,0
"57ce800e8771e548352155a00e6e55ca",0,2,0,0,0,0,0,0,9,0,0,0,0,0,72,0,0,0,0,0,0,0,0,0,0,0,4,0,29,0,0,58,0,0,0,0,0,0,0,0,28,0,0,109,0,0,0
"032b66e64ba19eac8df7248aa1be6e1f",28,13,0,0,0,0,0,0,0,10,0,14,5,0,60,0,49,0,0,4,19,0,0,0,0,0,0,0,0,0,0,0,0,0,0,0,0,41,0,0,0,0,0,0,0,0,0
"02ba145418a4694245b235d35b784dbe",0,0,0,0,0,0,0,0,0,0,0,0,0,0,0,0,0,0,0,0,0,0,4,0,0,0,0,0,0,0,0,0,0,0,0,0,0,0,0,0,0,0,0,0,0,0,0
"d2beb5cf3329914daaf9d7222f4fb0f7",9,0,0,0,0,0,0,15,0,0,0,0,0,0,0,0,0,0,0,0,0,0,0,0,0,0,0,0,0,0,0,0,0,0,0,0,0,0,0,0,0,0,47,0,0,0,0
"d0ce63260df243a5333ec1c13974cfd7",20,0,0,0,0,0,0,0,0,0,0,0,0,0,0,0,0,0,0,0,0,0,0,0,0,0,0,0,0,0,0,0,0,0,0,0,0,0,0,0,0,0,0,0,0,0,0
"bf22e3a13337a3ad5e2ec2a5ab2dc84e",0,0,0,0,0,0,0,0,0,0,0,0,0,0,24,257,13,0,0,0,0,0,0,0,0,0,0,10,8,0,0,0,0,0,0,0,49,0,0,0,0,28,36,0,0,0,52
"98631141df14ce8a6bb8c931ca9361d1",6,0,0,0,0,0,0,0,0,0,0,0,0,0,0,0,0,0,0,0,0,0,0,0,0,0,0,0,0,0,0,0,0,0,0,0,0,0,0,0,0,0,0,0,0,0,0
"f29fc0b3e4c6d12959f4e30de3c55fa2",0,0,0,0,0,0,0,0,0,0,0,0,0,0,47,0,0,0,0,0,0,0,0,0,0,0,0,0,0,0,0,27,0,33,34,0,0,0,0,0,0,0,0,0,0,0,0
"d3d7657363c654ad50e86d9aa0da8df4",0,0,0,0,0,0,0,0,0,0,0,0,5,0,0,0,0,0,0,0,0,0,0,0,0,0,0,0,0,0,0,0,0,0,0,0,0,0,0,0,0,0,0,0,0,0,0
"78b099efb4027437e230e8ac29caad9e",0,0,0,0,0,0,0,0,0,3,0,1,0,0,0,0,0,0,0,0,0,0,0,0,0,0,0,0,0,0,0,0,0,0,0,0,0,8,0,0,0,0,0,0,0,0,0
"25db37c44822001b1a9a46b11508085c",0,0,0,0,0,0,0,0,0,0,0,0,6,0,0,0,0,0,0,0,0,0,0,0,0,0,0,0,0,0,0,0,0,0,0,0,0,0,0,0,0,0,0,0,0,0,0
"7e6d2da64267db2c4d3f54fd4d7ca01b",0,0,0,0,0,0,0,0,0,0,0,10,6,0,0,0,0,0,0,6,0,0,13,0,0,0,0,0,0,0,0,0,25,0,0,0,0,0,0,0,0,0,0,0,19,0,0
"de63997af16c52e8cc5530d1f3e34f1f",0,15,0,0,0,0,7,0,0,0,0,0,0,0,0,0,0,0,0,0,0,0,0,0,0,0,0,0,0,2,0,0,0,0,0,0,0,0,0,0,0,0,0,0,0,0,0
"41822807f4869f7219ac93a56a1b894b",0,3,0,0,0,0,16,0,0,0,0,10,17,0,0,0,0,0,0,22,5,0,18,6,10,0,9,0,0,6,0,0,0,0,0,9,0,0,19,0,0,0,0,0,0,0,0
"2f9378ba4eb340564381b04d0312b6ea",0,0,0,0,0,0,3,0,0,0,0,0,0,0,0,0,0,0,0,0,0,0,0,0,0,0,0,0,0,0,0,0,0,0,0,0,0,0,0,0,0,0,0,0,0,0,0
"f9b2d3793a9f54cbed69b3ef59755eff",0,0,0,0,0,0,0,0,0,0,0,8,0,0,0,0,0,0,0,0,0,0,0,0,0,0,0,0,0,0,0,0,0,0,0,0,0,0,0,0,0,0,0,0,0,0,0
"682463f136bd068c35947a35b4c01e90",0,0,0,0,0,0,0,0,0,0,0,0,3,0,0,0,0,0,0,0,0,0,0,0,3,0,0,0,0,0,0,0,0,0,0,0,0,0,0,0,0,0,0,0,0,0,0
"58e078b43d2743d3a59581b94bb4b513",0,0,0,0,0,0,0,0,0,0,0,10,0,0,0,0,0,0,0,0,0,0,9,0,0,0,0,0,0,0,0,0,0,0,0,0,0,0,0,0,0,0,0,0,0,0,0
"41e0954041fe29e57b0df7136f2c8ec6",0,0,0,0,0,0,0,0,0,0,0,0,0,0,0,0,0,0,0,0,0,0,0,0,13,0,0,0,0,0,0,0,0,0,0,0,0,0,0,0,0,0,0,0,0,0,0
"2dc6a1055bcd1d69860a55926e4a0266",0,0,0,0,0,0,0,0,0,0,0,0,0,0,0,0,0,0,0,0,0,0,9,0,0,0,0,0,0,0,0,0,0,0,0,0,0,0,0,0,0,0,0,0,0,0,0
"f77009dfa769cbf03e8a7a4d13b1f3fc",0,0,0,0,0,0,0,0,0,16,0,0,0,0,0,0,0,0,0,0,0,0,0,0,0,0,0,0,0,0,0,0,0,0,0,0,0,0,0,0,0,0,0,0,0,0,0
"a96b03b7a7da07947356d93d1bb09755",0,0,0,0,0,0,0,0,0,0,0,0,0,0,0,0,0,0,0,0,0,0,0,0,0,0,0,0,0,0,0,0,11,0,0,0,0,0,0,0,0,0,0,0,0,0,0
"d1b4b6dc16946e8f9cb9567b9844d183",0,0,0,0,0,0,3,0,0,0,0,0,0,0,0,0,0,0,0,0,0,0,0,0,0,0,0,0,0,0,0,0,0,0,0,0,0,0,0,0,0,0,0,0,0,0,0
"dd99f750b0afac915257a28be097ed1f",0,0,0,0,0,0,0,0,0,0,0,3,0,0,0,0,0,0,0,0,0,0,0,0,0,0,0,0,0,0,0,0,0,0,0,0,0,0,0,0,0,0,0,0,0,0,0
"cad5d1cc3777977b1593ab42007004b8",0,0,0,0,0,0,0,0,0,1,0,0,0,0,0,0,0,0,0,0,0,0,0,0,0,0,0,0,0,0,0,0,0,0,0,0,0,0,0,0,0,0,0,0,0,0,0
"227feadbb7bb4ff4c7c54437d263f59a",0,0,0,0,0,0,8,15,0,0,63,18,0,0,0,0,0,0,0,13,22,0,15,27,0,0,0,1,0,0,0,0,0,0,0,0,0,0,0,0,0,0,0,0,0,0,0
"e3e717b70a4415342aa6cb9087cf641a",0,0,0,0,0,0,0,0,0,0,0,0,3,0,0,0,0,0,0,0,0,0,0,0,0,0,0,0,0,0,0,0,0,0,0,0,0,0,0,0,0,0,0,0,0,0,0
"841cf36265f2db5979fb9bd2bba4c42f",0,9,0,0,0,0,0,0,0,0,0,0,16,0,0,0,0,0,0,0,0,0,0,0,12,15,0,0,0,0,0,0,0,0,0,0,0,0,0,0,0,0,0,0,0,0,0
"687beea50a082ded373d5bbc2b1f6a61",0,0,0,0,0,0,0,0,0,0,0,0,0,0,0,0,15,0,0,6,0,0,0,15,0,0,0,0,0,0,0,0,0,0,0,0,0,0,0,0,0,0,0,0,0,0,0
"899eef1085c957d61ad16ec82d044a58",0,0,0,0,0,0,0,0,0,0,0,0,0,0,0,0,0,0,0,0,0,0,0,0,0,0,0,0,0,6,0,0,0,0,0,0,0,0,0,0,0,0,0,0,0,0,0
"7e82009c1815727b959e362af73359c2",0,0,0,0,0,0,0,0,0,0,0,2,7,0,0,0,0,0,0,0,0,0,0,0,0,0,0,0,0,0,0,0,0,0,0,0,0,0,0,0,0,0,0,0,0,0,0
"56026842c5c6af8b8af60005f80358ac",0,3,0,0,0,0,0,0,0,8,0,0,0,0,0,0,0,0,0,0,0,0,0,0,0,0,0,0,0,0,0,0,9,0,0,0,0,0,0,0,0,0,0,0,0,0,0
"2c802bd67cc90c485d4bcea161795584",0,0,0,0,0,0,0,0,0,0,0,0,0,0,0,0,0,0,0,0,0,0,0,0,8,0,0,0,0,0,0,0,0,0,0,0,0,0,0,0,0,0,0,0,0,0,0
"91c8e539c9d908f0cbe494b9fa198ef1",0,0,0,0,0,0,0,0,0,0,0,0,0,0,0,0,0,0,0,0,0,0,0,0,0,0,0,0,0,0,0,0,0,0,0,0,0,0,0,0,0,0,0,0,12,0,0
"57fad74ca95d33063e87e92b665df2cb",0,0,0,0,0,0,5,0,0,3,0,0,7,0,0,0,0,0,0,0,0,0,0,0,0,0,0,0,0,0,0,0,0,0,0,0,0,0,0,0,0,0,0,0,0,0,0
"9828256aaf8655b7e32e75b7cdd184cb",0,0,0,0,0,0,0,0,0,2,0,1,1,0,0,0,0,0,0,0,9,0,0,0,0,0,0,0,0,0,0,0,0,0,0,5,0,0,0,0,0,0,0,0,0,0,0
"265cc066eb3c5ee56b007accf8648ce1",0,0,0,0,0,0,0,0,0,10,0,3,6,0,0,0,0,0,0,10,0,0,0,0,0,0,0,0,0,0,0,0,0,0,0,0,0,0,0,0,0,0,0,0,0,0,0
"1bbb9ffc73fdb5fff29da637cc84cac3",0,0,0,0,0,0,0,0,0,0,0,1,0,0,0,0,0,0,0,0,0,0,0,0,0,0,0,0,0,0,0,0,0,0,0,0,0,0,0,0,0,0,0,0,0,0,0
"a6fa2df6563d1b8878b71d85376c28ff",0,0,0,0,0,0,0,0,0,0,0,0,0,0,0,0,0,0,0,0,0,0,0,0,0,18,0,0,0,0,0,0,0,0,0,0,0,0,0,0,0,0,0,0,0,0,0
"b9150651c6dc7fcc1e6c23f86415f8bf",0,0,0,0,0,0,0,0,0,0,0,0,0,0,0,0,0,0,0,0,6,0,0,0,0,0,0,0,0,0,0,0,0,0,0,0,0,0,0,0,0,0,0,0,0,0,0
"35879bf21d62ffc0011609bdc191d7bc",0,0,0,0,0,0,0,0,0,0,0,1,0,0,0,0,0,0,0,0,0,0,0,0,0,0,0,0,0,0,0,0,0,0,0,0,0,0,0,0,0,0,0,0,0,0,0
"3b2a6947cdc2445995f21f9060d00a3a",0,0,0,0,0,0,0,0,0,0,0,0,0,0,0,0,0,0,0,2,0,0,0,0,0,0,0,0,0,0,0,0,0,0,0,0,0,0,0,0,0,0,0,0,0,0,0
"813d156a0e33e99e48e44502f3ad369e",0,0,0,0,0,0,0,0,0,0,0,2,0,0,0,0,0,0,0,0,0,0,0,0,0,0,0,0,0,0,0,0,0,0,0,0,0,0,0,0,0,0,0,0,0,0,0
"82cca09c2a83070a4404c7e65e9a0d39",0,0,0,0,0,0,0,0,0,0,0,0,0,0,0,0,0,0,0,0,0,0,0,0,0,0,0,0,0,8,0,0,0,0,0,0,0,0,0,0,0,0,0,0,0,0,0
"3976718c658982b7f5c86fbf1aec3e0e",0,0,0,0,0,0,0,0,0,0,0,0,0,0,0,0,0,0,0,0,14,0,15,0,0,0,0,0,0,0,0,0,0,0,0,0,0,0,0,0,0,0,0,0,0,0,0
"0daece7e0f818e59af6c1825ba88b32c",0,0,0,0,0,0,0,0,0,0,0,4,0,0,0,0,0,0,0,0,0,0,0,0,0,6,0,0,0,12,0,0,0,0,0,0,0,0,0,0,0,0,0,0,0,0,0
"0cea80ca471eb3b08c71291b25ebaac5",0,0,0,0,0,0,0,0,0,0,0,0,0,0,0,0,0,0,0,0,0,0,0,0,0,0,0,0,0,0,0,0,0,0,15,0,0,0,0,0,0,0,0,0,0,0,0
"5e1ced2aab02426d4e0138cd26ab4857",0,0,0,0,0,0,0,0,0,0,0,2,0,0,0,0,0,0,0,0,0,0,0,0,0,0,0,0,0,0,0,0,0,0,0,0,0,0,0,0,0,0,0,0,0,0,0
"10f1f6b4675e8c90eacefea68b8c6976",0,0,0,0,0,0,0,0,0,0,0,0,0,0,0,0,15,0,0,0,0,0,0,0,0,0,0,0,0,0,0,0,0,0,0,0,0,0,0,0,0,0,0,0,0,0,0
"733c14997f1cdc55f5c8e008592bb258",0,0,0,0,0,0,0,0,0,0,0,0,0,0,0,0,0,0,0,0,0,0,0,0,0,0,0,9,0,1,0,0,0,0,0,0,0,0,0,0,0,0,0,0,0,0,0
"a28fc81114241d8a90ca60da58780665",0,0,0,0,0,0,0,0,0,14,0,0,0,0,0,0,0,0,0,0,0,0,0,0,0,0,0,0,0,0,0,0,0,0,0,0,0,0,0,0,0,0,0,0,0,0,0
"7c9edda9c7417007a97e2d086063c5e4",0,0,0,0,0,0,0,0,0,0,0,2,0,0,0,0,0,0,0,8,0,0,0,0,0,0,0,0,0,0,0,0,0,0,0,0,0,0,0,0,0,0,0,0,0,0,0
"5385caaa19168ad48d24b148e3b8a0d8",0,0,0,0,0,0,0,0,0,0,0,0,7,0,0,0,0,0,0,0,0,0,0,0,0,0,0,0,0,0,0,0,0,0,0,0,0,0,0,0,0,0,0,0,0,0,0
"c8f203a2c1ac2ea87faa976193b61e61",0,0,0,33,0,0,0,0,0,0,0,0,0,0,0,0,0,0,0,0,0,0,0,0,0,0,0,0,0,0,0,0,0,0,0,0,0,0,0,0,0,0,0,0,0,0,0
"146fee313bdcb03b965a1a85451fd19f",0,0,0,0,0,0,2,0,0,0,0,0,0,0,0,0,0,0,0,0,0,0,0,0,0,0,0,0,0,0,0,0,0,0,0,0,0,0,0,0,0,0,0,0,0,0,0
"1689e4b79858324f630dff7ff0df362d",0,0,0,21,0,0,0,0,0,0,0,0,0,0,0,0,0,0,0,0,0,0,0,0,0,0,0,0,0,0,0,0,0,0,0,0,0,0,0,0,0,0,0,0,0,0,0
"1b7d769950d6257382c81f427cc47aa8",0,0,0,0,0,0,0,19,0,0,0,0,6,0,0,0,0,0,0,0,0,0,0,0,0,0,0,0,4,0,17,0,0,0,0,0,0,0,0,0,0,0,0,0,0,0,7
"496749a1030f07027c9ee14a68f41abb",0,0,0,0,0,0,0,0,0,0,0,7,0,0,0,0,0,0,0,0,0,2,0,0,0,0,0,0,0,0,0,0,0,0,0,0,0,0,0,0,0,0,0,0,0,0,0
"0bf7922b0fd8c5f6340ddd5073fdd7f9",0,0,0,0,0,0,0,0,0,0,0,0,0,0,0,0,0,0,0,0,0,0,0,0,0,0,0,0,0,0,0,0,0,0,0,0,34,0,0,0,0,0,0,0,0,0,0
"116eb2362aaee28e0053f05e62851cda",0,0,0,0,0,0,0,0,0,0,0,0,0,0,0,0,0,0,0,0,0,0,0,0,0,0,0,0,0,0,0,0,0,0,0,0,51,0,0,0,0,0,0,0,0,0,0
"6464c8ba254c65e3a760c4b5f5430e9f",0,0,0,0,0,0,0,0,0,0,0,3,0,0,0,0,0,0,0,4,0,0,0,0,0,0,0,0,0,0,0,0,0,0,0,0,0,0,0,0,0,0,0,0,0,0,0
"a9341432636191b33b3f2bcd4dce9014",0,0,0,0,0,0,0,0,0,0,0,0,0,0,0,0,0,0,0,0,0,0,0,10,0,0,0,0,0,5,0,0,0,0,0,0,0,0,0,0,0,0,0,0,0,0,0
"c27011324bbf4f981553e46d609d8eb4",0,0,0,0,0,0,0,0,0,4,0,0,0,0,0,0,0,0,0,0,0,0,0,0,0,0,0,0,0,0,0,0,0,0,0,0,0,0,0,0,0,0,0,0,0,0,0
"a77c6b96c194e97d802da7d0ee5c7f8b",0,9,0,0,0,0,13,0,0,0,0,0,0,0,0,0,0,0,0,0,0,0,0,3,0,0,0,0,0,0,0,0,0,0,0,0,0,0,0,0,0,0,0,0,11,0,0
"d42937d5dd633462c8d460d3c4d4a8dc",0,0,0,0,0,0,9,0,0,0,0,5,7,0,0,0,0,0,0,0,0,0,0,0,0,0,0,0,0,0,0,0,0,0,0,0,0,0,0,0,0,0,0,0,0,0,0
"6e0d7bb7ada0cc053f04e287a028f6c9",0,0,0,0,0,0,0,0,0,0,0,0,0,0,0,0,0,0,0,16,0,0,0,0,0,0,0,0,0,0,0,0,0,0,0,0,0,0,0,0,0,0,0,0,0,0,0
"6c4f63afa2db1ac35e3775b3f782669a",0,0,0,0,0,0,0,0,0,0,0,3,16,0,0,0,0,0,0,0,0,0,0,0,0,0,0,0,0,0,0,0,0,0,0,0,0,0,0,0,0,0,0,0,0,0,0
"b2df3f76e7db6c4ecf1ab954c6ab7cf3",0,0,0,0,0,0,0,0,0,0,0,5,0,0,0,0,0,0,0,0,0,0,0,0,0,0,0,0,0,0,0,0,0,0,0,0,0,0,0,0,0,0,0,0,0,0,0
"6ce539adfd5a6ca900da9cd97cff4e31",0,0,0,0,0,0,0,0,0,0,0,1,0,0,0,0,0,0,0,0,0,0,0,0,0,0,0,0,0,0,11,0,0,0,0,7,0,0,0,0,0,0,0,0,0,0,0
"cc8cbf7e9a7a1f4168a30bb321e9a58b",0,0,0,0,0,0,0,0,0,0,0,0,12,0,0,0,0,0,0,0,0,0,0,0,0,0,0,0,0,0,0,0,0,0,0,0,0,0,0,0,0,0,0,0,0,0,0
"60a73102f5cef9b5a6284e02e302403e",0,29,0,0,37,52,58,35,0,26,0,7,24,0,0,0,46,0,0,38,14,0,17,39,37,42,55,39,0,91,38,0,36,0,52,34,0,33,46,0,0,9,0,0,36,0,59
"1e861a435902e1daa49ce5da85f5d074",0,0,0,0,0,0,0,0,0,0,0,0,0,0,0,0,0,0,0,3,0,0,0,0,0,0,0,0,0,0,0,0,0,0,0,0,0,0,0,0,0,0,0,0,0,0,0
"9362e3537ec76483166a03b54638b3e6",0,0,0,0,0,0,0,0,0,0,0,1,0,0,0,0,0,0,0,7,0,0,0,0,0,0,0,0,0,6,0,0,0,0,0,0,0,0,0,0,0,0,0,0,0,0,0
"ca53aff39f29f2d7396ba930547c3020",0,0,0,0,0,0,0,0,0,0,0,0,6,0,0,0,0,0,0,0,0,0,0,0,0,0,0,0,0,0,0,0,0,0,0,0,0,0,0,0,0,0,0,0,0,0,0
"33efff52caf6c700c321016a3e3d215d",0,0,0,0,0,0,0,0,0,0,0,0,0,0,0,0,0,0,0,0,0,0,0,0,0,0,0,0,0,0,8,0,0,0,0,0,0,0,0,0,0,0,0,0,0,0,0
"50e55b426b4527c1ea1db19d37ee1d23",0,0,0,0,0,0,0,0,0,0,0,0,0,0,18,0,0,0,0,0,0,0,0,0,0,0,0,0,0,0,0,0,0,0,0,0,0,0,0,0,0,0,0,0,0,0,0
"738934d3b3e1da0ec81d24f11b8e3b46",0,0,0,0,0,0,0,0,0,0,0,1,0,0,0,0,0,0,0,0,0,0,0,0,0,0,0,0,0,0,0,0,0,0,0,0,0,0,0,0,0,0,0,0,0,0,0
"5d8f10fe45ec8e8425dbb0347e8976e3",0,0,0,0,0,0,0,0,0,0,0,0,0,0,0,0,0,0,0,0,0,0,0,0,0,17,0,0,0,0,0,0,0,0,0,0,0,0,0,0,0,0,0,0,0,0,0
"f7017c14df322f585cab68b88e68aa88",0,0,0,0,0,0,0,0,0,0,0,0,0,0,0,0,0,0,0,0,0,0,0,0,0,0,0,0,0,0,0,0,0,0,7,0,0,0,0,0,0,0,0,0,0,0,0
"e93287da6aa201442cac1f2f17ced4c7",0,0,0,0,0,0,0,0,0,0,0,0,3,0,0,0,0,0,0,0,0,0,0,0,0,0,0,0,0,0,0,0,0,0,0,0,0,0,0,0,0,0,0,0,0,0,0
"2e74c65784e093cff1db141ee461b793",0,0,0,0,0,0,0,0,0,0,0,0,0,0,0,0,0,41,0,0,0,0,0,0,0,0,0,0,0,0,0,0,0,0,0,0,0,0,0,0,0,0,0,0,0,0,0
"06256a2158fbe3c96ce6f9a8261e6120",0,0,0,0,0,0,0,0,0,0,0,0,0,0,0,0,0,0,0,0,0,0,0,0,0,0,0,0,18,0,0,0,0,0,0,0,103,0,0,0,0,0,0,0,0,0,0
"41928853f2c2853084a0bfc098b9ce8e",0,0,0,0,0,0,0,0,0,0,0,0,0,0,0,0,0,45,0,0,0,0,0,0,0,0,0,0,0,0,0,0,0,0,0,0,0,0,0,0,0,0,0,0,0,0,0
"e8cd627a66ce3b304471c23235176861",0,4,193,167,0,0,12,34,64,0,326,0,0,0,0,0,0,117,0,13,0,0,3,34,0,0,0,0,0,0,0,0,0,37,49,0,0,0,0,0,117,23,90,0,0,0,0
"e46f7cfa475deebeef27401f17366484",0,0,0,0,0,0,0,0,0,0,0,0,0,0,0,0,30,0,0,0,0,0,0,0,0,0,0,0,24,0,0,0,0,0,0,0,0,0,0,0,29,0,0,0,0,0,0
"73c434a77d07c20d70f499ca99470a5d",25,0,0,0,0,19,0,6,0,0,0,0,0,0,0,0,0,0,0,0,0,0,12,0,0,31,0,0,18,0,35,0,0,0,0,0,0,0,0,0,11,0,0,0,6,0,0
"ae1179cb06e5f44798a79b3c54e6f7ca",0,0,0,0,0,0,0,0,0,0,0,0,0,0,0,0,0,39,0,0,0,0,0,0,0,0,0,0,0,0,0,0,0,0,0,0,0,0,0,0,0,0,0,0,0,0,0
"7faabbe3881476da91475c3d4a1c9c21",0,0,0,0,0,0,0,0,0,0,0,0,0,0,0,0,0,0,0,0,0,0,0,0,0,0,0,0,0,0,0,0,0,0,33,0,56,0,0,0,0,0,0,0,0,0,0
"9f0a616e018927e0e1fc1dbec78aa8b1",10,0,0,0,0,0,0,0,0,0,0,0,7,0,0,0,0,0,0,0,0,0,0,0,0,0,0,0,3,0,0,0,0,0,0,0,0,0,0,0,0,0,0,0,20,0,0
"0190f78124e2fd61f15ccb7b312863ea",0,0,0,46,0,0,21,2,0,0,0,27,0,0,16,0,37,0,255,0,0,0,4,0,5,0,0,0,58,0,0,15,0,0,15,0,0,0,34,0,0,0,325,0,24,0,0
"e9f67f3dc5fe4c4350d7b1ce6d758523",0,0,0,0,0,0,0,0,0,0,0,0,0,0,0,0,12,0,0,0,0,0,0,0,0,0,0,0,0,0,0,0,0,0,0,0,0,0,0,0,0,0,0,0,0,0,0
"740564c027b4c520d09a671e49ef3ca1",0,0,0,0,0,0,0,0,0,0,0,0,0,0,0,0,0,0,0,0,0,0,0,0,0,13,0,0,0,0,0,0,0,0,0,0,0,0,0,0,0,0,0,0,0,0,0
"5a5a251d11b67a945e4cd90a70853b18",0,0,0,0,23,7,23,0,0,0,0,0,5,0,0,0,37,0,0,11,18,0,25,5,0,0,0,33,32,36,17,0,4,0,0,7,0,0,0,0,0,0,0,0,0,0,32
"8d9349ff168d0a5595db09bc71b1064c",14,0,0,0,0,0,0,0,0,0,0,0,0,0,0,0,0,0,0,0,0,0,0,0,0,0,0,0,12,0,0,0,0,0,0,0,0,0,0,0,0,0,0,0,0,0,0
"bec83be9ee8f3f4207db52f3029d1e7e",0,0,0,0,0,0,0,0,0,0,0,2,0,0,0,0,0,0,0,0,0,0,0,0,0,0,0,0,0,0,0,0,0,0,0,0,0,0,0,0,0,0,0,0,0,0,0
"b476a01125621f2c022ac7f7a0628f24",0,0,0,0,0,0,0,0,0,0,0,2,0,0,0,0,0,0,0,0,0,0,0,0,0,0,0,0,0,0,0,0,0,0,0,0,0,0,0,0,0,0,0,0,0,0,0
"8ed2f52702675c09e29242f50f0cb2a7",0,0,0,0,0,0,0,0,0,0,0,0,0,0,0,0,0,0,0,0,0,0,0,0,2,0,0,2,0,0,0,0,0,0,0,0,0,0,0,0,0,0,0,0,11,0,0
"3ea7ff4f40ec8a07da137403d9f471f6",0,0,0,0,0,0,1,0,0,0,0,0,0,0,0,0,0,0,0,0,0,0,0,0,0,0,0,0,0,0,0,0,0,0,0,0,0,0,0,0,0,0,0,0,0,0,0
"0ee6626da60ff06c01d25a6fbe61185a",0,6,0,0,0,0,0,0,0,0,0,0,0,0,0,0,0,0,0,0,0,0,0,0,0,11,0,6,0,0,0,0,0,0,0,0,0,0,0,23,0,0,0,0,7,0,0
"767932c0d261f4106e79c485c25a6c33",0,0,0,0,0,0,0,0,0,0,0,0,0,0,0,0,0,37,0,0,0,0,0,0,0,0,0,0,0,0,0,0,0,0,0,0,0,0,0,0,0,0,0,0,0,0,0
"f56f4a6df614b32c180c3f6c1cc2a725",0,0,0,0,0,0,0,0,0,0,0,0,0,0,0,0,0,47,0,0,0,0,0,0,0,0,0,0,0,0,0,0,0,0,0,0,0,0,0,0,0,0,0,0,0,0,0
"80fcecaea171cfa4c3caf9c6d1aece9c",37,0,0,0,0,0,0,13,0,0,0,0,0,0,0,0,0,0,0,0,0,0,0,12,0,0,0,0,7,0,0,0,0,0,0,0,0,0,0,0,14,0,0,0,0,0,0
"d66f42781fdb201e417c0c4c68467ced",0,0,0,0,0,0,0,0,0,0,0,0,0,0,0,0,0,0,0,0,0,0,0,0,0,0,0,0,0,0,0,0,0,0,13,0,0,0,0,0,0,0,0,0,0,0,0
"3564e7fa28142998df8d693df88df101",0,0,0,0,0,0,0,0,0,0,0,0,0,0,0,0,0,0,0,0,11,0,0,0,0,0,0,0,0,0,0,0,0,0,0,0,0,3,0,0,0,0,0,0,9,0,0
"fb4ef2f88f92dab246c49b7edd42eb53",0,0,0,0,0,0,0,0,0,0,0,0,0,0,58,0,0,0,0,0,0,0,0,0,0,0,0,0,0,0,0,18,0,0,0,0,0,0,0,0,0,0,0,0,0,0,0
"2603255fc7ca0437d0e03a655316db2f",0,0,0,0,0,0,0,13,0,0,0,0,0,0,0,0,17,35,0,0,0,0,0,0,0,13,0,0,11,0,19,0,0,0,40,0,0,0,0,0,0,0,0,0,0,601,0
"6abc6575084ba8b9282782d6a3909f8d",0,0,0,0,75,0,0,0,0,0,0,0,0,0,42,0,0,0,0,0,0,0,36,0,0,0,0,0,0,7,0,0,0,0,0,0,24,0,0,0,0,0,0,0,0,0,0
"2e522c38ea4ef8303a6cd6f9f61addbe",0,0,0,0,0,0,0,0,0,0,0,0,0,0,0,0,0,0,0,0,0,0,0,0,0,0,0,0,0,0,0,0,0,0,0,0,0,0,0,0,37,0,0,0,0,0,0
"6c71e31609606c3a35abb447baef0408",19,0,0,0,0,0,0,0,0,0,0,0,0,0,0,0,0,0,0,0,0,0,0,0,0,0,0,0,0,0,0,0,0,0,0,0,0,0,0,0,0,0,0,0,0,0,0
"8a24cbe34374b63eb07894546bc50668",0,0,0,0,0,0,0,0,0,0,0,0,0,0,0,0,12,0,0,0,0,0,0,0,0,0,0,0,0,0,0,0,0,0,0,0,0,0,0,0,0,0,0,0,0,0,0
"193816624a2ba1e7d71aad08a7cfe4e1",0,0,0,0,0,0,0,11,0,0,0,0,1,0,0,0,0,0,0,0,0,0,0,0,0,0,0,0,0,8,0,0,0,0,0,0,0,0,0,0,0,0,0,0,0,0,0
"d6c15e214ec4b2e5172279c4331171ae",0,0,0,0,0,0,0,0,0,0,0,0,0,0,0,0,0,0,0,0,0,0,0,3,0,0,0,0,0,0,0,0,0,0,0,0,0,0,0,0,0,0,0,0,0,0,0
"c09a9f2a646924c3a362f4cb16338b96",0,12,0,0,0,0,0,0,0,1,0,6,28,0,0,0,0,0,0,0,0,0,0,0,0,0,0,1,0,5,0,0,0,0,0,0,0,0,0,0,0,0,0,0,0,0,0
"096d1f3f78792bd8fdffc40e205c1c12",0,5,0,0,0,0,0,0,0,3,0,41,6,0,0,0,0,0,0,0,15,0,25,20,36,20,47,10,0,5,0,0,0,0,19,15,0,0,0,0,0,0,0,0,0,0,0
"23b129f9d2b75363db6921d579eb7bb6",0,0,0,0,0,0,0,0,0,0,0,0,0,0,0,0,0,0,0,0,16,0,0,0,0,0,0,0,0,0,0,0,0,0,0,0,0,0,0,0,0,0,0,0,0,0,0
"ec5dd00fd4e9bea8f38ad66e99ffe5f9",0,20,0,0,0,0,0,0,0,0,0,0,7,0,0,0,0,0,0,0,0,0,0,0,0,13,0,0,0,0,0,0,0,0,0,0,0,0,0,0,0,0,0,0,0,0,0
"3a3e7f9f2ce7662d24b2c65292b782ce",0,0,0,0,0,0,0,0,0,0,0,2,0,0,0,0,0,0,0,0,10,0,0,3,0,0,0,0,0,0,0,0,0,0,0,0,0,0,0,0,0,0,0,0,0,0,0
"f720cf51337e3ac09ef5c63cf2c65083",0,0,0,0,0,0,0,0,0,0,0,0,0,0,0,0,0,0,0,4,0,0,0,0,0,0,0,0,0,0,0,0,0,0,0,0,0,0,0,0,0,0,0,0,10,0,0
"172fedacff79bfa7625bc61673562374",0,0,0,0,0,0,0,0,0,0,0,0,0,0,0,0,0,0,0,0,5,0,0,0,0,0,0,0,0,0,0,0,0,0,0,0,0,0,0,0,0,0,0,0,0,0,0
"126500182fac0c783b43f0a606649895",0,0,0,0,0,0,4,0,0,0,0,4,0,0,0,0,0,0,0,0,0,0,0,0,0,0,0,0,0,0,0,0,0,0,0,0,0,0,0,0,0,0,0,0,0,0,0
"37c280cb1e944e67388d0aa93105be51",0,0,0,0,0,8,2,12,0,0,0,7,0,0,0,0,0,0,0,0,0,0,0,0,4,0,10,17,0,0,0,0,0,0,0,0,0,22,0,0,0,0,0,0,0,0,0
"6092849486b1373d5f67471dcdd8973b",0,0,0,0,0,0,0,0,0,0,0,0,4,0,0,0,0,0,0,0,0,0,0,0,0,0,0,0,0,0,0,0,14,0,0,4,0,0,0,12,0,0,0,0,0,0,0
"a293a6eda71f48ddeaba73e2a7e97dc9",0,5,0,0,0,0,15,0,0,0,0,0,10,0,0,0,0,0,0,0,0,0,13,0,0,0,0,13,0,0,0,0,0,0,0,11,0,0,0,19,0,0,0,0,0,0,0
"454dba18f7a05bfda6d0cd16e77483d1",0,15,0,0,0,0,2,9,0,0,0,1,5,0,0,0,0,0,0,3,3,0,12,0,13,0,5,13,0,14,8,0,0,0,0,12,0,0,0,0,0,22,0,0,11,0,0
"116771ae4c7f23e7cf85412f72766494",0,0,0,0,0,0,0,0,0,15,0,12,0,0,0,0,0,0,0,0,0,2,0,0,0,0,0,1,0,0,0,0,0,0,0,0,0,0,0,0,0,0,0,0,0,0,0
"deeb7814a55e06113e4e0fb512c0e7c3",0,10,0,0,0,0,0,0,0,0,0,0,0,0,0,0,0,0,0,0,0,0,0,0,0,0,0,0,0,0,0,0,0,0,0,0,0,0,0,0,0,0,0,0,0,0,0
"81d52f5ecc75dc7ec021370698f4920e",0,0,0,0,0,0,7,0,0,0,0,3,7,0,0,0,0,0,0,0,0,0,0,0,0,0,0,6,0,4,0,0,0,0,0,15,0,0,0,0,0,0,0,0,0,0,0
"b7806ff0b01ed4f25927bd7c7dc2bb42",0,0,0,0,0,0,0,0,0,0,0,0,0,0,0,0,0,0,0,0,4,0,0,0,0,0,0,24,0,27,0,0,0,0,0,0,0,0,0,0,0,0,0,0,0,0,0
"988bb118bb9caabcceb80d5b77c8e457",0,0,0,0,0,0,0,0,0,10,0,7,1,0,0,0,0,0,0,0,0,0,29,0,10,6,0,0,0,0,0,0,15,0,0,0,0,0,0,0,0,0,0,0,0,0,0
"f1b53dc7d574525aee4ef9719b8d5969",0,0,0,0,0,0,0,0,0,0,0,1,0,0,0,0,0,0,0,0,0,0,0,0,0,0,0,0,0,0,11,0,0,16,0,0,0,0,0,0,0,0,0,0,0,0,0
"ade60f88fdcf117bda38e11124659aac",0,0,0,0,0,0,0,0,0,6,0,7,6,0,0,0,0,0,0,0,0,0,0,6,0,0,9,15,0,0,0,0,0,0,0,8,0,0,0,0,0,0,0,0,0,0,0
"a19a3e64e7601255e876ae103f91c371",0,0,0,0,0,0,0,0,0,0,0,0,0,0,0,0,0,0,0,0,0,0,0,0,0,0,0,0,0,3,0,0,0,0,0,0,0,0,0,0,0,0,0,0,0,0,0
"fc86137b4f2edf97875d9ce7c7781adf",0,0,0,0,0,0,0,0,0,0,0,3,0,0,0,0,0,0,0,0,0,0,0,0,0,0,0,0,0,0,0,0,0,0,0,0,0,0,0,0,0,0,0,0,0,0,0
"5333025969d4a85ecd2fcd321bdb1f46",0,8,45,0,7,0,0,31,0,0,0,3,2,0,0,0,0,0,0,12,0,0,0,0,0,15,0,29,0,32,34,0,0,0,0,12,0,0,0,32,0,0,0,0,49,0,0
"5c8052710092b6c7cec554b1480ce313",0,82,0,153,108,89,84,157,0,120,0,93,53,0,0,54,160,0,0,98,219,0,90,88,83,76,147,94,0,83,24,0,52,0,102,83,0,129,103,111,0,98,0,0,112,0,67
"e12a5420c5e0c5455a1fbc1fa8f70ecd",0,10,0,0,0,0,0,0,0,0,0,6,0,0,0,0,0,0,0,0,5,0,0,13,0,0,0,0,0,0,0,0,0,0,0,0,0,0,0,0,0,0,0,0,0,0,0
"b30c541c283fe72771797cee8b70d052",0,0,0,0,0,0,0,0,0,0,0,0,0,0,0,0,0,0,0,0,1,0,0,0,0,17,0,0,0,0,0,0,0,0,0,0,0,0,0,0,0,0,0,0,0,0,0
"158fd9229a690ada7721d5661eb49c03",0,0,0,0,0,0,0,0,0,0,0,0,0,0,0,0,0,0,0,5,0,0,0,0,0,0,0,0,0,0,0,0,0,0,0,0,0,0,0,0,0,0,0,0,0,0,0
"d47662735b24729bde87986d2c45a53c",0,28,0,0,27,0,13,0,0,13,0,27,26,0,0,0,0,0,0,0,6,0,3,0,7,14,4,14,0,0,0,0,0,0,0,0,0,0,0,0,0,0,0,0,0,0,0
"68dca97a2ccdf1a46ba60fa2e19ae970",0,0,0,0,0,0,0,0,0,12,0,0,0,0,0,0,0,0,0,0,0,0,0,0,0,0,0,0,0,0,0,0,0,0,0,0,0,0,0,0,0,0,0,0,0,0,0
"8f34bdf88a2d19b306b7940a13437910",0,11,0,0,0,0,0,0,0,0,0,0,0,0,0,0,0,41,0,0,0,0,0,0,0,0,0,0,0,0,0,0,0,0,0,0,0,0,0,0,0,0,0,0,0,0,0
"0d06999ee50ab0abad026a088f8a84b8",0,48,0,0,0,55,57,61,0,33,0,25,67,0,0,0,0,0,0,40,6,0,41,56,45,77,52,8,0,17,10,0,27,0,0,50,0,79,34,0,0,33,0,0,38,0,0
"f65d235a28662c7d69cd585b60a0b38d",0,120,329,0,73,108,160,135,69,156,223,94,49,0,0,0,60,0,0,188,57,0,152,136,56,71,145,31,0,24,0,0,29,0,75,101,0,115,75,100,0,206,0,0,72,0,79
"af76e1b647569a87dc0f1e6465538454",0,0,0,0,0,0,0,0,0,0,0,4,0,0,0,0,0,0,0,0,0,0,0,0,0,0,0,0,0,0,0,0,33,0,0,0,0,0,0,0,0,0,0,0,0,0,0
"f26abd044fde7c5268d23bf2a7b65331",0,0,0,0,0,0,0,0,0,0,0,2,0,0,0,0,0,0,0,0,7,0,0,0,10,0,0,0,0,6,0,0,0,0,0,0,0,0,0,0,0,0,0,0,0,0,0
"9e8462357dbd4195383c2fbe49df8d7c",0,0,0,0,0,0,16,0,0,0,0,0,0,0,0,0,0,0,0,0,0,0,0,0,0,0,18,0,0,0,0,0,0,0,0,0,0,0,0,0,0,0,0,0,0,0,0
"ae95da550db848e6bb84765eec708731",0,0,0,0,0,0,0,0,13,0,0,0,0,0,0,0,0,0,0,0,0,0,0,0,0,0,0,0,0,0,0,0,0,0,0,0,0,0,0,0,0,0,0,0,0,0,0
"05fc320c9b9e69eb529b32f654fe699a",0,0,0,0,0,0,0,10,0,0,0,0,0,0,0,0,0,0,0,0,0,0,0,0,0,0,0,0,0,0,0,0,0,0,0,0,0,0,0,0,0,0,0,0,0,0,0
"754c738badb7ea172a1063c2f4ee66e6",0,0,0,0,0,0,0,0,0,0,0,0,0,0,0,0,0,0,0,0,0,0,0,0,0,0,0,0,13,0,0,0,0,0,0,0,0,0,0,0,0,0,0,0,0,0,0
"1637942ee2c170dab660ebaceac87af8",0,0,0,0,0,0,0,0,0,0,0,0,0,0,0,0,0,0,0,0,0,14,0,0,0,0,0,0,0,0,0,0,0,0,0,0,0,0,0,0,0,0,0,0,0,0,0
"b4becc31f6447f117deaadb505f0dd0f",0,6,0,0,0,0,0,0,0,0,0,0,0,0,0,0,0,0,0,0,0,0,0,0,0,0,0,0,0,0,0,0,0,0,0,12,0,0,0,0,0,0,26,0,0,0,0
"c2d0fa3a096af6feb9bda91608c0aa28",0,0,0,0,0,0,0,2,0,0,0,3,11,0,0,0,0,0,0,5,0,0,12,0,0,0,0,0,0,0,11,0,4,0,0,0,0,0,0,0,0,0,0,0,0,0,0
"d7fa981ee1430c4b3c1151ce862a7e39",0,0,0,0,0,0,21,19,0,19,0,5,5,0,0,0,0,0,0,0,0,0,0,4,0,0,0,0,0,0,0,0,0,0,0,0,69,0,0,0,0,11,0,0,0,0,0
"fe142cb2ec2234230f1958b525565668",0,0,0,0,0,0,2,0,0,0,0,2,6,0,0,0,0,0,0,0,0,0,10,0,10,0,0,0,0,11,0,0,0,0,0,0,0,0,0,0,0,0,0,0,0,0,0
"77f2cdb4a1fa1900d2a5ec1d7df255df",0,0,0,0,0,0,0,0,0,0,0,8,12,0,0,0,0,0,0,0,16,0,0,0,0,0,0,20,0,0,0,0,0,0,0,0,0,0,0,0,0,0,0,0,0,0,0
"a4fdf73dec7bbf5937445e64fc953351",0,6,0,0,0,20,25,10,0,0,0,10,17,0,0,0,0,0,0,15,7,0,23,17,44,0,16,7,0,6,2,0,22,0,0,41,0,0,0,23,0,0,0,0,17,0,0
"2003704f56e4d2e6d147f352c1726a7c",0,0,0,0,0,0,0,0,0,0,0,0,0,0,0,0,0,0,0,0,0,0,0,0,0,0,0,12,0,0,0,0,0,0,0,0,0,0,0,0,0,0,0,0,0,0,0
"75f4596ebcf21a1af50455b9de279cd1",10,0,0,0,13,0,0,0,0,0,0,0,0,0,52,0,0,0,0,0,0,0,0,0,0,0,0,0,26,8,0,13,0,0,0,0,0,0,0,0,39,0,23,0,0,0,0
"1f170095ab17d9b4b8b313f54c2006e6",0,0,0,0,0,0,0,0,0,0,0,0,0,0,0,0,0,0,0,0,0,0,0,0,0,0,0,0,24,0,0,0,0,0,0,0,0,0,0,0,0,0,51,0,0,0,0
"dec27fc9d1c50371ac9e6851a0a5551e",0,0,0,0,0,0,0,0,0,0,0,3,0,0,0,0,0,0,0,0,0,0,0,0,0,0,0,0,0,0,0,0,0,0,0,0,0,0,0,0,0,0,0,0,0,0,0
"68c784203d77c905bb21b6659466931e",0,0,0,0,0,0,0,0,0,0,0,2,0,0,0,0,0,0,0,0,0,0,0,0,0,0,0,0,0,0,0,0,0,0,0,0,0,0,0,0,0,0,0,0,0,0,0
"55bbb66e7b36f52bedf7b7048478e167",0,0,0,0,0,0,0,0,0,0,0,4,5,0,0,0,0,0,0,0,0,0,0,0,0,0,0,0,0,6,0,0,0,0,0,0,0,0,0,0,0,0,0,0,0,0,0
"264a571844283722c38de5ad570a9d88",0,0,0,0,0,0,0,0,0,0,0,0,5,0,0,0,0,0,0,0,0,0,0,0,0,0,0,0,7,0,0,0,0,0,0,0,0,0,0,0,0,0,0,0,0,0,0
"7c089f0fb3da2acb1a437ae04120bdbd",0,6,0,0,0,0,0,0,0,0,0,0,0,0,0,0,0,0,0,4,0,0,0,0,0,0,0,0,0,0,0,0,0,0,0,0,0,0,0,0,0,0,0,0,0,0,0
"560f77a8173c300ae48894c3f1abfd56",0,0,0,0,0,0,0,0,0,1,0,13,0,0,0,0,0,0,0,0,22,0,0,8,0,7,0,0,0,0,0,0,0,0,0,0,0,0,0,0,0,0,0,0,0,0,0
"26ca0c356ecaab13ae9ad70ee5a149e9",0,0,0,0,0,0,0,0,0,0,0,0,0,0,0,0,0,0,0,0,0,0,0,0,0,0,0,0,0,0,0,0,0,0,0,0,0,0,0,0,0,0,0,0,17,0,0
"589d791276f9b4b579514cb5676f2736",0,0,0,0,0,0,7,0,0,0,0,6,20,0,0,0,0,0,0,0,0,0,0,0,0,22,0,0,0,0,0,0,0,0,0,0,0,0,0,0,0,0,0,0,0,0,0
"4b657fa70adceb4f23e84e9d6e673629",0,0,0,0,0,0,4,0,0,0,0,0,9,0,0,0,0,0,0,0,0,0,0,0,16,0,0,2,0,0,0,0,0,0,0,12,0,0,0,0,0,0,0,0,0,0,0
"a39ced52885fbfe4c0afab489b2e2465",0,0,0,0,0,0,0,0,0,0,0,0,0,0,0,0,0,0,0,0,4,0,0,0,0,0,0,0,0,0,0,0,0,0,0,0,0,0,0,0,0,0,0,0,0,0,0
"bbd8497ca4977abd6d75cba20627c2b5",0,0,0,0,0,0,1,0,0,0,0,0,0,0,0,0,0,0,0,0,0,0,0,0,0,0,0,0,0,0,0,0,0,0,0,0,0,0,0,0,0,8,0,0,0,0,0
"89303d8a6efdf10ec55b8c71a35fcb73",0,0,0,0,0,0,0,0,0,0,0,0,0,0,0,0,0,0,0,0,0,0,0,0,0,0,0,0,0,0,0,0,20,0,0,0,0,0,0,0,0,0,0,0,0,0,0
"562c56d46912bf14e45c72de14472dbe",0,0,0,0,0,0,0,0,0,0,0,6,0,0,0,0,0,0,0,0,0,0,0,0,0,0,0,0,0,0,0,0,0,0,0,8,0,0,0,0,0,0,0,0,0,0,0
"1cd6b8e970f02d0f5bac3396a297af41",0,0,0,0,0,0,0,0,0,0,0,0,0,0,0,0,0,0,0,0,0,0,0,0,0,0,0,0,0,8,0,0,0,0,0,0,0,0,0,0,0,0,0,0,0,0,0
"84fae4d57da295b9e9060b9218b812e8",0,0,0,0,0,0,0,0,0,0,0,0,0,47,0,0,0,0,0,0,0,0,0,0,0,0,0,0,0,0,0,0,0,0,0,0,0,0,0,0,0,0,0,0,0,0,0
"9a16d36296677115074af95295d7be97",0,0,0,0,0,0,0,0,0,0,0,0,12,0,0,0,0,0,0,0,0,0,0,0,0,0,0,0,0,0,0,0,0,0,0,0,0,0,0,0,0,0,0,0,0,0,0
"1f7acd2e5f0d2c6b5f135d17b76928f8",0,0,0,0,0,0,0,17,0,0,0,0,0,0,0,0,0,0,0,0,0,0,0,0,0,0,0,0,0,0,0,0,0,0,0,0,0,0,0,0,0,0,0,0,0,0,0
"6c5461d09ddc65cdd1f46ba80213a341",0,0,0,0,0,0,1,0,0,0,0,0,8,0,0,0,0,0,0,5,16,0,0,0,0,0,0,10,0,0,0,0,0,0,0,0,0,0,0,0,0,0,0,0,0,0,0
"3245266985188da2e2ebfbf054f3caa1",0,0,0,0,0,0,0,0,0,0,0,0,8,0,0,0,0,0,0,0,0,0,0,0,0,0,0,0,0,0,0,0,0,0,0,0,0,0,0,0,0,0,0,0,0,0,0
"bcc8531de929e7c4ed4a5d1ea75f167d",0,0,0,0,0,0,0,0,0,0,0,2,0,0,0,0,0,0,0,0,0,0,0,0,0,0,0,0,0,0,0,0,0,0,0,0,0,0,0,0,0,0,0,0,0,0,0
"6ea7447ca2c8e9c0ccece8a1f6c13fa3",0,0,0,0,0,0,0,0,0,0,0,0,0,0,0,0,0,0,0,10,0,0,0,0,0,0,0,0,0,0,0,0,0,0,0,0,0,0,0,0,0,0,0,0,0,0,0
"23c94ebc781afdc96701daa0f7152839",0,25,0,0,0,0,1,0,0,52,0,15,16,0,0,0,0,0,0,0,10,0,0,5,31,0,0,50,0,1,0,0,23,0,0,11,0,0,0,0,0,0,0,0,0,0,0
"d8bb9c0742bd03789d22d2c096a32180",0,0,0,0,0,0,5,0,0,0,0,2,0,0,0,0,0,0,0,0,0,0,0,0,0,0,0,0,0,0,0,0,0,0,0,0,0,0,0,0,0,0,0,0,0,0,0
"e06f780a800f42f5a10c418467a6f747",0,0,0,0,0,0,0,0,0,10,0,2,0,0,0,0,0,0,0,0,0,0,0,0,10,0,0,0,0,0,0,0,0,0,0,0,0,0,0,0,0,0,0,0,0,0,0
"ced90942ead75aaef09b69b3485340cc",0,0,0,0,0,0,0,0,0,0,0,0,0,0,0,0,0,0,0,0,0,0,0,0,0,0,0,0,0,0,0,0,0,0,0,8,0,0,0,0,0,0,0,0,0,0,0
"8511011d5d12ea2a12eb9c7935ccc521",0,55,0,0,68,25,24,0,0,0,0,19,43,0,0,0,70,0,0,0,17,0,0,15,35,56,0,44,0,39,29,0,0,0,0,0,0,19,37,52,0,0,0,0,13,0,0
"0982e5399f3eac5e2b6f61ec957f3745",0,14,0,0,76,41,25,25,0,57,68,17,45,0,0,0,0,0,0,31,21,0,24,40,38,41,76,77,0,107,58,0,34,0,11,68,0,40,22,40,0,48,0,0,45,0,136
"716a0ae3439a502c2dd2340eecd37490",0,11,0,0,14,0,0,0,0,0,0,0,0,0,0,0,0,0,0,0,0,0,0,0,0,0,0,0,0,0,0,0,0,0,0,0,0,0,0,0,0,0,0,0,0,0,0
"dbaac4bb5048788971eecd3318a405f4",0,0,0,0,0,0,0,0,0,0,0,0,0,0,0,0,0,0,0,0,3,0,0,0,0,0,0,8,0,3,7,0,0,0,0,0,0,0,0,0,0,0,0,0,0,0,0
"7d326f44c2fdfbbfc38a9707ce00a7e4",0,0,0,0,0,0,5,6,0,69,0,11,0,0,0,0,0,0,0,0,0,0,7,0,0,7,0,0,0,0,26,0,348,0,0,15,0,109,141,107,0,0,0,0,31,0,0
"40f42bcb31ed93b9f54cf07c435645a9",0,7,0,0,0,0,0,0,0,0,0,0,5,0,0,0,0,0,0,0,0,0,0,0,0,0,0,0,0,0,0,0,0,0,0,0,0,0,0,0,0,0,0,0,0,0,0
"fa056edaea9cd11e6e723c51df55a055",0,0,0,0,0,0,0,0,0,0,0,4,0,0,0,0,0,0,0,0,0,0,0,0,0,0,0,0,0,0,0,0,0,0,0,0,0,0,0,0,0,0,0,0,0,0,0
"6734255ab466b042f373e115a081af73",0,0,0,0,0,0,0,0,0,8,0,4,3,0,0,0,0,0,0,0,10,0,0,0,0,0,0,0,0,0,0,0,0,0,0,2,0,0,0,0,0,0,0,0,18,0,0
"543349ff10f104b2f7f4203ec3b89e13",0,0,0,0,0,0,0,0,0,0,0,6,0,0,0,0,0,0,0,10,0,0,0,13,0,0,0,0,0,0,0,0,0,0,0,0,0,0,0,0,0,0,0,0,0,0,0
"4cc29e14b01289958a01a565971d281f",0,0,0,0,0,0,0,0,0,3,0,0,0,0,0,0,0,0,0,0,0,0,0,0,0,0,0,0,0,0,0,0,0,0,0,0,0,0,0,0,0,0,0,0,0,0,0
"6a73121a0095ea91f3d51ddb30ae4ee6",0,0,0,0,0,0,0,0,0,0,0,0,0,0,0,0,20,0,0,0,0,0,0,0,0,0,0,0,8,26,0,0,0,0,0,0,0,0,0,0,0,4,0,0,0,0,0
"8531c02d37bd98ab55efd07f2531699c",0,0,0,0,0,0,0,0,0,8,0,0,0,0,0,0,0,0,0,0,0,0,0,0,0,0,0,6,0,9,8,0,0,0,0,0,0,0,0,0,0,0,0,0,0,0,0
"f445d1634ef7dd97c8d01154e1f0587b",0,0,0,0,0,0,0,0,0,0,0,0,0,0,0,0,0,0,0,0,0,0,0,15,0,0,0,11,0,13,0,0,0,0,0,0,0,0,0,0,0,0,0,0,0,0,0
"1086a6ef6f1e373b285fd437ac179a53",0,131,0,0,80,134,114,44,24,97,31,60,53,0,0,0,197,0,0,93,69,0,55,85,0,73,85,71,0,64,37,0,0,0,96,84,80,98,106,143,0,136,0,0,125,0,118
"5ddea6803c26356f5f661a78b5aeb759",0,0,0,0,0,0,0,0,0,0,0,0,0,0,0,0,0,0,0,0,3,0,4,0,0,0,0,0,0,0,0,0,0,0,0,0,0,0,0,0,0,0,0,0,0,0,0
"3c044181a93319439f1b18aa805e7e3c",0,0,0,31,0,0,8,0,0,0,0,0,0,0,0,0,0,33,0,0,0,0,0,0,4,0,0,0,25,0,5,0,0,0,0,0,0,0,0,0,0,0,0,0,0,0,0
"b2195b313fabc9b223fb053359558f25",16,0,0,166,0,0,0,0,0,0,0,0,0,0,0,143,0,0,0,0,0,8,13,27,2,0,0,0,32,0,0,22,0,0,0,0,0,0,0,0,0,42,0,0,0,0,0
"3caf28a6f9d845f1fd4e6da3eb9626ee",0,0,0,0,0,0,0,0,0,0,0,0,0,0,0,0,0,0,0,0,0,0,0,0,0,0,0,0,0,0,0,0,0,0,0,15,0,0,0,0,0,0,0,0,0,0,0
"d6fec260ca9014c10cac3fbafe23eeb3",0,0,0,59,0,0,0,0,0,0,0,0,0,0,0,0,0,0,0,0,0,0,0,0,0,0,0,0,27,1,0,0,0,0,0,0,0,0,0,0,16,0,0,0,0,0,0
"f6995c912a1ea21c120c9f3ca72d3690",462,70,269,125,116,100,55,89,787,0,104,9,9,818,449,276,64,44,133,0,26,73,138,18,64,3,39,0,465,0,83,793,47,724,79,28,205,27,88,106,113,67,111,352,75,0,94
"03b43465bb0ae97bc73b549df90529cf",0,0,0,0,0,0,0,0,0,0,0,0,0,0,0,0,0,0,0,0,0,0,0,0,0,13,15,0,0,0,0,0,0,0,0,0,0,0,0,0,0,0,0,0,0,0,0
"371ff3f6af66ba2c07137267c7948686",0,0,0,77,0,0,0,0,0,0,0,1,0,0,0,0,0,0,0,0,15,0,0,0,0,0,0,0,0,0,0,0,0,0,0,0,0,0,0,0,0,0,0,0,0,0,0
"2f339e531bb31b0b06205e64b52051b1",0,0,0,0,0,0,0,0,0,0,0,0,0,0,0,0,0,0,0,0,2,0,0,0,0,0,0,0,0,0,0,0,0,0,0,10,0,0,0,0,0,0,0,0,0,0,0
"c8305126914d4c69e59e8f9b0876fe66",0,0,0,92,0,0,0,9,0,0,102,0,0,0,0,0,0,0,0,0,0,0,0,12,0,0,0,0,0,0,0,0,0,0,0,0,0,0,0,0,42,0,0,0,0,0,0
"058bfe23705435a8c7dca9ca2c3fc8fc",0,0,0,0,0,0,0,7,0,0,0,0,0,0,0,0,0,0,0,0,0,0,0,0,0,0,0,0,0,0,0,0,0,0,0,0,0,0,0,0,0,0,0,0,0,0,0
"f369f9f8a90f79769cfd8f7ff0316cc3",0,0,0,0,0,0,0,0,0,0,0,0,0,0,0,0,0,0,0,15,0,0,0,0,0,0,0,4,0,35,0,0,0,0,0,0,0,16,0,0,0,0,0,0,0,0,0
"6d2015a3b395375e34264a8b64bfec2c",0,18,0,0,0,0,0,0,0,0,0,0,0,0,0,0,0,0,0,0,0,0,0,12,0,7,9,0,0,0,0,0,0,0,0,0,0,7,0,0,0,9,0,0,7,0,0
"8b3ceb6f36e60b709bd3dbdbf2f1ed15",0,38,0,0,105,68,30,31,0,37,83,33,46,0,0,0,38,0,0,52,38,9,27,25,43,39,48,22,0,41,7,0,0,0,52,31,0,27,51,35,0,44,10,30,51,0,79
