"id","1256-008-C119-T","1256-011-C120-T","1256-014-C121-T","1256-018-C122-T","1256-024-C127-T","1256-027-C128-T","1256-030-C129-T","1256-032-C132-T","1256-036-C133-T","1256-042-C143-T","1256-045-C144-T","1256-048-C145-T","1256-052-C148-T","1256-055-C149-T","1256-061-C151-T","1256-066-C153-T"
"9b80dbae369b7fc1c6fd976cf165977e",0,0,0,0,0,0,0,0,0,0,1,0,0,0,0,0
"1ac6988fc5e060d6efb85f66c17e8941",0,0,0,0,0,0,0,0,0,0,0,1,0,34,0,0
"1aea5a010e7926952ffd38e51b667cbc",0,0,0,0,0,0,12,0,0,0,0,0,0,0,0,0
"e5fba78a525a1ae30b2e6bf81b138265",0,1,0,0,0,29,0,0,0,0,0,0,0,0,0,0
"75640263d100a7799e59e25ecf7e4bda",0,0,0,0,0,0,0,0,0,0,0,2,1,1,7,2
"7d38bafed245b3709630ca3b3e9443bc",0,0,0,0,0,0,0,0,14,0,0,0,0,0,0,0
"2009a3dc77818c32b29bee5c9d006172",0,0,0,0,2,0,0,0,0,0,0,0,0,0,2,0
"7b41e089e83193141925032c92793803",0,0,0,0,2,0,0,0,0,0,0,0,1,0,0,0
"46b387c88bd08f72dbce110965d431cb",0,0,0,0,0,0,2,0,0,0,0,0,0,0,0,1
"97f0744134d3cd4bc94263bbdac5a4c4",0,0,0,0,0,0,0,0,0,2,0,2,0,0,2,0
"887445b1a52701eb42d8f2e1ffd0d6d4",0,0,0,0,0,0,0,0,0,0,0,0,0,3,0,0
"9d676b73552d969ccbe3158c1332b445",0,0,0,0,0,0,0,0,0,0,0,0,0,0,0,7
"47a12b32420d460c105c6258e65ea747",0,0,0,0,0,0,0,0,0,0,0,0,0,0,4,0
"816be382cac49dbe44b30e1fc6c46bbe",0,0,0,0,0,0,0,0,0,2,3,0,0,0,0,0
"ad9ccd9fe4ded8337b2ca7ec81d2e973",0,0,0,0,1,0,0,0,0,0,0,0,0,0,0,0
"05d3f76a9cf06845718c1d0f7444b2a4",0,0,0,0,4,0,0,0,0,0,0,0,0,0,0,0
"4480444ce39100b7601eb22cc9bca297",0,0,0,0,0,0,0,0,0,0,0,1,0,0,0,0
"ad01baa81177eeaf1151a745ac16f789",0,0,0,0,0,0,0,0,8,0,0,0,0,0,0,0
"01d3c3182538841f1b85893515a69943",0,34,61,0,0,0,28,0,0,0,0,0,0,0,2,0
"b272116078916fff1854f7d231e5846d",0,17,0,0,0,0,0,37,0,0,0,0,0,0,0,0
"82d6b47faf287dcaede6da41818b327f",12,0,0,18,0,0,0,0,0,0,0,0,1,0,0,0
"f68bc7bc767abe2a590963ba37c37f1b",24,107,172,37,0,0,0,0,0,3,0,0,0,2,0,0
"8e737993ae9f319a48951e255d7b19a1",0,1,0,0,0,0,0,0,0,0,0,0,0,0,0,0
"0c2964f0dfd0f895fb53ee3fb5384612",0,0,0,0,0,0,0,0,0,0,0,0,0,0,1,0
"693866d0f9de3f7b91ce4f1212e3edbb",0,0,0,0,0,0,0,89,41,0,0,0,0,0,0,0
"7bf8fe8ded434c35263079bad205084f",0,0,0,0,0,0,0,0,0,0,0,0,0,5,0,0
"1771cc8db1fffcaad87041231cb613cd",0,0,0,0,0,0,0,0,0,0,0,0,0,0,7,0
"5a474b6561a197f4131530f93230df93",0,0,0,0,0,0,0,0,0,0,0,0,1,0,0,0
"24474df947b65dbe9b1a949482b66173",0,0,0,0,0,0,0,0,0,0,0,0,2,0,0,0
"1ff43568e5b65d5d46e58a754adccf0b",0,0,0,0,0,0,0,10,0,21,3,0,2,0,0,0
"217df94c25108995fab1e68016273c40",0,0,0,0,0,0,0,0,0,16,0,0,5,0,2,1
"00fed98651b9539cae9ec54eaaf6f9ab",0,0,0,0,0,0,0,0,0,0,0,0,0,1,0,0
"77e0f4ff31fe772ccf47342324936f0d",29,70,2,0,24,31,45,21,0,50,21,12,10,27,8,76
"5eac339ba4ee88b519f9c96d61cbd9ac",0,0,0,0,0,0,0,0,0,0,0,0,0,0,2,0
"2fdb9bf4b44446be8e200e6738d463bb",0,0,0,0,0,0,0,0,13,0,0,0,0,0,0,0
"e5ac709b3cb8ccbfddf2a0b434c6bd8b",0,0,0,0,0,0,0,0,0,0,0,0,1,0,0,0
"0e4e1051d95747c221e079a40c9dcd66",0,0,0,0,1,3,0,0,0,1,0,1,1,0,4,0
"443814da12e9ce1fac8c7bbd91097dca",0,10,0,58,0,9,0,0,0,0,22,1,4,3,2,0
"67703b8c96e887c12d90f4d10cd3eb38",0,0,0,0,0,0,0,0,42,0,0,0,1,0,0,0
"ba4ed8ad820b3cd916afc52c1a0f5f37",0,0,0,0,0,3,0,0,0,0,4,0,0,0,0,0
"0d14331723b479eaaac1217b291c191a",0,0,0,0,5,5,0,0,0,1,0,0,2,1,6,0
"9f1b391a7b0691fde2f019dd57c709a1",0,0,0,0,1,0,2,0,0,0,1,1,0,0,14,0
"0564b5be25e605f34193428a58bd6aad",0,0,0,0,0,0,0,0,0,0,0,0,0,2,0,0
"18d92b5c5ff7dac25ab3a2b113c3ae69",0,0,0,0,0,0,0,0,0,0,0,1,0,0,3,0
"385cb86ac72dadd4fcefba540647fd94",0,0,0,0,0,0,0,0,0,0,0,0,0,0,1,0
"bf043c66087861e73924a875b2246843",0,0,0,0,0,0,0,0,0,0,1,0,0,0,1,0
"abbd5cc737992bce3ca99b7cfec371fa",0,0,0,17,0,0,0,0,9,0,0,0,0,0,0,0
"e4395a20c0bb93b16ca903ae20686850",0,0,0,6,0,0,0,0,0,0,0,0,0,0,0,0
"a0bcca461780283d20c7ce69bdc4bdca",0,0,0,0,0,0,0,0,0,0,0,0,0,0,1,0
"b3af09b70168459766c28c6235a1ff8c",0,1,0,16,8,29,5,0,0,2,5,5,11,7,20,2
"c2e26af01a1ed0a72fc2a5058f0b72e5",0,0,0,0,0,0,0,0,0,1,0,0,0,0,3,0
"5ef9c853d818d322bcb82aa9ec48a7bd",0,0,0,0,0,1,0,0,0,0,0,0,0,0,6,0
"9b38f3610cdb002415650e7ef23ceb61",0,0,0,0,0,0,0,0,0,4,0,0,0,0,3,0
"71a2f1b92ec858cd038a7e5f803a8d70",0,0,0,0,1,0,0,0,0,0,0,0,0,0,0,2
"feeb55417da752c52c2cfb83c7820a23",0,0,0,0,0,0,0,0,0,0,0,0,0,0,1,0
"bdb21183a9c26e5b3d7b90855d6b9c23",0,0,0,0,0,0,0,0,0,1,0,0,0,0,0,0
"24a9ac05316b0feecab0cf9921bbce87",0,0,0,0,90,62,104,0,0,43,0,107,113,56,23,0
"5728232723ac8e12fce58b99def78318",0,0,0,0,0,0,0,0,0,0,1,0,0,0,0,0
"0efa0534a9b554362047f96572d26032",0,0,0,0,2,0,3,0,0,3,0,0,1,0,0,2
"ccc246c00f5536f8f73307912b7eae2c",0,0,0,0,1,0,0,0,0,0,0,0,0,0,0,0
"26e33bc793f97ebc9defb1cb72e0b3f1",0,0,0,0,0,0,0,0,0,0,0,0,0,0,7,0
"83165862a963b7e6e6a1c94e61504205",0,0,0,0,1,0,0,0,0,0,0,3,0,0,3,0
"6d63ef998b7a46793a71758a5229d873",0,0,0,0,2,0,0,0,0,0,1,1,1,9,0,0
"73db02a04dc43bfd06f5d3ecb137b07d",0,0,0,0,0,5,5,13,0,0,0,6,1,3,14,20
"fb308f88fd24f8b0e22c9a1e11782e5e",0,0,0,0,0,0,29,0,0,0,0,0,0,4,0,0
"4c0b345787707b61bb82cba031f0caf2",0,0,0,0,0,0,33,0,0,0,0,0,0,0,0,0
"3791c55f1dc30a8d8be75a9542a3ffd6",0,0,0,0,0,1,0,0,0,0,0,0,0,0,0,0
"bf948a2de381cb0b1ab71968859ed984",0,0,0,0,0,2,0,0,0,0,0,0,0,0,0,0
"f6c60ee7ce1c031015f996c4ab276fd2",0,0,0,0,0,2,0,0,0,0,0,0,0,0,0,0
"61171ce61214e5494e58e609266bb3c1",0,0,0,0,5,0,0,0,0,0,0,0,0,0,0,0
"e04396e52ee61e4a0168dfed15c7fd6f",0,0,0,0,5,0,0,0,0,2,0,0,0,0,0,0
"22b7b5cdaf7481e47a5ad529fbbada77",0,0,0,0,0,0,0,0,0,0,0,0,0,0,0,2
"580bb6864d8a9c619f5d5df0c02c52be",0,7,0,0,5,0,0,0,0,0,0,0,3,3,15,0
"205994aec16f1b1f3ae20d0a27a1e4bc",3,0,3,21,7,7,8,1,0,2,1,2,14,8,9,7
"57c44c579dba181241ab8c72e3b632c5",0,0,0,0,0,0,0,0,0,0,0,0,0,0,4,0
"11aa8b6f4f2a3aaa0ef7d7a229910bb5",0,0,0,0,1,3,0,0,7,0,0,0,1,0,0,0
"77ebd991fd6bdeab0f461dd2a0b5e773",0,0,0,0,0,0,0,0,0,0,0,0,0,0,0,34
"85b1d18a4a4e1dae9e4d45c68c7eea16",0,2,0,0,0,0,0,6,0,1,0,1,2,0,0,1
"bf1ac5c10afc415f636b7b0e6547aba8",4,43,25,0,7,0,0,0,4,48,35,3,2,23,3,54
"5ca250ec300b09e948e0dbc866f6ab7b",0,0,0,0,0,0,0,0,0,0,0,0,0,1,0,0
"2d63c050b65b041d73dde0588945306c",0,0,0,0,0,0,1,0,0,1,0,0,0,0,0,0
"ed85cc7a2d5cd8aef9011b95d7d36b08",0,0,0,0,0,0,0,0,0,0,0,1,0,0,1,0
"a40bfdea08226fcf97b43d75781b5e05",0,0,0,0,0,0,0,0,0,1,0,0,0,0,0,0
"1f1bedabaeea28d001cb4aa251772d59",0,0,0,0,3,0,5,0,0,0,0,3,0,3,0,0
"e0ac900a7a7ac71e7cf244231e4c843b",0,0,0,26,0,0,0,0,0,0,0,0,0,0,1,0
"ddb3919688ea8cbcb69717f5d633a704",0,0,0,0,0,0,0,0,2,0,0,0,0,0,0,0
"4e4c5cd13eb19d445bd2ee4bd71a7053",150,0,19,0,6,0,0,33,153,5,1,0,0,2,8,0
"2adf4849f784dcf21bcfa1e0399dd30c",10,0,0,0,0,0,0,0,0,0,0,0,0,0,4,6
"ec83e0f357f4172e753dc17177489a3c",0,2,0,0,0,0,0,0,1,0,0,0,0,0,2,0
"57560f20355839c31e357d19d1d381f0",0,0,0,0,0,0,34,0,0,0,0,0,0,0,1,1
"c81fd45b2d7cd883c05cabf7e71ab44f",4,4,12,0,0,0,0,0,0,0,0,0,0,0,0,0
"1701b8a2db44b8d6e20fbbcae9ee8f58",0,0,10,0,0,0,0,0,0,0,0,0,0,0,0,0
"29e2f643b40c429d6a0a547796c20214",9,69,12,0,0,0,0,0,0,0,2,0,0,1,0,0
"1453473c93abe354ba5bcff2093fc5d6",0,59,0,50,0,0,0,0,0,0,0,0,0,0,0,0
"8dd3a3b534645f9797883ac73ea94d57",0,0,0,0,0,0,0,0,0,0,0,0,0,1,0,0
"c528d6ae45594477fc782148578e08e9",11,52,0,0,1,0,0,0,0,0,0,0,0,0,0,0
"a2ae5dae297006f7b6c3a52775ce2448",41,152,295,135,0,0,0,0,0,0,0,0,0,0,0,0
"1bb1c2da4588ec3594966e37cca9bd95",16,0,0,0,0,0,0,0,0,0,0,0,0,2,0,0
"fca3b97b11bc04502821ccc6689e9eee",0,0,0,0,0,0,6,0,0,0,0,0,0,0,0,0
"2599ef4b278264c9a1e1dc7b7ebb1682",0,0,0,127,0,0,0,0,4,0,0,0,0,0,0,0
"cc37900846b3917480b587a0d72d2972",0,0,0,0,2,0,0,12,17,0,0,1,3,0,0,0
"6bd14805e0f320fcbb3336238d1a038f",0,0,0,0,0,0,0,0,0,0,0,0,6,12,4,0
"86c6cf30f516ff163ade8701375dde2a",0,0,0,0,0,0,0,0,0,0,1,0,0,0,0,0
"0f7167c93714aad995d12b460fd852b6",0,0,0,0,0,0,0,0,61,0,0,0,0,0,0,0
"bb47df36dfa7478b0c019d25eb833909",0,0,0,0,1,0,0,0,0,0,0,0,0,0,0,0
"26e7db464bd9ddffc818ca93655b62d9",0,0,0,0,15,13,36,0,0,0,1,0,0,0,0,0
"e8b9613b88f1782fe3de2398b2f2c91f",0,0,0,0,0,0,0,0,9,0,0,0,0,0,0,0
"9b511c2148fd0247745244f6223b2a3a",0,5,0,0,0,0,0,0,12,0,0,0,0,2,5,0
"0f07e89a01c383a80e5b57defbc16369",0,0,0,0,0,0,0,0,0,0,0,0,0,0,5,0
"84f573579c3d999e821944c844882d3a",0,0,0,0,0,0,0,0,2,0,0,0,0,0,0,0
"ce42b275de17670fd63077bdc06c9e1a",0,10,8,10,0,0,0,0,0,0,0,0,0,0,0,0
"8126c740ba85d052040a0c97f5a38871",0,0,0,0,6,5,38,0,0,10,0,2,2,0,2,165
"c4c294d50cad541b3085aff65fe698af",14,0,17,0,0,7,0,7,16,3,2,1,3,0,12,0
"01d626abe739bdacfb8b15f3cd881e7c",23,0,0,0,3,0,0,17,0,0,0,2,0,2,20,1
"8e80d1e08dbe8bc02a9f35fab8f7430d",0,0,0,0,0,12,0,0,0,1,0,0,0,0,0,0
"b07f654ae8ae1e45d13c312a391bd42b",0,0,0,0,0,0,0,0,0,0,0,0,0,1,0,0
"ccce65c2f144141a459f94bd10352d49",0,0,0,0,8,14,3,0,0,0,0,3,6,11,0,5
"37adf42192fbab5b449df1639f0c920c",0,0,0,0,1,0,0,0,0,0,0,0,0,0,0,0
"09709407208fdb5e90845047ec1b75e0",0,0,0,0,2,0,0,0,0,0,2,0,0,0,2,0
"504c7722da75fb043c4719c82da8f7d3",0,0,0,0,14,0,0,0,0,0,0,1,0,0,0,0
"324957722871201f6ff98d964ea373e0",47,38,14,18,0,66,15,12,0,4,0,3,2,0,3,0
"274c0d1c720eb48f573863b90e4ef2ef",0,5,0,0,0,0,2,0,0,0,0,0,0,1,1,0
"c56bdc1ad8b59c418626045fc75e6376",0,0,0,0,2,0,5,0,0,0,0,0,0,2,1,2
"a9cd9dd1d65e0f77d0a1edd7b97e5266",69,0,0,0,3,0,0,30,29,3,0,0,0,23,20,2
"f0b6c92cc0123a68a60f2c48d9de92bf",0,1,0,0,0,0,0,17,0,0,0,0,0,0,0,0
"3cb0104b5a0c0d13e0e884c5f8cf5e1f",0,0,0,0,0,0,11,16,0,0,0,0,0,0,11,0
"e651bb1fdfdc4f2037890c3a9052a8f6",0,4,0,0,9,95,0,36,0,11,5,17,13,21,26,0
"5865a6f045a732d7eec403212a118e42",0,0,0,0,1,0,0,0,0,0,0,0,0,7,2,0
"865c22deedf6fa81324ca6c629d75530",0,0,0,0,5,2,1,0,0,0,1,1,2,0,0,0
"b17da5271cf623f5d49cd7ceefbec647",50,0,0,46,1,0,0,53,70,2,1,0,0,3,0,3
"873ea27b2c0f46622c21b8df4a362e64",0,0,0,0,0,0,0,0,0,0,0,0,0,0,3,0
"df67b6b1f1703b9c7fe6ce0bc78b2837",0,0,0,0,0,0,0,0,0,1,3,1,0,0,3,0
"ba92b4c2d7d0989ed857017d9df7dfd0",0,0,0,0,0,0,0,0,0,0,0,0,0,1,0,0
"3c79a81911af518c4c4482a126a2d1e6",0,0,0,0,0,3,0,0,0,0,0,0,0,2,12,0
"18c17cdcface21129e6240aeeee0211d",0,0,0,3,0,3,0,0,0,0,0,0,0,0,0,0
"9ea5eb11d77390ea381ce956069c4078",0,0,0,0,0,0,0,0,0,8,6,0,0,0,0,0
"2b3dc5bc0db1f0e69b18885088e42a56",0,0,0,0,0,0,0,0,0,0,0,0,0,3,0,0
"ebfd49a81be4c102fdf02837f8865a5b",0,52,57,10,0,0,0,0,0,1,0,0,0,0,0,0
"13aff901e9a084b39240f3fe567bc1f1",0,0,40,12,0,0,0,0,0,0,1,0,0,0,0,0
"49e2566d25a33c43812619a7e194f4d8",0,0,0,0,0,0,0,0,0,0,0,0,0,0,0,1
"396601689846acbb2a8d413e1916fd17",0,39,54,39,0,0,0,0,0,0,0,0,0,0,0,0
"8f22e727988a392aa67bf459a1bc9105",10,2,0,0,0,0,0,0,0,0,0,0,0,0,0,0
"dbbf6736bf832f0e41df6e675f85cce6",0,0,0,0,0,0,0,21,0,0,0,0,0,0,0,0
"76067d8836c2a74f3abf670213dcf884",0,0,0,0,0,0,0,0,0,0,0,0,0,1,0,0
"19f2dc3477f84999369f99d59898b7bf",0,0,0,0,0,0,0,0,37,0,0,0,0,0,0,0
"f1786af91a1a086c909800caa38cb960",0,0,0,0,0,0,0,0,0,3,5,0,0,1,3,5
"dd16197e7dc73a21ef75844205decd40",0,0,0,0,0,0,0,0,0,3,0,0,0,0,0,5
"dd116ab3e65539202bf58c35d48f2d25",0,0,0,0,0,0,0,5,0,0,0,0,0,0,0,0
"ad26fb3111e2175c646eb8f2c6f06bcb",16,0,0,7,0,0,0,18,48,0,0,0,0,0,1,3
"86985ca896f6b94bfe7ea9dd6ba3ad3a",0,0,0,0,1,0,0,30,8,0,0,0,0,0,3,0
"2ae5d6cfe885b43df96d8db99f97e108",0,0,0,0,0,0,0,0,19,0,0,0,0,0,0,0
"b4d129d95b25477fcb201a266e3d0a81",14,0,0,0,0,5,0,0,0,0,0,0,0,0,2,0
"349fb94823ece4a82a7b4d84a942aa9b",47,0,2,42,0,0,0,158,41,1,0,0,0,0,158,0
"668e9fb850c74a74183b40c005adc443",95,0,0,0,0,18,0,0,0,11,1,0,0,0,0,0
"df1bf9caec16a74e3623bc87a35f1870",0,0,0,0,0,0,0,0,0,0,0,3,4,5,2,0
"ac5d9856904185e47077ccf35b75aa95",0,0,0,0,0,0,0,0,0,0,0,1,1,0,2,0
"590922f75ed2adb3030fe7345601fb2e",0,0,0,8,0,0,0,0,2,0,0,0,0,0,0,0
"5293f360cacdbc75adb2fa402322ab69",0,0,0,7,0,0,0,0,0,0,0,0,0,0,0,0
"a32176bd5e8121769f98602534c3619d",0,0,0,0,12,1,2,0,0,0,0,41,23,22,0,1
"89be92775e409edaa848063e7aa557aa",0,0,0,0,0,0,0,0,0,0,1,0,0,0,4,0
"a191b6b22bff54d1ce79721a6c737fc6",0,0,0,0,0,0,1,0,0,0,0,0,0,0,0,0
"ff8d4ac91a7e1a0e412a28e6aa49731c",0,0,0,0,3,3,6,5,0,4,1,32,20,18,0,4
"9c658495f138597f568521c227f9e298",0,0,0,0,0,0,0,0,0,0,2,2,0,4,4,0
"9c58f3062b8c031f44b1bbe6dfa3d318",0,0,0,0,25,7,2,0,0,0,1,0,2,0,0,0
"9edce0e0c5375d2a7eca424527f0adc2",0,0,0,0,0,0,4,0,0,2,0,2,4,2,2,67
"23bf504cbb1e5f626162a8778c26aa95",0,0,0,0,0,0,0,0,0,0,0,2,2,0,0,0
"b4e933f4a3802b42ab0897c134423428",0,0,0,0,0,0,0,1,0,0,0,9,12,15,0,0
"cb0ee921e6648e02b0ae734130e7d546",0,0,0,0,1,0,0,0,0,0,0,4,5,5,0,0
"6d41aac32108ae72f4d52ea1b5754cf6",0,0,0,0,0,37,0,0,0,0,0,0,0,0,0,0
"057245c9610231489082a12975f3987c",0,0,0,0,20,0,27,0,0,4,0,138,92,138,0,0
"2830446b438d331e39500e8f7fcd851a",0,0,0,0,0,0,0,0,0,0,0,1,22,8,0,0
"6905abc549a14d776bc5022869d6c2a1",0,0,0,0,0,0,0,0,0,0,0,0,0,0,6,0
"721541ac3cb195097ef0b5785234dfc8",0,0,0,0,6,0,0,0,0,0,0,0,18,0,0,0
"cf610f23aed6b689cd6866f8d4c941d6",0,0,0,0,0,0,0,0,0,0,0,0,2,0,0,0
"2f3f91c01e7fef6c3e0270da951f8a0d",0,0,0,0,1,0,0,0,0,0,0,0,9,0,0,1
"ccfee6a273801b427f1368c44686de01",0,0,0,0,10,0,3,0,0,0,1,6,44,73,0,0
"0d7cbe58152b35a03f74ded8b1d77391",0,0,0,0,0,0,0,0,0,0,0,0,0,0,2,0
"e58b1dd32baf26a04dadefa01c4e79df",0,27,0,29,0,0,0,0,0,0,1,0,0,0,0,0
"5eb563228053ecb8ddd4f9372a9d4919",0,0,0,0,0,0,0,0,0,0,0,0,0,0,1,0
"7a5e4ccbf76daee65041127b2b2b021f",0,0,0,0,0,0,0,0,0,0,0,0,0,1,2,0
"ffcf4d6573839f78e20cfacc8fe59154",0,0,0,0,3,0,0,0,0,0,0,0,1,0,0,3
"3db9d7441bd7f133ea0711360a9339e7",0,0,0,0,0,0,0,13,0,0,0,0,0,0,0,0
"eab4fda9cee61bce80bc7cd47631f599",0,0,0,0,38,2,6,0,0,4,0,57,23,26,0,0
"efcf3bdeb7349279e651ce924b349894",0,0,0,0,0,0,0,0,0,1,0,0,0,0,1,0
"a321b5e6a4c33f88dd7eba27afb6b7c4",0,0,0,0,0,0,0,0,0,0,0,2,8,1,0,0
"4143f8b9c84841fc37e99859e8cb5dad",0,0,0,0,0,0,0,0,0,0,0,0,0,0,1,0
"9e2dcd90f89946d734cd7b213fece339",0,6,0,0,0,0,0,5,7,1,0,0,0,1,0,2
"4170ecbe79c7db689e18ef7ad481edd1",0,0,0,0,0,0,0,0,0,0,0,0,1,4,0,0
"e6e5171641b9ad5a6db79c1bf8375b8a",0,0,0,0,0,0,0,0,0,1,0,0,8,0,0,0
"dcd0e3f64343089fa209c1584cc8e787",0,0,0,0,28,0,0,0,0,0,0,9,8,12,0,0
"4105ac7ceed1da4bceb4f4c76230b2fe",0,0,0,6,0,0,0,0,0,0,0,0,0,0,9,0
"a060d734ad7ea4c9200e9385535ad171",0,0,0,0,0,0,0,0,0,0,0,0,0,1,0,0
"e3826ab58cb555061ee7e72af52a3a5c",0,0,0,0,0,0,0,0,0,0,0,1,0,0,0,0
"3c485cb38c01f598c32327bb55e41bdf",9,0,0,0,47,7,2,0,0,0,0,5,22,11,12,0
"142bf8478e489e613e5a363ee4c9df67",0,0,0,0,0,0,0,0,0,0,0,0,1,0,2,0
"e71eb33339d76d6451d5cea8b441786d",0,39,9,0,0,0,0,0,0,0,0,3,0,0,0,0
"61d392509ec47c0fb728bf4d79b09770",0,1,0,0,0,0,0,0,0,0,0,0,0,0,0,0
"019fb2173f95f623f9f2e044f7604a23",0,0,0,9,1,0,0,0,0,0,0,0,1,0,0,0
"66118c84653c18a414c8f3dbba285961",0,0,0,0,0,0,0,0,0,0,0,0,0,0,2,0
"c17729ac696d3a41fbd2310b4f8752a8",0,0,0,0,0,0,0,0,0,2,0,0,0,0,0,0
"5c2f7daf7707f8f0301fb05e7c862ed0",0,0,0,0,0,0,0,0,0,0,0,0,0,1,0,0
"a93608f53225377fe3b5baa6ccf7fc48",0,0,0,0,0,0,0,0,0,2,0,0,0,3,1,0
"65d4e25973c0092cc2308b8eb022f9f7",0,0,0,0,1,0,0,0,0,0,0,0,1,1,0,1
"94a1ffee1ca076f48b78b8ab13712479",4,0,0,0,6,0,1,0,0,0,1,1,2,1,0,6
"bcef888831ee52d25835a0c7d3b61703",0,0,0,0,13,0,1,0,0,0,0,2,0,3,7,1
"3e0c46e4a27bd7087f239be6d73fb660",0,0,0,0,2,0,0,0,0,0,0,0,0,0,0,0
"e5567465223bd8989407c608c46d8309",0,0,0,0,2,0,0,0,0,0,0,0,0,0,0,0
"e6bea6135165b7b1af4d08fdbddfb4e7",0,0,0,0,0,0,0,0,0,0,0,0,0,0,1,0
"5717f5ee711a2788c8efb30975487880",0,0,0,0,0,0,0,0,0,1,0,0,0,0,3,3
"9654c0fea4ea2c8a5cc442c24d927931",0,0,21,25,0,0,0,0,0,5,0,1,0,0,9,30
"ba1c80eec5e4729380ef25884135f684",0,0,0,0,1,0,0,0,0,0,0,0,0,0,0,0
"2f98f061e4ad0254c9070c1648c8b85b",0,0,0,0,1,0,0,0,0,0,0,0,0,0,0,0
"f5650b14cde5e6cecad1c1e03cf49377",0,0,0,0,6,1,1,0,0,0,0,3,7,11,9,0
"a500e7ea1c75bf5f638e370a4af5260a",0,0,0,0,2,4,0,0,0,0,1,0,6,2,2,0
"f34ace93a8b881f77277003fd31e5480",0,0,0,0,0,0,5,0,0,0,0,0,3,0,3,38
"791084378fe33abb554981d7dd3f0dbf",0,0,0,0,0,1,0,0,0,0,0,1,0,1,0,0
"e909ac935a7abf4a9762361b3af63db2",0,0,0,0,0,0,0,0,0,0,0,0,0,0,4,0
"122e2ca480ea68952b5cacae22fbfa1b",0,0,0,0,0,0,0,0,0,1,0,0,0,1,0,2
"b57a3a0bdf51f2101f7bf9cfafac098f",0,0,0,0,0,0,0,0,0,0,0,0,0,1,0,0
"68001fdd948ac2b25360346dfb6c3f4e",0,0,0,0,0,0,0,0,0,0,0,0,0,0,1,0
"94b1e50a3f36a886f03dc729ae274a8e",0,0,0,0,9,0,0,0,19,0,0,5,34,15,0,2
"d1b559c7f4a4da61744e55cc135617be",0,0,0,0,40,0,3,0,0,0,0,36,14,19,0,0
"8b3d5f6566cd51152590cc67ef5cba55",0,0,0,0,3,6,0,0,0,3,0,2,2,0,1,0
"f7c8dfcffbe39766f4c10b558e52eb4c",0,0,0,0,0,0,0,0,0,0,0,1,0,0,0,0
"63b5766cd6c4d44d118c14989429f801",0,0,0,0,0,0,0,0,33,0,0,0,0,0,0,0
"23d27f267e610f093d48f5e69399a81a",0,0,0,0,23,0,7,0,0,0,0,8,5,8,0,0
"c5451b005e51b66e27a5665626c86772",0,0,0,0,0,0,0,0,0,0,0,1,0,0,0,0
"60e76308a2cdbd5c281c9f6bbf0aea3f",0,0,0,0,11,0,0,0,0,0,0,8,21,21,2,0
"6b6c48a06bb04a0d6000d49fc3ea418c",0,0,0,0,0,0,0,0,0,1,0,0,0,0,0,0
"2002856622220a377e1bebdd0778b72b",0,0,0,0,3,0,1,0,0,0,3,0,0,1,0,0
"b1497573bdeb84db998cc700851c97f5",0,0,0,0,12,1,1,0,0,1,0,2,34,33,4,3
"e752a4d9b70a9954a04784736d3d3722",0,0,0,0,3,0,0,0,0,0,0,0,29,24,1,0
"eab069b33433bdcadec443d52e6f4c47",0,0,0,0,0,0,0,0,0,0,1,2,0,0,2,0
"36d76d15931999c0d1c759f1b5f93489",0,0,0,8,1,0,0,0,0,0,0,0,0,0,0,0
"9712b94d254caa64828d2113bc2248c9",0,0,0,0,2,0,0,0,0,0,0,10,30,4,0,0
"d9e2a77b4850752d99250eaff941093c",0,0,0,0,0,0,0,0,0,0,0,0,0,6,0,0
"8292c5adbbaef6b2b68766ecdf785479",0,0,0,0,0,0,0,0,0,0,0,0,0,0,1,1
"1619702cc31592dea48c49e3fafbc64c",0,0,0,0,1,0,0,0,0,0,0,1,0,0,0,0
"8e39981dc55026905c909a6c42373660",0,0,0,0,0,0,2,0,0,0,0,0,0,0,2,0
"67903a9e55a917a63df560cd9b4ff023",0,0,0,0,5,5,12,0,0,0,0,1,7,6,5,9
"f76f289b4969c05465bca6bd0e3e6431",0,0,0,0,3,4,0,0,0,0,1,0,0,0,0,0
"f4bc67045f3954edb449ef6243e23007",0,0,0,0,1,1,0,0,0,0,0,0,0,3,0,0
"79e8e7bf933be6176f7c253d700c3cbb",0,0,0,0,0,1,0,0,0,0,0,0,0,0,0,0
"4d54ffdd914f098aa77b9a0d220741ff",0,0,9,0,1,3,0,0,0,3,0,2,9,4,13,3
"d5c43a0782e69c5385a248a801200825",0,0,0,0,0,0,0,0,0,0,1,0,0,1,2,0
"2634675ca4383b2f7132d890b26f68b3",0,0,0,0,0,0,0,11,0,0,0,0,0,0,0,0
"92d56e06cc1e9a9d2657e6f13e80e537",0,0,0,0,9,2,7,0,0,0,1,31,28,21,0,0
"389164f1f7910d9b67eb0e7fbcd718c7",0,0,0,0,0,0,0,0,0,0,0,0,7,1,0,0
"8ea1f1b71b6b9fa9474f6d1c0319342d",0,0,0,0,0,12,0,0,0,0,0,0,0,0,0,0
"93058c1f6688b47e3c61be72a65e3f27",0,0,0,0,0,0,0,0,0,1,0,0,0,0,4,0
"fd7a9f5be4367355c4767338e6ee8b95",0,0,0,0,0,0,0,0,0,0,0,0,7,0,0,0
"87df0ed094a404b80447f6401657882e",0,0,0,9,16,14,11,0,0,3,8,11,44,20,12,28
"1cf55709117491325ff1fe802e37d5b4",0,0,0,0,0,0,0,0,0,0,0,0,4,0,0,0
"f142590432e6dc57e754a15943bf34a0",0,0,0,0,1,2,0,0,0,0,0,0,0,0,0,0
"ecaa4e41453f636db161380953208c1f",0,0,0,0,0,0,0,0,0,0,0,0,0,4,0,0
"ecf09df660b564493d4c4a740d40dcc9",0,0,0,0,0,0,0,0,0,0,0,0,0,0,0,1
"996ccf46bc820370f79ab8d691f4a022",0,0,0,0,0,0,0,0,0,0,3,0,0,0,0,39
"f961b370ebda19771eec30df76a90842",0,0,1,0,51,28,0,0,0,0,0,1,0,0,0,0
"4aaf98b3bb2e9010255f505ab9696ca1",0,0,0,0,0,88,0,0,0,0,0,0,0,0,0,0
"25879d6904088f2ac9290ee7899325ce",0,0,0,0,0,0,0,0,0,0,0,0,27,0,0,5
"971fe0bd7fb500bac6aec1f947b4b13a",0,0,0,0,0,0,0,0,99,0,0,0,0,0,0,0
"2a1583c70dea93828726b9a5015e78b1",0,0,0,0,3,1,0,0,0,3,0,0,1,13,2,1
"f23d012c927f3c550e4967074b9edab1",0,0,0,0,0,0,0,0,0,0,0,0,0,1,0,2
"04812d3fb3a3af8d235b13ed64152964",0,0,0,0,11,10,4,2,9,0,3,21,2,13,1,0
"7ec2256229a04e04e286cc91bd6427a0",0,0,0,0,0,3,0,0,0,0,0,3,0,0,0,0
"b3fad15f3553445cb2d19540fa4e818e",0,0,0,13,0,0,0,76,24,4,3,3,0,1,5,0
"798186209ecc4befe65c58a42d151c9a",0,0,0,0,0,1,0,0,0,0,0,0,0,0,0,0
"7b466dce7a81627495bb9537c1567c9c",0,0,0,0,0,0,0,0,0,6,0,11,2,5,3,0
"75ba620d0b92ca3669193a032577eccb",0,0,0,0,1,6,0,0,0,0,0,2,1,0,2,0
"b05a82cdeaa872a72c30622ae0d115b2",0,0,0,0,0,1,0,0,0,2,0,0,0,0,9,0
"76521b794defa0f504ae74053ecb85ea",0,22,0,6,0,0,17,0,0,0,0,0,0,0,1,0
"0e75e17e424a78c84057e44ab81d20b7",0,0,0,0,0,0,0,0,0,0,0,0,1,0,0,0
"1ce03ca561ef164792f937d6d6bf8887",0,1,0,0,0,0,13,0,0,1,0,3,0,0,0,0
"ba8fdd1f1165e168e4440af953fec3e5",2,49,0,0,30,68,14,0,25,31,10,6,10,13,53,58
"f5be6407047962918663cbea2d889afa",0,47,0,9,0,36,72,0,0,0,0,0,4,1,3,7
"2df1d5b18dbff28b878a4d71a5abb018",0,0,0,0,0,0,157,0,0,13,0,2,0,9,13,24
"66d18ac0e368f78cb1e9eef3b8ea7f13",0,0,0,0,0,0,0,0,0,0,0,0,2,0,1,0
"a6e7916370d6772db2918e258a517e4f",0,0,0,0,1,1,2,0,0,0,1,0,1,0,3,0
"632384fa91d1bfff23bdea950a3aadc7",0,0,0,0,0,0,0,0,0,14,12,1,0,0,0,0
"eaa1c942765d31c65f8228232f6d57c8",0,0,0,0,0,0,20,0,0,0,0,0,0,0,0,0
"b066208a8d989dbe1232503c814bc2de",0,0,0,0,11,8,2,0,0,38,55,0,0,0,19,5
"988474d763d7a818397d2d49b9bf9f51",8,0,0,0,0,10,0,0,0,0,2,0,0,0,0,0
"cd3bdd9d35a75c731fdd7c992a4e4f7e",0,0,0,0,0,0,0,36,17,0,0,0,0,0,0,0
"2566f7f12532922dfba49cff6a1c64da",7,0,0,0,0,0,0,0,0,0,0,0,0,0,0,0
"dc40193b00ef65c58bcfb2e3d6760394",0,0,0,43,0,0,0,20,0,0,1,0,0,0,8,0
"2192ab7554013218b6b7872f7e10a7e3",40,7,12,36,0,2,0,26,0,0,0,0,0,0,19,0
"7a9bc53632c93ef9af4ec5052478af4a",0,0,0,0,0,0,0,0,0,0,0,1,0,0,2,0
"309b088d666553028b5d5cd38ec01b27",0,0,0,0,0,2,0,0,0,0,0,0,0,0,3,0
"4b69d04d08b4929422bf2fc60f8bd2d0",5,0,0,0,0,0,0,0,0,0,0,0,0,0,0,0
"1e5266eaca266360de12fa8560be6d70",0,0,0,45,0,0,0,0,13,0,0,0,0,0,0,0
"ee983cafe367662cb5a2a275bc7a4fba",0,0,0,9,47,28,32,0,0,0,0,4,16,23,7,0
"ee19f9dba4362ed6f8dac1c928922bd5",0,0,0,0,0,0,4,0,0,0,0,1,0,0,0,0
"31d783182fb47b8a1bdd8cd55031f89e",0,0,0,0,0,7,0,0,0,0,0,0,0,0,6,0
"450600784550801d835547aadf81d94c",0,0,0,0,0,0,0,0,0,0,0,0,2,0,0,0
"9b4aa56c7aa933988aad3bc8b67ee552",0,0,0,0,0,0,3,0,0,1,0,0,0,1,1,1
"d9f346ca8e3badffef1e3e0b7e8c503d",0,0,0,0,0,0,0,0,0,0,0,0,1,2,0,0
"dd2958f4dc1ff46c0741eefaebb93746",41,0,45,0,0,12,11,0,0,53,86,49,5,0,4,0
"3ddb87e99866e2d6e243e633cca15ad5",0,0,0,0,0,0,0,0,0,0,0,0,1,0,0,0
"2067d9d44b126087c482248259e87b1c",12,0,0,0,0,0,0,0,0,0,4,0,0,0,4,0
"ebef4d8762c16697e09303e921761e6b",0,0,0,0,0,0,0,0,0,6,0,0,0,0,0,0
"fd3892a58534431125748fc99ea00da1",0,0,0,0,0,2,0,0,0,0,0,0,0,0,0,0
"eef01ac575326a9843064957030da74e",0,0,0,0,1,6,0,0,0,13,18,2,0,0,10,0
"540810b392d17c409767d57fbb1e911f",0,0,2,0,0,0,0,0,0,0,0,0,0,0,0,0
"d1d1eabc9e97bba4e8a54d5cdfbe0663",0,0,0,0,0,0,0,0,0,17,0,0,0,0,3,0
"0015a182a4ab5c65369827420239fddb",0,0,0,0,0,0,0,0,0,0,0,0,0,0,0,1
"e40f3ae6df17970b2ef2def248edb440",0,0,0,0,3,2,0,0,0,2,2,0,0,0,0,0
"d511936504ab278a21605a4146c55640",35,0,0,0,4,1,0,0,5,1,0,0,0,2,3,0
"602ebe9b5d47ecf3d93906e741cf8e6c",0,5,0,0,6,0,4,0,0,13,14,1,0,0,0,0
"e9df0f6926469006f363bf22e47da73b",0,0,0,0,0,33,0,0,0,0,0,0,0,0,3,0
"91c7b94e8495dfb61f92555865429f22",31,0,0,0,0,2,0,13,11,14,0,0,0,0,6,0
"959ef5e850c15fa29112ad83c14589bd",0,0,0,0,0,2,0,0,0,0,0,0,0,0,0,0
"56e2cb17dab5bb9ad6178aa88f560bf0",0,0,0,0,12,0,29,0,0,0,0,0,0,0,8,0
"77a6cda1de35914f5f68202ea622b97b",0,0,0,0,2,3,0,0,0,0,2,0,2,0,1,1
"39b72e5d26aab35233625d5ff8a032ff",0,0,0,0,0,1,0,0,0,0,0,0,0,0,0,0
"c393a39509df732a97659f36b3df2f0c",0,2,18,0,0,0,0,0,0,0,0,0,0,0,9,0
"c59c4af167d0b193d3c5868bb4bc59d9",0,1,0,0,5,0,2,0,0,0,0,0,2,3,3,0
"0ae29dd8901073c8c4c8fa0661ce0e95",0,0,0,0,0,0,0,0,0,0,0,0,0,0,3,0
"f7abd94ab8866f1b4dd8e93941d3f9e2",0,0,0,0,9,0,0,0,0,1,0,0,0,1,5,0
"41e794f5118307e61a42f8435e24c1fa",0,0,0,0,0,3,0,0,0,58,3,1,3,0,21,10
"051a66fe5541b14822ffed08cf9d7f61",7,0,0,0,7,0,6,3,12,0,0,4,0,0,1,0
"a41596b46875a62259f0a773c7c28807",0,0,0,30,0,0,2,0,0,2,0,0,8,0,37,0
"d1c340d61313b6e1427aa738ef083fda",0,0,0,0,2,3,0,0,0,2,0,0,1,0,0,0
"645f7faf95a3ac078206eba6dd34eaeb",0,0,0,0,0,14,0,0,5,0,0,0,0,3,2,0
"ba0699a2afa2915448b349cf49e8c13b",0,0,0,0,1,0,0,0,0,0,0,0,0,0,0,0
"7257bf1752d613e4d4843e7604a9afcb",15,0,0,0,0,0,0,0,13,0,0,0,0,0,0,0
"33afd7730d723e8dfc768b234155d065",0,0,0,0,0,0,0,14,0,0,0,0,0,0,0,0
"7fe67abf036279f52cb5d08949c9a555",0,0,0,0,0,0,0,0,0,0,0,1,0,0,0,0
"88bd48da82f30bf8f25050cfb681e9ce",86,4,0,0,0,11,3,103,20,37,22,7,8,0,2,14
"1b8b1ea5a1f6e8c3cf79508d130798ea",0,0,0,0,0,0,0,0,0,0,0,0,1,0,0,0
"ea26084834a9b497cbabc55d411e6b1a",0,0,0,0,19,6,1,0,0,0,0,1,0,0,3,4
"888f03d5bb89aa082852ef5b097669b8",0,0,0,0,37,13,0,0,12,8,0,12,28,23,23,38
"519bdcb0e9a5a207dc63a10a199fda4b",0,0,0,0,0,0,5,0,0,0,0,0,0,0,9,0
"a3839579a084406f384280f727f78b15",0,0,0,0,0,0,2,0,0,0,0,0,0,0,0,0
"54dfeb18ad95cb87bd1a2b6ca327e827",0,0,0,0,0,0,11,0,0,0,0,0,0,0,7,0
"4200a4317bc7720a0db6494a66ed7dd7",0,0,0,0,0,0,0,0,0,0,0,0,0,0,3,0
"1bcacf1e2985f73ef52bebade51fbcb7",0,0,0,0,25,0,0,0,0,0,0,10,1,0,1,0
"001d3be7a06b8adfe74a5ba9be719e2a",0,0,0,0,7,0,0,0,0,0,0,5,9,9,2,0
"b54e1c8fb00db67bf01410d50e60fd2c",0,0,0,0,8,14,0,0,0,0,0,0,0,0,0,0
"779a3d27620a6e2ed61e9a9850673960",0,0,0,0,11,0,0,0,0,0,0,9,0,1,3,0
"587a960f355cd0630799d1d4fc49e68a",0,0,0,0,1,0,0,28,7,1,0,4,5,4,12,0
"55cf4a306fa6a24c364909c2b06db45e",0,0,0,0,0,0,0,0,0,0,0,0,0,4,0,0
"8dc6256de1c35f220af89b31351c23b3",0,0,0,0,0,0,0,0,0,308,568,185,0,0,0,0
"c70c484feb0ec04d3107aff4595eb7fe",0,0,0,0,32,0,14,0,0,0,0,12,0,8,4,3
"06c70ce8b3459cf74bc39c13d90a11b4",0,0,0,0,1,0,0,0,0,0,0,0,0,0,0,0
"566aacc3d47d091f16605a49dbf39d7b",0,0,0,0,5,2,3,0,0,12,0,0,2,0,0,0
"758532e93d8615d8ace9107396cec587",0,2,0,0,4,12,0,0,0,7,14,0,0,0,2,0
"3413c033717f1562ef1dd634472fb83a",0,0,0,0,0,0,2,0,0,0,0,0,0,0,0,0
"88da9b9c6d50adcd145013ed903c77f6",0,0,0,0,0,0,7,0,0,0,0,0,0,0,0,0
"f6526296b06ba2ce456872b96fbac873",0,0,0,0,0,0,8,0,0,0,0,3,7,0,0,1
"bd2bf714cab418beafd5270a81d67c45",0,0,0,0,0,0,1,0,0,0,0,0,0,0,0,94
"1755fc768295fbc20312142cd19ed745",0,0,80,6,1,0,1,0,0,0,1,0,1,1,7,35
"3d05c651df90d15591f864c2e63cd74a",0,0,0,0,0,0,0,0,0,2,0,0,0,0,0,0
"c343bf30c9872869e69a9e05f5361644",0,0,0,0,0,1,7,2,0,18,18,2,0,0,0,0
"3d58cba9cc832eae75fbb811c395cd9b",0,0,0,0,0,8,0,0,0,0,3,0,0,0,0,0
"c1e78805f298e631928cb68752f4fe4e",0,0,0,0,9,0,0,0,0,0,0,0,0,0,0,0
"886c4e3d1ebd6e3293b06660c8d56a0d",0,0,0,0,1,0,3,0,0,0,0,0,0,0,1,1
"db567b46506ed3f5226af4e3f5838a48",0,0,0,0,0,0,0,0,0,0,0,0,0,0,0,39
"ed93df133a1ce0537eed55c9a0934137",0,0,0,4,0,0,0,0,0,0,0,0,1,0,0,0
"d8a337829f34154ca4e19f010de06fdc",0,0,0,0,0,0,0,0,0,0,0,0,0,1,0,1
