"id","E7.10.Poc.dami.2.20150621.S","E7.10.Poc.dami.3.20150621.S","E7.10.Ser.cali.1.20150622.S","E7.10.Ser.cali.2.20150622.S","E7.10.Ser.cali.3.20150622.S","E7.17.Cyp.micr.1.20150621.S","E7.17.Cyp.micr.2.20150621.S","E7.17.Cyp.micr.3.20150621.S","E7.17.Ech.lame.1.20150620.S","E7.17.Ech.lame.2.20150620.S","E7.17.Ech.lame.3.20150620.S","E7.17.Fav.abdi.1.20150623.S","E7.17.Fav.spA.1.20150623.S","E7.17.Fav.spA.2.20150623.S","E7.17.Fav.spB.1.20150623.S","E7.17.Fav.spC.1.20150623.S","E7.17.Gon.edwa.1.20150623.S","E7.17.Hyd.exce.1.20150620.S","E7.17.Hyd.exes.2.20150622.S","E7.17.Myc.elep.1.20150622.S","E7.17.Pla.sine.1.20150622.S","E7.17.Pla.sine.2.20150622.S","E7.17.Pla.sine.3.20150622.S","E7.19.Lob.hemp.1.20150619.S","E7.19.Lob.hemp.1.20150621.S","E7.19.Lob.hemp.2.20150619.S","E7.3.Por.loba.1.20150619.S","E7.3.Por.loba.2.20150619.S","E7.3.Por.loba.3.20150619.S","E7.3.Por.loba.4.20150619.S","E7.5.Gal.astr.1.20150622.S","E7.5.Gal.fasc.1.20150621.S","E7.5.Gal.fasc.1.20150622.S","E7.6.Acr.hyac.1.20150622.S","E7.6.Acr.hyac.2.20150622.S","E7.6.Acr.hyac.3.20150622.S","E7.6.Mon.aequ.1.20150620.S","E7.6.Mon.aequ.2.20150620.S","E7.6.Mon.aequ.3.20150620.S","E7.6.Mon.aequ.4.20150620.S","E7.7.Pav.vari.1.20150623.S","E7.7.Pav.vari.2.20150622.S"
"40252857b10947c17cca2bfc5dcefb0d",0,0,0,0,0,0,0,0,0,0,0,0,0,0,0,0,0,0,0,0,0,0,0,1,0,0,0,0,0,0,0,0,0,0,0,0,0,0,0,0,0,1
"3ce47dc81f21beefb201feb1b883405e",0,0,0,0,0,0,0,0,0,0,0,6,0,0,0,0,0,0,0,2,0,0,0,0,0,3,0,0,0,0,0,0,0,0,0,0,0,0,0,0,0,0
"5ce23356aff9891223ebf7f4b299b51b",0,0,0,0,0,0,3,0,0,0,0,0,0,0,0,0,0,0,0,0,0,0,0,0,0,0,0,0,0,0,0,0,0,0,0,0,0,0,0,0,0,0
"a41fbc700ea9ad797795a3e16351732d",0,0,0,0,0,0,0,0,0,0,0,0,0,0,0,0,0,0,0,0,0,0,0,0,0,0,0,0,0,0,0,0,0,0,0,0,0,0,0,0,0,3
"2eb9f4e6c8a08a211d016177b3b52a52",0,0,10,0,0,0,2,0,0,4,0,3,0,0,0,0,0,0,0,0,0,0,0,0,0,0,0,0,0,0,0,0,0,27,0,0,0,0,0,0,7,0
"ed1ab8b5ba13f94b1f88dec71d663575",0,0,0,0,0,0,0,0,0,0,0,0,0,0,0,5,0,0,0,0,0,0,0,0,0,1,0,0,0,10,0,7,0,0,0,0,0,0,0,0,0,0
"e523b41ed2a0d26a7349193ab39df741",0,0,0,0,0,21,0,0,0,0,0,1,2,0,0,0,0,0,0,0,0,0,0,0,0,0,0,0,0,7,0,0,0,0,0,0,0,0,0,0,0,0
"f4d2c147cb7fd46a9dfca13984e810f8",0,0,0,0,0,0,0,0,0,0,0,7,0,0,0,0,0,0,0,0,0,0,0,0,0,0,0,0,0,0,3,0,0,0,0,0,0,0,0,0,0,0
"9d3070231556a078f3fc273f876e67c3",0,0,0,0,0,0,0,0,0,0,0,0,0,0,0,0,0,0,0,0,0,0,0,1,0,0,0,0,0,0,0,0,0,0,0,0,0,0,0,0,0,0
"75ee4b9e866a3edb5715f4645f5ab18f",0,0,0,0,0,0,0,0,0,0,0,0,4,0,0,0,0,0,0,0,0,0,0,0,0,0,0,0,0,0,0,0,0,0,0,0,0,0,0,0,0,0
"3e9cad600329bfb33036edd20e88d4cb",0,0,0,0,0,0,0,0,0,0,0,0,0,0,0,0,0,0,0,0,0,0,0,0,0,0,2,0,0,4,0,0,0,0,0,0,0,0,0,0,0,0
"76c280cab1e3ee78fa1509dc66c00aaf",0,0,0,0,0,0,0,0,0,0,0,0,0,4,0,0,0,0,0,0,0,0,0,0,0,0,0,0,0,0,0,0,0,0,0,0,0,0,0,0,0,1
"ab3477503f3a42316be20ceae4ab83fc",0,0,0,0,0,0,0,0,0,0,0,5,0,0,0,0,0,0,0,0,0,0,0,0,0,0,0,0,0,0,0,1,0,0,0,0,0,0,0,0,0,0
"80fb0fab8829c50086327a0e96e6dfa1",0,0,0,0,0,0,0,0,0,0,0,0,0,0,0,0,0,0,0,0,0,0,0,0,0,0,0,0,0,0,0,0,0,0,0,0,0,0,0,0,0,1
"5996bd4d4a0e19369673647d01a8ee5d",0,0,0,0,0,0,0,0,0,0,0,1,0,0,0,0,0,0,0,0,0,0,0,0,0,0,2,14,0,3,0,0,0,0,0,0,0,0,0,0,0,0
"a428d23d66c3366e2d8375eb57677a48",0,0,0,0,0,0,0,0,0,0,0,2,0,0,0,0,0,0,0,0,0,0,0,2,0,2,0,12,3,0,0,1,0,0,0,0,0,0,0,0,0,9
"072f0d441a9488875ea9d89b6132537e",0,0,0,0,0,0,0,0,0,0,0,1,0,0,0,0,0,0,0,0,0,0,0,0,0,2,0,0,0,0,0,0,0,0,0,0,0,0,0,0,0,0
"99fe039c9a46dbc6819e0334d56b4bbb",0,0,0,0,0,0,0,0,0,0,0,0,0,0,0,0,0,0,0,0,0,0,0,0,0,0,5,0,0,0,0,0,0,0,0,0,0,0,0,0,0,0
"55085dfa4c9207904eeac42561818e84",0,0,0,0,0,0,0,0,0,0,0,3,0,0,0,0,0,0,0,0,0,0,0,0,0,1,0,0,0,25,0,0,0,0,0,0,0,0,0,0,0,5
"ec3954444fcd36603ae2b57aef0fb5ef",0,0,0,0,0,0,0,0,0,0,0,0,0,1,0,0,0,0,0,0,0,0,0,0,0,0,0,0,0,0,0,0,0,0,0,0,0,0,0,0,0,0
"037f92e3933f1e0bec31389b8bb2f4d8",0,0,0,0,0,0,0,0,0,0,0,75,0,3,75,6,0,0,0,0,0,0,0,0,3,27,0,0,0,0,0,57,0,0,0,0,0,0,0,0,0,0
"f5c3f3593d3325c3c884c480787b1cd0",0,0,0,0,0,0,0,0,0,0,0,0,32,0,0,0,0,0,9,0,0,0,0,0,0,0,0,0,0,0,0,0,0,0,0,0,0,0,0,0,0,0
"f920a3b817bd51ab71b165d1c1f49f56",0,7,0,0,0,0,0,0,0,0,0,0,0,0,0,0,0,0,0,0,0,0,0,0,0,0,0,0,0,0,0,0,0,0,0,0,0,0,0,0,0,0
"0cce7f24a56349bad161b40bddedcbff",0,0,0,0,0,0,0,0,0,0,0,20,4,22,8,0,0,0,0,0,0,0,0,1,0,0,0,0,0,27,0,6,0,0,0,0,0,0,0,0,0,15
"d20d22ca35333716ccc55f5dede23c8a",0,0,0,0,0,0,3,0,0,0,0,0,0,0,0,0,0,0,0,0,0,0,0,0,8,0,0,0,0,0,0,0,0,0,0,0,0,0,0,0,0,0
"f19443a7a5e70d09059aa5546bf649fd",0,0,0,0,0,0,0,0,0,0,0,0,3,0,0,0,0,0,13,0,0,0,0,0,0,0,0,0,0,5,0,0,0,0,0,0,0,0,0,0,0,0
"83b94c7d5989c50954510662777c02ce",0,0,0,0,0,0,2,0,0,0,8,4,13,23,2,0,0,0,0,0,0,0,0,8,0,0,5,13,0,103,0,5,0,0,0,0,0,0,0,0,0,11
"fd717dee210cac12dc944096a7dfd841",0,0,0,0,0,0,0,0,0,0,0,3,0,6,0,0,0,0,0,0,0,0,0,0,0,0,0,0,0,0,0,0,0,0,0,0,0,0,0,0,0,0
"a2b3d60279091f66fef0fbb41cfab460",0,0,0,0,0,0,0,0,0,0,0,0,0,0,0,0,1,0,0,0,0,0,0,0,0,0,0,0,0,0,0,0,0,0,0,0,0,0,0,0,0,0
"14acb41850fd16a57b17efb6fe735da0",0,61,0,0,0,0,0,0,0,0,0,0,0,0,0,0,0,0,0,0,0,0,0,0,0,0,0,0,0,0,0,0,0,0,0,0,0,0,0,0,0,0
"cb39d8dc217b0ccde4fa86bb7cb4839c",0,24,0,0,45,0,0,0,0,0,0,17,8,1,2,7,21,0,0,29,0,0,0,0,0,20,0,0,0,0,551,47,0,0,0,0,0,0,0,0,0,5
"60cd552ad504cfd49cfcb59bea323f00",0,0,0,0,0,0,0,0,0,0,0,0,0,0,0,0,0,0,0,0,0,0,0,0,0,0,0,0,0,0,2,0,0,0,0,0,0,0,0,0,0,0
"97ef8a942c4fa12a7afe2374c9ea83a6",0,0,0,0,0,0,0,0,0,2,0,16,0,14,4,0,4,0,0,0,0,0,0,0,0,3,3,2,0,5,0,8,0,0,0,0,0,0,0,0,25,0
"d5db52ed9b62a400c646b59fcb23c20b",0,0,0,0,0,0,41,0,0,16,0,26,0,13,11,0,79,7,0,125,0,0,0,87,23,47,0,0,0,0,0,0,17,0,0,0,0,0,0,0,17,0
"569b934399369e0ce8e711d02c23e3cf",0,0,0,0,0,0,0,0,28,21,15,0,9,0,0,0,0,0,0,0,0,0,0,0,0,0,0,0,0,0,0,0,0,0,0,0,0,0,0,0,11,0
"3d22bfc52c2df0ad56939dc881ed8d80",0,0,0,0,0,0,0,0,0,0,0,0,0,0,0,0,0,0,0,0,0,0,0,0,0,0,0,4,0,0,0,0,0,0,0,0,0,0,0,0,0,0
"e8f881e1c1407258e2afc54c4fac8f5d",0,0,27,0,0,0,0,0,0,0,0,0,0,0,0,0,0,0,0,0,0,0,0,0,0,0,0,0,0,0,0,0,0,0,0,0,0,0,0,0,0,0
"f40d2db91ce5f235038bc92fdd0f39d3",0,0,0,0,0,0,0,0,0,6,11,0,0,0,0,0,0,0,0,0,0,0,0,0,0,0,0,6,0,15,0,0,0,0,0,0,0,0,0,0,0,0
"13edc181295be4d7edd686f3bb798dd6",0,0,0,0,0,0,1,0,0,0,0,0,0,0,0,0,0,0,0,0,0,0,0,0,0,2,0,0,0,0,0,0,0,37,0,0,0,0,0,0,0,0
"5fb961fd7eba7a397f781588d0be753b",0,0,0,0,0,0,0,0,0,0,0,0,0,0,0,0,0,0,0,0,0,0,0,0,0,0,0,0,0,2,0,0,0,0,0,0,0,0,0,0,0,0
"9664570b7a132e46e0211cc2638c3ef1",0,0,0,0,0,0,0,0,4,0,0,1,1,0,0,0,0,0,0,0,0,0,0,0,0,0,21,0,4,0,0,0,0,0,40,0,0,0,0,0,0,0
"0d830efe0a185ceaec850a76b31480cd",0,0,0,0,0,0,0,0,0,0,0,0,3,0,0,0,0,0,0,0,0,0,0,0,0,0,0,0,0,0,0,0,0,0,0,0,0,0,0,0,0,0
"d5111c4e4534b1fe85608f5dab0053f3",0,0,0,0,0,0,0,0,0,0,0,0,2,0,0,0,0,0,0,0,0,0,0,0,0,0,0,0,0,0,0,0,0,0,0,0,0,0,0,0,0,0
"7111aa6629ac9864d3eca361f74169eb",0,0,0,0,0,0,0,0,0,4,1,0,0,3,0,1,0,23,0,0,0,0,0,0,0,0,0,0,0,0,0,22,0,0,0,0,0,0,0,0,0,0
"e3c13c4a0df134cc47aea39a6e2111fb",0,0,0,0,0,0,0,0,0,0,0,0,0,3,0,0,0,0,0,0,0,0,0,0,0,0,0,0,0,0,0,0,0,0,0,0,0,0,0,0,0,0
"283b5c1c840373155b098ea7d37fa522",0,0,0,0,0,0,0,0,0,0,0,2,0,0,0,0,0,0,0,0,0,0,0,0,0,0,0,0,0,0,0,9,0,0,0,0,0,0,0,0,0,0
"fc75b939932869133765d5145089e4e9",0,0,0,0,0,0,0,0,0,6,0,0,0,0,0,0,21,21,0,0,0,0,0,0,0,0,0,0,0,0,0,0,0,0,0,0,0,0,0,0,0,0
"c4051ff603b2b2374e3d58b34661b3c1",0,0,0,0,0,0,0,0,0,0,0,0,0,0,0,0,0,0,0,0,0,0,0,0,0,0,0,0,0,9,0,0,0,0,0,0,0,0,0,0,0,0
"c940267ad4bcd6de6f9a3ebe8354ee35",0,0,0,0,0,0,0,0,0,0,0,0,0,0,0,0,0,0,0,0,0,0,0,2,0,0,0,0,0,0,0,0,0,0,0,0,0,0,0,0,0,0
"af86f93d9918e60ce0e741c1c9b1bbe9",0,0,0,0,0,0,0,0,0,0,0,0,16,0,0,0,0,0,2,0,0,0,0,0,0,0,0,0,0,0,0,0,0,0,0,0,0,0,0,0,0,0
"7ad0b0fa003a7a9e01b1edbcd18bdfba",0,0,0,0,0,24,0,0,0,11,0,0,101,0,0,0,0,37,0,0,0,0,0,0,0,0,0,0,0,10,0,30,0,0,0,0,0,0,0,0,0,0
"81ff0ee8de54214a37fa0ed9265c7aee",0,0,0,0,0,0,0,0,0,0,0,0,0,0,2,0,0,0,0,0,0,0,0,0,0,0,0,0,0,0,0,3,0,0,0,0,0,0,0,0,0,0
"f213bb78bac3dc3862f4cee968129b65",0,0,0,0,0,0,0,0,0,0,0,0,1,0,3,0,0,0,0,3,0,0,0,14,14,17,0,9,0,0,0,4,0,0,0,0,0,0,0,0,0,6
"56aa3902d4b3e173fb986b66dbc47ea0",0,0,0,0,0,0,0,0,0,0,0,0,1,0,0,0,0,0,0,0,0,0,0,0,0,0,0,0,0,0,0,0,0,0,0,0,0,0,0,0,0,0
"8fe470d4ecdd430e349fd89544374d9b",0,0,0,0,0,0,0,0,0,15,0,0,4,0,11,0,0,51,0,10,0,0,0,15,0,21,0,0,0,5,0,0,0,0,0,0,0,0,0,0,0,0
"d0974979251dac5921dfdb673ad883bd",0,0,0,0,0,0,0,34,30,0,0,0,0,0,0,0,0,0,0,0,0,0,0,0,11,0,0,0,0,14,0,0,0,0,0,0,0,0,0,0,0,0
"a0ab7862960e0fc04012260b2e5d1853",0,0,0,0,0,15,4,0,0,25,61,71,16,36,53,0,45,0,0,42,70,0,0,61,0,25,0,0,0,0,11,15,0,0,0,0,0,0,0,0,78,42
"52d711d1633517d18ba81096983130a1",0,0,0,0,0,0,4,0,0,0,0,16,0,0,0,0,0,0,0,2,0,0,0,1,0,0,0,0,0,0,0,0,0,0,0,0,0,0,0,0,0,0
"c18bda144064fb5f52d8ca4abe3c8ef9",0,0,0,0,10,0,0,0,0,0,0,0,0,0,0,0,0,0,0,0,0,0,0,0,0,0,0,0,0,0,0,0,0,0,0,0,0,0,0,0,0,0
"6026c44ce40c4c465b07e4d492755dd6",0,0,0,0,0,0,0,0,0,0,0,0,0,0,0,0,0,0,0,0,0,0,0,0,0,0,0,0,0,0,0,8,0,0,0,0,0,0,0,0,0,0
"cf08f4cc8999cde23dda3b805bb97a3b",0,0,0,0,0,0,1,0,0,0,0,0,0,0,0,0,0,0,0,0,0,0,0,4,0,5,0,0,0,0,0,0,0,0,0,0,0,0,0,0,0,0
"b5f4cf67065337a8e82b1ab0913f593c",0,0,0,0,5,0,0,0,0,2,0,0,0,7,6,0,0,0,0,35,0,0,0,8,0,23,0,0,0,0,0,15,0,0,0,0,0,0,0,0,0,32
"304a2ed0e6ea08d911d58e07fee93eb6",0,0,0,0,0,0,3,0,0,0,0,18,0,0,5,0,28,0,0,76,0,0,0,76,0,77,0,18,0,0,0,0,0,0,0,0,0,0,0,0,0,0
"a3d3bf5631e7965f58ae62d55c018738",0,0,0,0,0,0,3,0,0,0,0,0,0,0,0,0,0,0,0,0,0,0,0,0,0,7,0,0,0,0,0,0,0,0,0,0,0,0,0,0,0,0
"e65e8cb718f9a4f74b41b48322f8c332",0,0,0,0,0,0,0,0,0,0,0,0,0,0,0,0,0,0,0,0,0,0,0,1,0,12,0,0,0,0,0,0,0,0,0,0,0,0,0,0,0,0
"11a47cf3dceac0741b58cf9b8baf0b44",0,0,0,0,0,0,0,0,0,0,0,1,0,0,0,0,0,0,0,0,0,0,0,1,0,0,0,0,0,0,0,0,0,0,0,0,0,0,0,0,0,0
"769593636aad0c52dfffb1ca23b4a9c1",0,0,0,109,0,45,0,0,11,0,0,0,0,0,0,0,0,0,0,0,0,0,0,0,0,0,0,0,0,0,0,0,0,0,122,0,0,0,16,68,0,0
"ad6e93f0ad153180fec3fab93969dfb2",0,0,0,0,0,0,0,0,0,0,0,0,0,0,0,0,0,0,0,0,0,0,0,0,0,0,0,0,0,0,0,0,0,0,66,0,31,22,0,0,0,0
"6e40041c3a2ac9c5eeece0ca91bf9c6b",0,0,0,0,0,0,0,0,0,0,0,2,0,0,5,0,0,0,0,0,0,0,0,0,0,0,0,0,0,0,0,0,0,0,0,0,0,0,0,0,0,0
"54b8112032aa3cddc7bfd58a70cd3a07",22,0,0,0,0,0,0,0,0,0,0,0,0,0,0,0,0,0,7,0,0,0,0,0,0,0,0,0,0,0,0,0,0,0,0,0,0,0,0,62,0,0
"248674cff76d2d4926066b3e46c97998",0,0,0,21,0,0,2,0,8,11,0,0,0,0,0,0,0,0,0,11,0,0,0,0,8,0,0,0,0,0,0,0,0,87,0,0,0,130,0,33,0,0
"26b7198096851ca813337eaaf86d6590",0,0,0,0,40,0,0,0,0,0,0,0,0,0,0,0,36,0,0,0,0,0,0,4,0,7,0,0,0,0,0,0,0,0,0,0,0,0,0,0,0,0
"434f5dd3f7b52d85a993b89d70cb0bea",0,0,0,0,0,0,0,0,8,0,0,0,0,0,0,0,0,0,0,0,0,0,0,5,0,6,0,0,0,0,0,9,0,0,0,0,0,0,0,0,0,0
"e7531227d605859b2bba19867b0c15e7",0,0,0,0,0,16,0,0,0,0,0,0,6,0,0,0,0,0,0,0,0,0,0,0,0,0,0,0,0,0,0,5,0,0,0,0,0,0,0,0,5,0
"bf546e57265707cefd07f127cf762568",0,0,0,0,0,0,0,0,0,8,11,4,0,0,0,0,0,10,0,0,0,0,0,0,0,0,0,0,0,0,0,0,0,0,0,0,0,0,0,0,0,0
"bf7421e39a210e211b0113cdd11bb20d",0,0,0,0,0,0,0,0,0,0,0,0,0,0,0,0,0,34,143,22,0,0,0,17,0,0,0,0,0,0,0,0,0,0,0,0,0,0,0,0,0,0
"fdb0d05522b36cdaa0ac839b03a869aa",0,0,0,0,0,0,5,0,0,0,0,0,2,0,5,0,0,0,0,0,0,0,0,30,0,6,0,0,0,0,0,0,0,0,0,0,0,0,0,0,0,0
"a6a996ea9c8271c634726885c1462bd0",0,0,0,0,0,0,0,0,0,0,32,0,0,0,0,0,0,0,0,0,0,0,0,0,12,0,0,0,0,0,0,0,0,0,0,0,0,0,0,0,0,0
"db3298fae59a4c018d0b91e70155225c",11,7,17,0,5,0,0,0,0,0,0,0,0,0,0,19,0,0,7,0,0,0,0,0,0,0,9,9,76,0,3,0,0,0,0,42,0,216,21,0,0,0
"a75f2eee5b8d91d108e64f9e534bcd87",0,0,0,0,0,0,0,0,0,0,0,0,0,0,0,0,0,0,0,1,0,0,0,0,0,0,0,0,0,0,0,0,0,0,0,0,0,0,0,0,0,0
"0f4d2a1f199fda8823a22dcfb85801dc",0,0,0,0,0,0,0,0,0,1,0,1,1,8,0,0,0,0,0,0,0,0,0,4,0,9,0,0,0,7,0,0,0,0,0,0,38,0,0,24,0,0
"2122f6d3d4d78b44cbd827f07739176f",0,0,0,0,0,23,0,0,0,0,0,0,0,0,0,0,0,0,0,0,0,0,0,0,0,0,0,0,0,0,0,0,0,0,0,0,0,0,0,0,0,0
"6297c60a27d13ea46a55dfde35cde816",0,0,0,0,0,0,0,0,0,0,0,0,0,0,0,0,0,0,0,0,0,0,0,0,0,0,0,40,0,0,0,0,0,0,0,0,0,0,0,0,0,0
"aac93ecb18760a58c843bf07dfa52baf",0,0,0,0,0,0,0,0,0,0,0,0,0,0,0,0,0,0,0,0,0,0,0,0,0,0,0,0,0,0,14,0,0,0,0,0,0,0,0,0,0,0
"f0b1b59601983c3c699effdc9017e699",0,0,14,0,0,0,0,0,0,0,0,11,3,0,20,0,4,0,0,0,114,265,87,4,0,12,0,0,0,0,38,2,74,0,0,0,0,0,0,0,0,0
"daec3fe52a2027d98482b11ac542652c",0,0,0,0,0,0,0,0,0,0,0,0,10,0,7,0,0,0,0,0,0,0,0,0,39,0,0,0,0,0,0,0,0,0,0,0,0,0,0,0,0,0
"f4be3816eed57453b4aa38434e8ba041",0,0,0,0,0,17,0,0,0,0,0,0,0,0,0,0,0,0,0,0,0,0,0,0,0,0,0,0,0,0,0,0,0,0,0,0,0,0,0,0,0,0
"3ebcd9452485ef4430998804454add1c",0,0,0,34,0,0,0,0,0,0,0,0,0,0,0,0,0,0,0,0,0,0,0,0,0,0,0,0,0,0,0,0,0,0,0,0,45,0,30,0,0,0
"98f944150e856a6abf9047072b811799",0,0,0,0,0,0,0,0,0,0,0,0,0,0,0,0,0,0,0,0,0,0,0,0,0,0,0,0,0,0,0,0,17,0,0,0,0,0,0,0,0,0
"dea61ed7eb96ca2f221a7f9ff3f5277d",0,0,0,0,0,0,0,0,0,0,0,0,0,0,0,0,11,0,0,0,0,0,0,0,0,0,0,0,0,0,0,0,0,0,0,0,0,0,0,0,0,0
"a40a37e1c5c9b0994305f3dfd0e0269f",0,0,0,0,0,0,6,0,0,0,0,0,5,0,2,0,0,0,0,0,0,0,0,0,0,0,0,0,0,10,0,0,0,0,0,0,0,0,0,0,0,0
"581c95d8c957ff4981119c86f200e2cc",0,0,0,0,0,0,0,0,0,0,0,0,14,0,4,0,0,0,0,0,0,0,0,0,0,0,0,37,0,0,0,0,0,0,0,0,0,0,0,0,0,0
"d5357bacd31fdcfefa2d66394b6b5fbf",0,0,0,0,0,0,0,0,0,0,0,0,3,0,0,0,0,0,0,0,0,0,0,0,0,0,0,0,0,0,0,0,0,0,0,0,0,0,0,0,0,0
"38a6af31ed9f909a022eaa946c7e38bf",0,0,18,0,0,0,0,0,0,0,0,0,0,0,0,0,0,0,0,0,0,0,0,0,0,0,0,0,0,0,0,0,0,0,0,0,0,0,0,0,0,0
"f05603abe58fc1edfca7d3801b1ddca0",0,0,0,0,0,0,0,0,0,0,0,0,0,0,0,0,0,0,0,7,0,0,0,0,0,0,0,0,0,0,0,0,0,0,0,0,0,0,0,0,0,0
"646916f8eb114270d553949000ecc8cc",14,0,0,0,0,0,0,0,0,0,0,0,36,0,0,0,0,0,0,3,0,0,0,0,0,0,200,28,222,20,0,0,0,26,0,0,48,0,116,0,0,0
"4e2528cce82c7d84edbee3a1632f68d3",0,0,0,0,0,0,0,0,0,0,0,0,2,0,0,0,0,0,0,0,0,0,0,0,0,0,76,0,66,0,0,0,0,0,0,0,0,0,0,0,0,0
"57ce800e8771e548352155a00e6e55ca",0,0,0,0,0,0,0,0,0,0,0,0,0,0,0,0,0,0,0,0,0,0,0,0,0,0,0,0,0,0,0,0,0,0,100,0,0,0,61,0,0,0
"032b66e64ba19eac8df7248aa1be6e1f",0,0,6,0,27,0,0,0,0,0,0,0,6,0,0,0,0,0,0,0,0,0,0,0,3,0,0,0,0,0,0,0,0,0,0,0,0,0,0,0,0,0
"d2beb5cf3329914daaf9d7222f4fb0f7",0,0,0,0,0,0,0,0,0,0,0,0,0,0,0,0,0,0,0,0,0,0,0,0,0,0,0,0,0,0,0,0,0,0,0,0,0,0,0,43,0,0
"23eae0aff39c09b8ccff121942ad65b5",0,14,0,0,0,0,0,0,0,0,0,0,0,0,0,0,0,0,0,0,0,0,0,0,0,0,0,0,0,0,0,0,0,0,0,0,0,0,32,0,0,0
"c91f32ac53c5928c16d532c6d49000ee",0,0,0,0,0,0,0,0,0,0,0,0,1,0,0,0,0,0,0,0,0,0,0,0,0,0,0,0,0,0,0,0,0,0,0,0,0,0,0,0,0,0
"58b19aed56deea6368e5f62b46e9e489",0,0,0,0,0,0,0,0,0,0,0,0,4,0,0,0,0,0,0,0,0,0,0,0,0,0,0,0,0,0,0,0,0,0,0,0,0,0,0,0,0,0
"b665d6d56199b9a369758b0d2d2342ff",0,0,6,0,0,0,0,0,0,0,0,0,1,0,0,0,0,0,0,0,0,0,0,0,0,0,0,0,0,0,0,0,0,0,0,0,0,0,0,0,0,0
"c5f7c2e93e37142fb9da29f2f5ebc7c6",0,0,31,0,0,0,0,0,0,0,0,0,0,0,15,14,0,3,0,3,0,0,0,0,18,0,21,6,6,6,0,0,0,0,0,0,0,0,0,0,0,0
"feced520cb5c7611fb539baa98c131c0",0,0,0,0,0,0,9,0,0,0,30,0,0,0,0,0,0,0,0,0,0,0,0,0,0,0,0,38,0,0,0,0,0,0,0,0,0,0,0,0,0,0
"423784d265db839315a015f5a52dd560",0,7,0,0,0,0,0,0,0,0,0,0,0,0,0,0,0,0,0,0,0,0,0,0,0,0,0,0,0,0,0,0,0,0,0,0,0,0,0,0,0,0
"b73e75be918a745ffe39dbcc253b1125",0,0,0,0,0,0,0,0,0,6,0,5,2,2,0,0,0,0,0,0,0,0,0,0,14,2,4,0,0,20,0,11,0,0,0,0,0,0,0,0,4,2
"eb27c192b49bcadf8f2fffb3b4d10dc3",0,0,0,0,0,0,0,0,0,0,0,0,0,2,0,0,0,0,0,0,0,0,0,0,0,0,0,0,0,0,0,0,0,0,0,0,0,0,0,0,0,0
"e1c7c40597d61e44fd9e49652b27551c",0,6,0,0,0,0,0,0,20,0,0,0,0,0,0,0,0,0,0,0,0,0,0,0,2,0,0,33,0,0,0,0,0,0,0,0,0,0,0,0,0,0
"b47ac9d17f15e50ccdb31d6b9756f033",0,0,0,0,0,0,1,0,0,0,0,0,0,0,0,0,0,0,0,0,0,0,0,18,0,3,0,0,4,0,0,0,0,0,0,0,0,0,0,0,0,3
"d84cf15e48a482272de6d3afa8747fd8",0,0,0,0,0,0,0,0,0,0,0,0,0,0,0,0,0,0,0,0,0,0,0,0,0,0,0,0,0,0,0,8,0,0,0,0,0,0,0,0,0,0
"348db98fba37f9213a1eb53ba157d0c9",0,0,0,0,0,0,0,0,0,0,0,0,0,0,0,0,0,0,0,0,0,0,0,0,0,0,0,0,0,0,0,6,0,0,0,0,0,0,0,0,0,0
"33b1c0ac987b8bcaf42ff56186904dcf",0,0,0,0,0,0,0,0,0,0,0,0,0,9,0,0,0,0,0,0,0,0,0,0,0,0,0,0,0,0,0,0,0,0,0,0,0,0,0,0,0,0
"515bfeee7b1d5e6a6067e8d86a358d7c",0,0,0,0,0,0,18,0,0,0,0,0,0,5,0,0,0,0,0,0,0,40,104,0,0,0,0,0,0,0,0,0,0,0,0,0,0,0,0,0,0,0
"68dc46e23878b33afd57bf772e147bc2",0,0,0,0,0,0,0,0,0,0,0,0,0,0,0,0,0,0,0,0,0,0,0,0,0,0,0,0,0,0,0,0,0,0,0,0,0,0,0,0,0,3
"001d60766a1c3363b36392bd1936da11",0,0,0,0,0,0,0,0,6,0,0,0,0,0,0,0,0,0,0,0,0,0,0,0,0,0,0,0,0,0,0,0,0,0,0,0,0,0,0,0,0,0
"5d3d6c61c2319084d27a2d281d37d0f4",0,0,0,0,0,0,0,0,4,0,16,5,2,0,0,0,0,0,0,2,0,0,0,0,0,1,0,0,0,0,0,0,0,0,0,0,0,0,0,0,0,0
"7baa855cf88a5682e0b507647666d070",0,0,0,0,0,0,0,0,0,0,0,0,2,0,0,0,0,0,0,0,0,0,0,0,0,0,0,0,0,0,1,0,0,0,0,0,0,0,0,0,3,0
"c8d75877afde1c0deb664efa5032af86",0,0,0,0,0,18,0,0,0,3,0,0,0,0,0,0,0,0,0,0,0,0,0,0,0,0,0,0,0,0,0,15,17,0,0,0,0,0,0,0,0,23
"30acf683e47eb3b7895ac32901dc9a97",0,0,0,0,0,38,0,0,0,4,0,0,2,0,0,0,0,9,0,0,0,0,0,1,3,5,0,0,0,0,0,13,0,0,0,0,0,0,0,0,0,0
"a866d16c955a5dc773efa2cc46379e18",0,0,0,0,0,0,2,0,0,0,0,4,0,0,0,0,0,0,0,0,0,0,0,0,0,0,0,0,0,6,0,0,0,0,0,0,0,0,0,0,0,5
"440fbcfc05367d04b94a6834bf9d82d6",0,0,0,0,0,0,0,0,0,0,0,0,0,0,0,0,0,0,0,0,0,0,0,0,0,0,0,0,0,0,13,0,0,0,0,0,0,0,0,0,0,0
"e6811602fc7f2aa2b6f4fa04ab785423",0,0,0,0,0,0,0,0,0,0,0,0,0,0,0,0,0,0,0,0,0,0,0,0,0,0,0,0,0,0,0,4,0,0,0,0,0,0,0,0,0,0
"80162d991012b78f0f365a61858d789c",0,0,0,0,0,0,0,0,0,0,0,0,6,0,0,0,0,0,0,0,0,0,0,0,0,0,0,0,0,0,0,0,0,0,0,0,0,0,0,0,0,0
"ba1967f85de967fcba1b0f6c9951f8b7",0,0,0,0,0,0,0,0,66,0,0,0,0,4,0,0,0,0,0,0,0,0,0,0,0,0,0,0,16,0,0,0,0,0,0,0,0,0,0,0,0,49
"06f42a45c51c19c8c103143c214788f9",0,0,0,0,0,0,0,0,0,0,0,0,0,0,0,0,0,0,0,0,0,0,0,0,0,0,2,0,0,0,0,0,0,0,0,0,0,0,0,0,0,0
"668d8d4aa9e22356ab973ea057b8dc48",0,0,0,0,0,0,0,0,0,0,0,1,0,0,0,0,0,0,0,0,0,0,0,0,0,0,0,0,0,0,0,1,0,0,0,0,0,0,0,0,0,0
"8420c16152f529702eb5df4a1ea3c1f0",0,0,0,0,0,0,0,0,0,0,0,0,0,0,0,0,0,0,0,0,0,0,0,0,0,0,0,0,0,0,0,0,0,0,0,0,0,0,0,0,0,4
"107c55a021c1c5185448c88e652c0619",0,0,0,0,0,0,0,0,0,0,0,0,0,3,0,0,0,0,0,0,0,0,0,0,0,0,0,0,0,0,11,0,0,0,0,0,0,0,0,0,0,1
"80a92ee6bd73ab515087ff6e318357c4",0,0,0,0,0,0,0,0,0,0,0,1,0,0,0,0,0,0,0,0,0,0,0,0,0,0,0,0,0,0,0,0,0,0,0,0,0,0,0,0,0,0
"41559cf85526c96d9886405dbd75d403",0,0,0,0,0,0,0,0,0,0,0,1,0,0,0,0,0,0,0,0,0,0,0,0,0,0,0,0,0,0,0,0,0,0,0,0,0,0,0,0,0,0
"d50422e3c9abacfc2ca72c0ae4e5731c",0,0,0,0,0,0,0,0,0,0,0,0,0,2,0,0,0,0,0,0,0,0,0,0,0,0,0,0,0,0,0,0,0,0,0,0,0,0,0,0,0,0
"3699af9696db391576f3a1e468153e6d",0,0,0,0,0,0,2,0,0,0,0,0,0,2,0,0,0,0,0,0,0,0,0,0,0,0,0,0,0,0,0,5,0,0,0,0,0,0,0,0,0,3
"78528f9050d8dcb05dc320dc4b242a81",0,0,0,0,0,0,0,0,0,1,0,0,0,0,0,0,0,0,0,0,0,0,0,0,0,0,0,0,0,0,0,2,0,0,0,0,0,0,0,0,0,0
"23ce89c52aabda7ad929bd6eacf572da",0,0,0,0,0,0,0,0,0,0,0,1,0,0,0,0,0,0,0,0,0,0,0,1,0,0,0,0,0,0,0,0,0,0,0,0,0,0,0,0,0,0
"5bd7cb654b7e9a33f143d629e90edd51",0,0,0,0,0,0,0,0,0,0,0,1,0,0,0,0,0,0,0,0,0,0,0,0,0,0,0,0,0,0,0,0,0,0,0,0,0,0,0,0,0,0
"2bab7aa66b9bf362babcb78bf2cdb249",0,0,0,0,0,0,0,0,0,0,0,0,0,0,0,0,0,0,0,0,0,0,0,0,0,2,0,0,0,0,0,0,0,0,0,0,0,0,0,0,0,0
"171aa421830d3557fda487e16b47df10",0,0,0,0,0,12,0,0,0,17,0,0,0,0,0,0,0,0,0,0,0,0,0,0,0,0,0,0,0,0,0,0,0,0,0,0,0,0,0,0,0,0
"2eaccc904ea91ba3a92e5b63d9e2f8a5",0,0,0,0,0,22,0,0,0,0,0,0,0,0,0,0,3,0,0,1,0,0,0,0,0,0,0,0,0,0,0,0,0,0,0,0,0,0,0,0,0,0
"cd63d1671cd8c384d4d09d8ba2a2032b",0,0,0,0,0,14,0,0,0,0,0,0,0,5,16,0,0,0,0,0,0,0,0,0,0,0,0,0,0,8,0,0,0,0,0,0,0,0,0,27,0,0
"785315115beaaba7bc8fe8056efd3f7f",12,0,7,0,6,24,24,0,27,109,53,44,1,40,34,13,39,5,0,65,0,0,0,26,13,94,24,31,0,47,0,65,8,0,0,0,0,0,0,0,9,6
"3768bb81d0b20e13d169b0d6b55ddbe4",0,0,0,0,0,0,0,0,0,4,0,0,0,3,0,0,0,0,0,0,0,0,0,0,0,0,0,16,0,0,0,0,0,0,0,0,0,0,0,0,0,14
"4c899ef57595f3b9a2ad24f94b34f780",27,22,0,0,0,0,0,0,10,0,0,0,0,0,0,0,0,0,0,0,0,0,0,0,1,0,0,0,38,0,0,0,0,0,0,0,78,0,0,0,0,0
"7857ea01af0b6129ceb6199314d5714e",0,5,0,0,0,0,0,0,4,0,0,0,0,0,0,0,0,0,0,0,0,0,0,0,0,0,0,0,0,0,0,0,0,0,0,0,0,0,0,0,0,0
"f87b4124e5305b9855b39e36deda0363",0,0,0,0,0,0,0,0,0,4,8,0,0,3,0,0,1,0,0,1,0,0,0,0,0,0,0,0,0,0,0,0,0,0,0,0,0,0,0,0,2,2
"33075424d5e64fcd440abaa51ffedd89",0,0,0,0,0,0,1,0,0,0,0,0,0,0,1,0,0,0,0,0,0,0,0,0,0,0,0,0,0,0,0,0,0,0,0,0,0,0,0,0,0,0
"0b8c8c05ff4468cb3e88e7d4f47211bf",0,0,20,0,0,0,1,0,17,13,23,4,3,1,0,0,3,5,0,13,0,0,0,2,1,2,18,0,0,16,0,1,0,0,0,0,0,0,0,0,0,0
"929b1445025df09e9eb897d660841f4d",0,0,0,0,0,0,0,0,0,0,0,2,1,0,0,0,0,0,0,2,0,0,0,0,0,0,0,0,0,0,0,0,0,0,0,0,0,0,0,0,0,0
"9cd68afe54bdaf89ec3605c424e95b54",35,0,64,51,10,0,192,37,0,13,14,20,7,24,13,108,16,0,0,0,186,174,96,4,120,16,0,0,5,22,61,0,221,0,0,0,0,0,0,0,27,67
"fc91a157063bdf138a28e6d95b37c4be",0,7,0,0,0,0,0,0,0,0,0,0,0,0,0,0,0,0,0,0,0,0,0,0,0,0,0,0,0,0,0,0,0,0,0,0,0,0,0,0,0,0
"4dd3790e5440a8edc25e1352a7cd599a",0,0,0,0,0,0,0,0,15,0,0,8,0,0,1,0,0,0,0,0,0,0,0,2,0,0,0,0,0,0,0,0,0,0,0,0,0,0,0,0,0,1
"e7c2834bd67b56166f04b96217a9d806",0,0,0,0,0,0,0,0,0,0,0,0,0,0,0,0,0,0,0,0,0,0,0,11,0,0,0,0,0,0,0,0,0,0,0,0,0,0,0,0,0,0
"3249c886bec77777e4b368f9e9585ac0",0,0,0,0,0,0,2,0,0,0,0,0,10,0,0,0,0,0,0,0,0,0,0,0,0,0,0,0,0,0,0,4,0,0,0,0,0,0,0,0,0,0
"e967351c9e129e599ddd30fbd51a00e7",0,0,0,0,0,0,0,0,0,11,7,2,0,0,0,0,0,6,0,0,0,0,0,0,0,0,3,0,0,0,0,0,0,0,0,0,0,0,0,0,0,0
"031db8794f00996346846ce2473c755c",0,0,0,0,0,0,0,0,2,0,0,2,0,0,0,0,0,0,0,0,0,0,0,0,0,0,0,0,0,0,0,5,0,0,0,0,0,0,0,0,0,2
"d646c14a82ac52a10fe18daf28939822",0,0,0,0,0,0,1,0,0,0,0,0,0,0,0,0,0,0,0,0,0,0,0,0,0,0,0,0,0,0,0,0,0,0,0,0,0,0,0,0,0,0
"2ac02dcbf358e2c5c5c2bc2256e592e9",0,0,0,0,0,0,0,0,0,4,0,1,0,4,0,0,0,0,0,1,0,0,0,0,0,0,0,0,0,0,0,0,0,0,0,0,0,0,0,0,0,0
"068d5cddb400d025a75fb43c6b444095",0,0,0,0,0,0,0,0,0,0,0,4,0,0,0,0,0,0,0,0,0,0,0,0,0,0,0,0,0,0,0,0,0,0,0,0,0,0,0,0,0,0
"d065c708fced7f6f1edd3e4679769a30",0,0,0,0,0,0,0,0,0,27,0,0,0,0,0,0,3,1,0,9,0,0,0,4,1,10,4,0,0,16,0,9,0,0,0,0,0,0,0,0,14,0
"35cff4aa71d83b4a8bd01377db24778f",0,0,0,0,0,0,0,0,0,0,0,0,0,0,0,0,0,0,0,0,0,0,0,0,0,0,0,0,0,0,0,0,0,0,0,0,0,7,0,0,0,0
"1a131cbf5f96e3629721518bcbbb986f",0,0,0,0,0,0,1,0,0,13,0,0,0,1,2,0,0,0,0,0,0,0,0,1,0,10,0,0,0,0,0,0,0,0,0,0,0,0,0,0,0,0
"0b48c12c0f3da4554b6ce8908417ba63",0,0,0,0,0,0,4,0,13,0,0,16,0,0,0,0,0,0,0,0,0,0,0,0,0,0,0,0,0,0,0,0,0,0,0,0,0,0,0,0,0,26
"07da381c5c1ed361e821d9ffd051ef7e",0,0,0,0,2,0,3,0,7,0,0,8,5,7,0,0,0,0,0,0,0,0,0,0,0,0,0,3,0,4,0,15,0,0,0,0,0,0,0,0,0,2
"66458d1e032819860b767ea3494fdb1d",0,0,0,0,0,0,1,0,0,45,0,0,0,7,0,0,4,25,0,0,0,0,0,0,0,2,0,0,0,0,0,13,0,0,0,0,0,0,0,0,1,1
"cf7387641be49d4c4bc4ed35f01a5704",0,0,0,0,0,0,0,0,0,2,0,0,0,0,0,0,0,0,0,0,0,0,0,0,0,0,0,0,0,0,0,0,0,0,0,0,0,0,0,0,0,0
"c3c773bce980ae4843b0c9b2de0c2a31",0,0,0,0,0,0,0,0,0,2,0,0,0,0,0,0,0,0,0,0,0,0,0,0,0,0,0,0,0,0,0,12,0,0,0,0,0,0,0,0,0,0
"e3f0c5a1cdc6bbceb42d7d745bc2476d",0,0,0,0,0,0,0,0,0,0,0,2,0,0,0,0,0,0,0,0,0,0,0,0,0,0,0,0,0,0,0,0,0,0,0,0,0,0,0,0,0,0
"fda231dd1956e9fe43242644e3b8b04a",0,0,0,0,0,0,0,0,0,0,0,1,0,0,0,0,0,0,0,6,0,0,0,0,0,0,0,0,0,0,0,17,0,0,0,0,0,0,0,0,0,0
"a8a9e5dc9a33bd81d971e98d47a5809d",0,0,0,0,0,0,0,0,0,7,0,4,0,5,0,0,0,0,0,0,0,0,0,0,0,0,0,0,0,0,0,0,0,0,0,0,0,0,0,0,0,0
"50c5101e51018652bb1390baa3a128ed",0,0,0,0,7,0,0,0,0,0,0,3,0,0,0,0,0,0,0,0,0,0,0,0,0,0,0,0,0,0,0,12,0,0,0,0,0,0,0,0,0,0
"21b23be4b49ef8a957ce7052e5b12aaf",0,0,0,0,0,0,2,0,0,0,0,1,0,0,1,0,0,0,0,3,0,0,0,1,0,2,0,0,0,0,0,0,0,0,0,0,0,0,0,0,0,0
"e39c02668f5b0246119cbe1c980b8e30",0,0,0,0,0,0,0,0,0,0,0,1,0,0,1,0,0,0,0,0,0,0,0,0,0,0,0,0,0,0,0,16,0,0,0,0,0,0,0,0,0,0
"2a5792b21e357647e67d5f8987e85248",0,0,0,0,0,0,16,0,0,0,0,0,0,0,0,0,0,0,0,0,0,0,0,0,0,0,0,0,0,0,0,4,0,0,0,0,0,0,0,0,0,0
"2013885cae8b0c6af1c395f5367c62e3",0,0,0,0,0,0,0,0,0,0,0,0,0,0,0,0,0,0,0,0,2,0,0,0,0,0,0,0,0,0,0,0,0,0,0,0,0,0,27,0,0,0
"e5f3193374eefb06b0aae852596a10a3",20,132,0,0,0,0,0,3,25,8,17,0,0,3,0,0,0,0,4,0,0,0,0,0,0,0,0,0,5,0,0,0,0,0,0,0,58,0,0,0,0,0
"2c9e9c28671afc4b0cc7206384c72309",0,3,0,0,0,0,0,0,0,0,0,0,3,0,0,0,0,0,0,0,0,0,0,0,0,0,0,0,0,0,0,0,0,0,0,0,0,0,0,0,0,0
"377cf612867de0d26689a1b4eef26366",0,0,0,0,0,0,0,0,0,0,0,6,0,0,0,0,0,0,0,0,0,0,0,0,0,0,0,0,0,0,0,15,0,0,0,0,0,0,0,0,0,0
"f67a92c0ddab8839944bd079b5e2d660",0,0,0,0,0,0,0,0,0,4,0,3,0,5,0,0,0,0,0,0,0,0,0,0,0,0,0,0,0,0,0,0,0,0,0,0,0,0,0,0,5,0
"a96f55b6347955401cba7313240cb657",2,14,0,0,0,23,2,0,14,0,0,0,0,0,0,0,0,0,0,0,0,0,0,0,0,0,0,0,0,0,0,0,0,0,0,0,27,0,0,0,0,0
"d8d1c04cdcf736e18d7469299542ffe0",0,0,0,0,0,0,0,0,0,0,0,0,0,3,0,0,0,0,0,0,0,0,0,0,0,0,0,0,0,0,0,0,0,0,0,0,0,0,0,0,0,0
"74aabf4ce706f94b81e81a31a087cf6c",0,0,0,0,0,0,0,0,0,0,0,0,0,0,0,0,0,0,0,2,0,0,0,0,0,0,0,0,0,0,0,1,0,0,0,0,0,0,0,0,0,0
"ad88c8f467358c014e7e7564c0ed765e",0,0,0,0,0,0,0,0,0,0,0,0,0,0,0,0,0,0,0,2,0,0,0,0,0,0,0,0,0,0,0,0,0,0,0,0,0,0,0,0,0,0
"0bb69c22199d0aee475388cf4c349cd3",0,0,0,0,3,0,0,0,0,0,0,0,0,0,2,0,0,0,0,0,0,0,0,0,0,0,0,0,0,0,0,10,0,0,0,0,0,0,0,0,0,0
"923cdf8b564340bd42423f31535b27ce",0,0,0,0,0,0,0,0,0,0,12,0,0,0,0,0,0,0,0,0,0,0,0,0,0,3,0,0,0,0,0,0,0,0,0,0,0,0,0,0,0,0
"7cde33d274f06bfe031968af00396e35",0,0,0,0,0,0,0,0,0,0,0,0,0,0,0,0,0,0,0,0,0,0,0,0,0,0,0,0,0,0,0,0,0,0,0,0,0,0,0,0,0,1
"087217aaa4312425bd1d4767c4b77432",0,0,0,0,0,0,3,0,0,0,0,8,0,12,0,0,0,0,0,0,0,0,0,2,0,9,0,0,0,0,0,0,0,0,0,0,0,0,0,0,0,0
"751c1a6973e36f5144e4222ebbbdfddd",0,0,0,0,0,0,0,0,0,0,0,0,0,0,0,0,0,0,0,10,0,0,0,0,0,1,0,0,0,0,0,14,0,0,0,0,0,0,0,0,0,0
"ea650f15ae0d247e451c82e4653d0e7c",0,0,0,0,0,0,0,0,0,0,0,4,0,8,0,0,0,0,0,0,0,0,0,0,0,0,0,0,0,0,0,0,0,0,0,0,0,0,0,0,0,0
"09d6ad5efec3208d1e4030ea0e2cd0ab",0,0,0,0,0,0,11,0,0,0,0,0,0,0,0,0,0,0,0,0,0,0,20,0,0,0,0,0,0,0,0,0,0,0,0,0,0,0,0,0,0,0
"37d106d750fdff980813c33c99cc23f2",0,0,0,0,0,0,0,0,0,0,0,5,0,0,0,0,0,0,0,0,0,30,0,0,0,0,0,0,0,0,0,0,0,0,0,0,0,0,0,0,0,0
"94754e7845b3c00972a2022edd653900",0,0,0,0,0,21,0,0,0,0,0,0,0,0,0,0,0,0,0,0,0,0,0,5,0,0,0,0,0,10,0,21,0,0,0,0,0,0,0,0,0,0
"aeadbe4606b81b798efc9d064743b99c",0,0,0,0,0,0,0,68,0,0,0,0,0,0,0,0,0,0,0,0,0,44,0,0,0,0,0,0,0,0,0,0,0,0,0,0,0,0,0,0,0,0
"d0147524426790646a67cc73b4441b90",0,0,0,0,0,0,15,0,0,0,0,0,0,8,0,0,0,0,0,0,0,0,0,0,0,0,0,0,0,0,13,0,0,0,0,0,0,0,0,0,0,0
"d1b2d908f056c749119598fbdb0c92e6",0,0,0,0,0,0,0,0,0,0,0,0,0,0,0,0,0,0,0,0,0,40,21,0,0,0,0,0,0,0,0,1,0,0,0,0,0,0,0,0,0,0
"1009e20ffdf25f84720375a19337a06d",0,0,0,0,0,0,0,0,0,0,0,0,0,7,0,0,0,0,0,0,0,0,0,0,0,0,0,0,0,0,0,0,0,0,0,0,0,0,0,0,0,0
"ea430404110492c3384ad36829070dc5",0,0,0,0,0,0,0,0,0,0,0,1,0,0,0,0,0,0,0,0,0,0,0,0,0,0,0,0,0,0,0,0,0,0,0,0,0,0,0,0,0,0
"d9cd717fe9fa6df64a67b14a320ff5f9",0,0,0,0,0,0,0,0,0,0,0,0,0,0,0,0,0,19,0,0,0,0,0,0,0,0,0,0,28,0,0,17,1,0,0,0,0,0,0,0,0,0
"df069869dd50dae03d13a61e6d960922",0,0,0,0,0,39,21,298,0,0,0,22,0,36,0,0,0,3,0,0,0,108,93,0,18,0,0,0,0,0,20,3,0,0,0,0,0,0,0,0,0,12
"aeb1bcb8cae0d62bf679571145bace55",0,0,0,0,0,0,0,0,0,0,0,0,0,0,0,0,0,0,0,0,0,0,0,0,0,0,20,0,40,0,0,0,0,0,0,0,68,0,0,0,0,0
"0ff556fc1adecb9c1d352a64296aa572",0,0,0,0,0,0,0,61,0,0,0,8,0,0,0,0,0,0,0,0,0,0,0,0,0,3,0,0,0,0,0,11,0,0,0,0,0,0,0,0,0,0
"b3ab1c6e1e346036ece4e337bc7aec53",0,0,0,0,0,0,0,0,0,0,0,0,0,0,0,0,0,0,0,0,0,0,0,0,0,0,0,0,0,0,0,0,0,0,29,0,0,0,0,0,0,0
"822d96837c748abd837814ab742b6201",0,0,0,0,0,0,0,0,0,0,0,0,0,0,0,0,0,0,0,0,0,0,0,0,0,0,0,0,0,13,0,0,0,0,0,0,0,0,0,0,0,0
"259c9c7d1cb219fe8a161bef5c9fb7dc",0,0,0,0,0,0,0,0,0,1,0,0,0,0,0,0,0,0,0,0,0,0,0,0,0,0,0,0,0,0,0,0,0,0,0,0,0,0,0,0,0,0
"d316f85c3fe6491c1edb4611236f8dfa",0,0,0,0,0,0,5,0,0,3,0,0,0,0,0,0,0,0,0,0,0,0,0,0,0,0,0,0,0,7,0,0,0,0,0,0,0,0,0,0,0,0
"e47b29a7f44414d82efac2f76bcf99cd",8,0,0,0,0,0,0,0,0,0,0,0,0,0,0,0,0,0,0,0,0,0,0,0,0,0,0,0,0,0,0,0,0,0,0,0,0,0,0,0,0,0
"8aa0a5b32b5266e02e92376a8888d70c",0,0,0,0,0,0,0,0,0,0,0,0,2,0,0,0,0,0,0,0,0,0,0,0,0,0,0,0,0,0,0,0,0,0,0,0,0,0,0,0,0,0
"ebc77fe2a6744d80ed19ad83b795b659",0,0,0,0,0,0,0,0,0,22,16,0,8,0,0,0,0,0,0,0,0,2,0,0,0,0,0,0,0,0,0,17,0,0,0,0,0,0,0,0,0,0
"d68093eb97d5068090c5e1d7331a9898",0,0,0,0,0,0,0,0,0,0,0,0,0,0,0,0,0,0,0,0,0,0,0,0,0,1,0,0,0,0,0,0,0,0,0,0,0,0,0,0,0,0
"d413e38a8fc9890893f1ae807b6fd512",0,0,0,0,0,0,0,0,0,0,0,0,0,0,0,0,0,23,0,0,0,0,0,0,0,0,0,0,0,0,0,0,0,0,0,0,0,0,0,0,0,0
"bd0d247ed81ff75b5435bef424a8c08f",0,0,0,0,5,0,0,0,0,0,0,0,0,0,0,0,0,0,0,0,0,0,0,0,0,0,0,0,0,0,0,0,0,0,0,0,0,0,0,0,0,0
"7e054afcb30b6c109a81cfd20ff38091",0,0,0,0,0,0,0,0,0,0,0,0,0,0,0,0,0,0,0,14,0,0,0,12,0,0,0,0,0,0,0,0,0,0,0,0,0,0,0,0,11,0
"72e3d75c718ee90b477f8e588d2d694d",0,0,0,0,0,0,0,0,0,0,0,0,0,0,0,0,0,13,0,0,0,0,0,0,0,0,0,0,0,0,0,0,0,0,0,0,0,0,0,0,0,0
"b5dc22192dd7adccef8a6aeb1dcab807",0,0,0,0,0,0,0,0,0,8,0,0,0,0,0,0,0,0,0,0,0,0,0,0,0,0,0,0,0,0,0,0,0,0,0,0,0,0,0,0,0,0
"10c42f7bda5caf4a30412119fc41bace",0,0,0,0,0,0,0,0,0,0,0,0,0,0,0,0,0,0,0,4,0,0,0,0,0,0,0,0,0,0,0,0,0,0,0,0,0,0,0,0,0,0
"ff71c7c907907096c70fb501eec5cf19",0,0,0,0,0,0,0,0,0,0,0,0,0,0,0,0,5,0,0,0,0,0,0,0,0,0,0,0,0,0,0,0,0,0,0,0,0,0,0,0,0,0
"4a40b727b2895507fc474b3e9043229d",0,6,0,0,0,0,0,0,0,15,0,0,0,10,0,0,18,52,0,0,0,0,0,0,0,0,0,0,0,0,0,0,0,0,0,0,0,0,0,0,34,0
"87432d95565dc4bddb0be43e13a1659c",0,0,0,0,0,0,0,0,0,0,0,0,0,10,0,0,0,4,0,0,0,0,0,0,0,0,0,0,0,0,0,0,0,0,0,0,0,0,0,0,39,0
"656101fc89c2f316b1a041b859040952",0,0,0,0,0,0,0,0,17,0,0,0,4,0,0,0,0,0,0,0,0,0,0,0,0,0,0,0,0,0,0,0,0,0,0,0,0,0,0,0,0,0
"e4020e1435bacae1e7f03ae7a992258d",0,0,0,0,0,0,0,0,0,13,10,0,0,0,0,0,0,0,0,0,0,0,0,0,0,0,0,0,0,0,0,0,0,0,0,0,0,0,0,0,30,0
"0d2eb0979e24a9e01772c96e4e69c844",0,0,0,0,0,0,0,0,0,0,0,12,0,0,0,0,0,0,0,0,0,0,0,2,5,0,0,0,0,0,0,0,0,0,0,0,0,0,0,0,28,23
"5da14b141ce0ab4c9954526cd9760d80",14,0,0,0,0,0,0,0,0,18,0,7,0,22,0,0,9,47,0,0,0,0,0,0,0,0,0,0,0,0,0,0,0,0,0,0,0,0,0,0,0,0
"9ee235c6a91ac8f4ed45b5d69c9aaeb6",0,0,0,0,0,0,0,0,0,0,0,0,0,0,0,0,7,0,0,0,0,0,0,0,0,0,0,0,0,0,0,0,0,0,0,0,0,0,0,0,0,0
"6b9c0bc4e4056179de37780d69dbd328",0,0,0,0,0,0,0,1,0,0,0,0,14,0,0,0,1,13,0,0,0,0,0,0,0,0,0,0,0,0,0,0,0,0,0,0,0,0,0,0,0,0
"51c2d9b0d022f16d07a8c9baf28d6b26",0,0,0,0,0,0,0,0,0,0,0,0,0,0,0,0,0,0,0,0,0,0,0,0,0,20,0,0,0,0,0,0,0,0,0,0,0,0,0,0,0,0
"ac7804d10f7a8e183a83f8882b1ff0fe",0,0,0,0,0,0,0,0,0,0,0,1,7,0,0,0,0,0,0,0,0,0,0,0,0,0,0,0,0,0,0,0,0,0,0,0,0,0,0,0,0,0
"237771990d490f3ff00bb98453d0bb5c",0,0,0,0,0,0,0,0,0,0,0,0,0,0,9,0,0,0,0,0,0,0,0,0,0,3,0,0,0,0,0,0,0,0,0,0,0,0,0,0,0,0
"6fe23a48525c993aceddc5ecc589bc94",0,0,28,0,3,0,0,0,0,0,0,0,0,0,0,0,0,4,0,0,0,0,0,0,2,0,0,0,0,0,0,0,0,0,0,0,0,0,0,0,0,0
"23a1d3071e9250dbcbf3de5958dbacff",0,0,0,0,0,0,0,0,0,0,0,0,0,0,1,0,0,0,0,0,0,0,0,0,0,0,0,0,0,0,0,0,0,0,0,0,0,0,0,0,0,0
"f904e229667298553bfa501c3d93c569",0,0,0,0,0,0,0,0,0,0,0,0,2,0,0,0,0,0,0,0,0,0,0,0,0,0,0,0,0,0,0,0,0,0,0,0,0,0,0,0,0,0
"eadfbffc8cfc20cdabcab02e3b97c6cc",0,0,0,58,0,0,0,0,0,0,0,0,0,0,0,0,0,37,0,0,0,20,0,0,0,0,0,0,0,0,0,5,0,0,0,0,0,0,0,0,0,0
"5f06db9f05dc8637f099d2e6c5ead358",0,0,0,0,0,0,0,0,0,0,0,0,0,0,0,0,0,0,0,0,0,0,0,0,0,0,0,0,0,0,0,0,0,0,0,38,0,0,0,0,0,0
"e8cd627a66ce3b304471c23235176861",0,0,0,0,0,0,0,0,16,0,0,0,0,0,0,0,0,0,0,0,0,0,0,0,0,0,0,0,0,9,0,0,0,13,0,0,28,110,344,0,0,0
"98f45280310b1364c4c0dccc35988844",0,0,0,0,0,0,0,0,0,0,0,0,0,0,0,0,0,0,0,0,0,0,0,0,0,0,19,0,0,0,0,0,0,0,0,0,0,0,0,0,0,0
"f0ec824b04af8fd033939ff5a0281d76",18,0,0,200,0,0,0,0,21,0,0,0,0,0,0,0,0,0,0,0,0,0,0,0,0,0,0,0,0,0,0,0,0,0,0,0,0,0,31,56,0,1
"6bc5a5ced167278e31bf565ecbd363df",0,0,0,29,0,0,0,0,0,0,0,0,0,0,0,0,0,0,0,0,0,0,0,0,0,0,0,0,0,0,0,0,0,0,0,0,23,89,0,0,0,0
"840e2cb9f709c3384c9607501e6b5ab7",0,0,25,0,0,0,0,0,0,0,0,0,0,0,0,0,0,0,0,0,0,0,0,0,0,0,0,0,0,0,0,0,0,0,0,0,0,0,0,0,0,0
"c73d335bc1cca5e090cdd7e5947c5773",8,0,0,0,0,0,0,0,0,0,0,0,0,0,0,0,0,0,0,0,0,0,0,0,0,0,0,0,0,0,0,0,0,0,0,0,0,0,0,0,0,0
"dfa8fff425479d641ef1f34697892c5e",0,0,0,0,0,0,0,0,0,0,0,0,0,0,0,0,0,0,0,0,0,0,0,0,0,0,0,0,0,0,0,0,0,48,0,0,0,0,0,73,0,0
"67c37dc4bee9bbcd638b39305b93cd61",87,0,0,0,0,0,0,0,0,0,0,0,0,0,0,0,0,0,0,0,0,0,0,0,0,0,15,0,0,0,0,0,0,0,76,0,0,37,0,0,0,0
"e251d95da506a2e82434147519bb939f",0,0,0,0,0,0,0,0,0,0,0,0,4,0,0,0,0,0,0,0,0,0,0,0,0,0,0,0,0,0,0,0,0,0,0,0,0,0,0,0,0,0
"8255f420e12e1c09ed5c7d2a69d25b10",0,0,0,0,0,0,0,0,0,0,0,0,0,0,0,0,0,0,0,0,0,0,0,0,0,0,0,0,0,0,0,0,0,0,31,0,0,0,0,0,0,0
"26db34475f5ce8f6937ceb1d70a3703f",12,0,0,0,0,0,0,0,15,0,0,0,0,14,0,0,0,0,0,0,0,0,0,0,0,0,0,0,0,0,0,0,0,0,0,0,0,0,0,0,0,0
"04c67b7fed24f1268c75f93f6b0c0535",0,0,0,0,0,0,0,0,0,0,0,0,0,12,0,0,3,0,0,16,0,0,0,0,0,5,0,0,0,0,0,0,0,0,0,0,0,0,0,0,10,0
"1aea427b7efcaac6bd760d22f2a33e77",45,65,0,0,0,24,0,0,15,0,0,0,0,0,0,0,0,0,0,0,0,0,0,0,0,0,0,0,0,0,0,0,0,0,0,0,13,0,0,0,0,0
"5bd3c38f40f4f67efd1a4e24c8a7f79a",0,0,0,0,0,0,2,0,10,5,0,3,0,2,0,0,3,0,0,0,0,0,0,0,0,0,0,0,0,7,0,8,0,0,0,0,0,0,0,0,23,10
"a2ff1d334d9382fe21f61962ae05e73e",0,0,0,0,0,0,0,0,0,0,0,0,0,3,4,9,0,0,0,0,0,0,0,0,8,0,0,0,0,0,0,5,0,0,0,0,0,0,0,0,0,23
"52e75d607871f125f85bde4331f95338",0,0,0,0,0,0,0,0,0,15,34,5,0,38,0,4,0,10,0,0,0,0,0,0,13,0,0,0,0,0,0,6,0,0,0,0,0,0,0,0,11,11
"b96be616c6181ce7a8ffa198b993a110",0,0,0,0,0,0,0,0,0,0,0,1,0,7,0,0,0,0,0,0,0,0,0,0,0,0,0,0,0,0,0,0,0,0,0,0,0,0,0,0,0,0
"a32d85621fdbf0c4d41badeb4ce6f2c3",0,0,0,0,5,0,18,0,32,9,8,6,0,14,5,0,29,0,0,181,1,0,0,105,0,70,0,0,0,4,0,10,0,0,0,0,0,0,0,0,0,0
"4aec6fb4ffd1f2c0bde543cb286947a9",0,0,0,0,0,0,0,0,0,0,0,0,0,14,0,0,0,0,0,0,0,0,0,0,0,0,0,0,0,0,0,0,0,0,0,0,0,0,0,0,0,0
"09e69f617f28f39cc72954ef57f746a0",26,0,0,0,0,0,0,0,0,0,0,0,0,0,0,0,0,0,0,0,0,0,0,0,0,0,0,0,0,0,0,0,0,0,0,0,0,0,0,0,0,0
"016c6e41222ff36278d73298ee3362c6",0,0,0,0,0,0,0,0,0,0,0,0,0,0,0,0,0,0,0,0,0,0,0,0,0,0,0,0,0,0,0,0,0,23,0,0,0,0,0,0,0,0
"e6b830ce901816fcd5dd404d64b2792d",21,0,0,0,0,0,0,0,0,0,0,0,0,0,0,0,0,0,0,0,0,0,0,0,0,0,0,0,0,0,0,0,0,0,0,0,0,0,0,0,0,0
"223d84ab15b5528d197e234523f08580",12,0,0,0,0,0,0,0,0,0,0,0,0,0,0,0,0,0,0,0,0,0,0,0,0,0,0,0,0,0,0,0,0,0,0,0,0,0,0,0,0,0
"b878bb9ec63927d9cc26c80a1f7430ba",0,0,0,0,0,0,0,0,0,0,0,0,0,0,0,0,0,0,0,0,0,0,0,0,0,0,5,0,0,0,0,0,0,0,0,0,0,0,0,0,0,0
"123d5ee34ab6b4b01f4d82886891687f",0,0,0,0,0,19,0,0,0,0,0,0,0,0,0,0,0,0,0,0,0,0,0,0,0,0,0,0,0,0,0,0,0,0,0,0,0,0,0,0,0,0
"b7952c3ce5e031ea4f428eaf4ba30152",0,0,12,0,0,0,0,0,0,0,0,0,0,0,0,0,0,0,0,0,0,0,0,0,0,0,0,0,0,0,0,0,0,80,0,0,48,0,0,6,0,0
"dd8b90a02fc03f79640d2fb02e9efe9e",45,2,0,0,0,0,0,0,0,0,0,0,0,0,0,0,0,0,0,0,0,0,0,0,0,0,0,0,0,0,0,0,0,0,0,0,0,0,0,25,0,0
"0387b3e840de257fe89baa747f695f8c",0,0,0,0,0,0,0,0,29,8,0,2,0,0,0,0,0,0,0,0,0,0,0,0,0,0,0,0,0,0,0,4,0,0,0,0,0,0,0,0,0,0
"85c64c8568d1b1654d7dc851ede2c889",0,0,0,110,0,0,0,0,0,0,0,0,1,0,0,0,0,0,0,0,0,0,0,0,0,0,0,0,8,0,0,0,0,38,0,0,0,0,74,0,0,0
"c902b7f7b8de6887769da5cec549c23b",0,1,0,0,0,0,0,0,0,0,0,0,0,0,0,0,0,0,0,0,0,0,0,0,0,0,0,0,0,0,0,0,0,0,0,0,0,0,0,0,0,0
"0a7d5c710ba2d65449a2542e021a4ee1",0,0,0,0,0,0,0,0,0,0,0,0,0,0,0,0,0,0,5,0,0,0,0,0,0,0,0,0,0,0,0,0,0,0,41,0,27,0,0,0,0,0
"e7ae68d26ab22bf576fc469b04ebb005",16,13,0,0,0,0,0,0,0,0,0,0,0,0,0,0,0,0,0,0,0,0,0,0,0,0,0,0,0,0,0,0,0,0,0,0,0,0,17,0,0,0
"bad5f3652e649aa1ad161371a12c61b1",0,0,0,0,0,0,0,0,0,0,0,0,0,0,0,0,0,0,0,0,0,0,0,0,0,0,0,0,0,0,0,0,0,0,0,0,0,0,0,0,0,6
"3481c84f3a5189de99355bbd8b262fbe",0,0,0,0,0,0,0,0,0,0,0,0,0,0,0,0,0,0,0,0,0,0,0,0,0,0,0,4,0,0,0,0,0,0,0,0,0,0,0,0,0,0
"b0bf55c4ad92bce00d83044e1b948f70",0,0,0,0,0,0,0,0,0,10,0,0,0,0,0,0,0,0,0,0,0,0,0,0,0,0,0,0,0,0,0,0,0,0,0,0,0,0,0,0,0,0
"dee9b101d122d8e0cad8d56934363b5f",0,0,0,0,0,0,0,0,0,0,0,0,0,1,0,0,0,0,0,0,0,0,0,0,0,1,0,0,0,0,0,0,0,0,0,0,0,0,0,0,0,15
"888ae579c1f66fb9280aa8c335b55e03",0,0,0,0,0,0,0,0,0,1,0,0,0,0,0,0,0,0,0,0,0,0,0,0,0,0,0,0,0,0,0,0,0,0,0,0,0,0,0,0,0,0
"27d515a1795fc38fba4ba9faf6e539c7",0,0,0,0,0,0,0,0,18,0,0,0,0,0,0,0,0,0,0,0,0,0,0,0,0,0,0,0,0,0,0,0,0,0,0,0,0,0,0,0,0,0
"9e9529668f4bc6c25191492d97b9010d",0,0,0,0,0,0,0,0,0,0,0,0,0,0,0,0,0,3,0,0,0,0,0,0,0,0,0,0,0,0,0,0,0,0,0,0,0,0,0,0,0,0
"720b26d5909719074ab219ff407132a3",0,0,0,0,0,0,4,0,9,0,0,1,2,2,0,0,0,19,0,0,0,0,0,0,1,1,0,0,0,0,0,0,0,0,0,0,0,0,0,0,0,0
"a54d3b1055bc7a8e8f7c9d3dac04a086",0,0,0,0,0,0,0,0,0,3,0,0,23,0,0,0,0,1,0,5,0,0,0,0,0,18,8,0,0,33,0,8,0,0,0,0,0,0,0,0,6,0
"0aaaafa171346e76034e6896c2ff35e1",0,0,0,0,0,0,0,0,0,0,0,0,7,0,0,0,0,0,0,0,0,0,0,0,0,0,0,0,0,0,0,0,0,0,0,0,0,0,0,0,0,0
"06155511802073187f7b563b7eb90e57",0,0,0,0,0,0,0,0,0,0,0,0,0,0,0,0,0,0,0,0,0,0,0,0,0,0,0,10,0,0,0,0,0,0,0,0,0,0,0,0,0,0
"551b8374099d68077d803449191c5075",0,0,0,0,0,0,0,0,0,0,0,0,1,0,0,0,0,0,0,0,0,0,0,0,0,0,0,0,0,2,0,0,0,0,0,0,0,0,0,0,0,0
"eaea8f509fdb71cd7971c25fc57baa7f",0,0,0,0,0,0,0,0,0,0,0,0,2,0,0,0,0,0,0,0,0,0,0,0,0,0,0,0,0,0,0,0,0,0,0,0,0,0,0,0,0,0
"ad75dcdd525baf82a7d7459beb469ad0",0,0,0,0,0,0,0,0,0,0,0,0,3,0,0,0,0,0,0,0,0,0,0,0,0,0,0,0,0,0,0,0,0,0,0,0,0,0,0,0,0,0
"4412f8e00c9caa7ebdd8622dd373d67c",0,0,0,0,0,0,0,0,0,0,0,2,0,1,0,0,0,0,0,0,0,0,0,0,0,1,0,0,0,0,0,0,0,0,0,0,0,0,0,0,0,7
"716e85701314b30788098f26c78cf43f",0,0,0,0,0,0,0,0,0,0,0,0,0,0,0,0,0,0,0,0,0,0,0,0,0,0,0,0,0,0,0,1,0,0,0,0,0,0,0,0,0,0
"83927724ace789c8afa8e2817ae044de",0,0,0,0,0,0,0,0,0,0,0,1,0,0,0,0,0,0,0,0,0,0,0,0,0,0,0,0,0,0,0,0,0,0,0,0,0,0,0,0,0,0
"b13d7a25ee27a0595bc2726d4d439761",0,0,0,0,0,0,0,0,0,3,0,0,0,1,0,0,0,0,0,0,0,0,0,0,0,0,0,0,0,0,0,0,0,0,0,0,0,0,0,0,0,0
"6f0aedc03af185bfbb5e73a8092cb2cc",0,0,0,0,7,0,0,0,0,3,0,28,0,0,30,0,30,0,0,4,0,0,0,0,0,0,0,0,0,1,0,0,69,0,25,0,0,0,0,0,3,0
"2a5a95d350bd735fb89ac9f193626857",0,0,0,0,0,0,0,0,0,0,0,2,0,0,0,0,0,0,0,0,0,0,0,0,0,0,0,0,0,0,0,0,0,0,0,0,0,0,0,0,0,0
"7b95950b11a42115e0001137b3928146",0,0,0,0,0,0,0,0,0,0,0,0,3,0,0,0,0,0,0,0,0,0,0,3,0,0,0,0,0,0,0,0,0,0,0,0,0,0,0,0,0,0
"4c9be71e5649d20d953d774211d5032c",0,0,0,0,0,0,0,0,0,0,0,0,0,0,0,0,0,0,0,0,0,17,0,0,0,0,0,0,0,0,0,0,0,0,0,0,0,0,0,0,0,0
"240cab4982f287b928b74e6773ff3250",0,0,5,0,3,3,27,0,0,14,26,13,5,25,10,34,9,9,0,5,0,0,0,5,40,0,0,41,20,29,3,28,32,0,0,0,0,0,0,0,0,23
"c4796084ea44f29bb61bf0665e0e8ec3",0,0,0,0,0,0,0,0,0,0,0,0,5,0,0,0,0,1,0,0,0,0,0,0,8,0,0,0,0,0,1,0,0,0,0,0,0,0,0,0,0,0
"f833846808381c8639357e2933e3b905",0,0,0,0,0,0,1,0,0,8,2,2,21,8,0,0,0,1,0,0,0,0,0,0,0,0,0,0,0,4,6,4,0,0,0,0,0,0,0,0,0,17
"0a91756c95b26ae784677bd06b66e118",0,0,0,0,0,0,0,0,0,2,0,0,0,0,0,0,0,0,0,0,0,0,0,0,0,0,0,2,0,0,0,0,0,0,0,0,0,0,0,0,0,0
"d874ab99a77f97982c21fcb334ec7a01",0,0,0,0,0,0,0,0,0,0,0,0,0,0,1,0,0,0,0,0,0,0,0,3,0,0,0,0,0,3,0,0,0,0,0,0,0,0,0,0,4,0
"e73fae6c932498c607070f141659b6c6",0,0,0,0,0,0,0,0,0,0,0,1,0,1,0,0,0,0,0,0,0,0,0,0,0,0,0,0,0,0,0,0,0,0,0,0,0,0,0,0,0,0
"b734f30229e200e0c00fdbdedd42ddb6",0,0,0,0,0,0,0,0,0,4,0,0,0,0,0,0,0,0,0,0,0,0,0,0,0,0,0,0,0,0,0,0,0,0,0,0,0,0,0,0,0,0
"e96067d05057e12de3b4c77fea4f5625",0,0,0,0,0,0,0,0,0,0,0,4,2,0,0,0,0,0,0,0,0,0,0,0,0,0,3,0,0,0,0,0,0,0,0,0,0,0,0,0,0,0
"d25be03295876983a1dcf226cb1cd32d",14,35,6,0,16,0,47,0,16,67,133,2,103,40,58,26,70,138,83,8,50,0,0,111,50,76,88,99,80,112,16,21,5,0,0,0,0,0,0,0,0,19
"c14b378d277d82830121c6528e060c2e",0,0,0,0,0,0,1,0,0,0,0,0,4,0,0,0,0,0,0,3,0,0,0,0,3,0,0,15,0,0,0,4,0,0,0,0,0,0,0,0,0,0
"e9bb1cefa7e7597367ac7159f1b0eeeb",5,0,0,0,0,0,0,0,0,25,20,0,17,0,6,0,0,0,0,0,8,0,0,5,1,9,6,96,0,36,0,0,0,0,0,0,0,0,0,0,0,3
"424a1953a8009d08b7bf8380b57c5ef4",0,0,0,0,0,0,0,0,0,1,0,0,1,0,0,0,0,0,0,2,0,0,0,0,0,0,0,8,0,17,0,0,0,0,0,0,0,0,0,0,0,0
"e5aecec744765ee4838f858e6a6457bc",0,0,0,0,0,0,7,0,0,0,0,3,0,0,0,0,0,0,0,0,0,0,0,0,0,0,0,0,0,0,0,0,0,0,0,0,0,0,0,0,0,6
"e817c508e713416dce3a3215afb46f26",0,0,0,0,0,0,0,0,0,0,0,0,1,0,0,0,0,0,0,0,0,0,0,0,0,0,0,0,0,0,20,5,0,0,0,0,0,0,0,0,0,0
"5ef2a124be3a2256703409927747b190",0,0,0,0,0,0,0,0,0,0,0,16,7,13,8,0,0,0,0,0,0,0,0,0,0,0,0,0,0,0,0,0,0,0,0,0,0,0,0,0,0,11
"d288dd46bc581b6a6841234dd8464135",0,0,17,0,19,0,0,0,0,11,31,0,3,1,17,0,0,0,0,0,0,0,0,0,13,0,0,0,0,8,0,0,0,0,0,0,0,0,0,0,0,9
"dbfe1e6df6da71540ccb064758695623",0,0,0,0,0,0,0,0,0,0,0,0,5,0,0,0,0,0,0,0,0,0,0,0,0,0,22,0,0,33,0,0,0,0,0,0,0,0,0,0,0,0
"158e55868028558be90fd59064be02aa",10,0,0,0,0,0,0,0,0,0,0,0,0,0,0,0,0,0,0,0,0,0,0,0,0,0,0,0,0,0,0,0,0,0,0,0,0,0,23,0,0,0
"f65d235a28662c7d69cd585b60a0b38d",0,0,13,0,0,0,1,0,0,0,0,0,70,0,21,3,0,25,20,0,0,0,0,0,0,0,0,0,0,16,0,23,0,0,0,0,14,37,0,0,0,0
"593709e912d5a9d568b2aa7e034a70b9",0,0,0,0,0,0,0,0,0,0,0,0,0,0,0,0,0,0,0,0,0,0,0,0,0,0,0,45,0,0,0,0,0,0,0,0,0,0,0,0,0,0
"2fe4073ace2891923d844a61f035d80f",0,0,0,0,0,0,0,0,0,0,0,0,37,0,0,0,0,0,0,0,0,0,0,0,0,0,0,0,0,0,0,0,0,0,0,0,0,0,0,0,0,0
"ebd31f4317a71c49973c600def315f36",0,0,0,0,0,0,0,0,0,0,0,8,0,0,0,0,0,0,0,0,0,0,0,0,0,0,0,0,0,0,0,0,0,0,0,0,0,0,0,0,0,0
"20bf34873691cf4dcf4f52ef074687f7",0,0,0,0,0,0,0,0,0,0,0,0,0,0,0,0,0,0,0,0,0,0,0,0,0,0,0,7,0,0,7,14,0,0,0,0,0,0,0,0,0,0
"2b6823afc318af70d1c0d819bdd38152",8,0,0,0,0,0,0,0,0,0,0,0,0,0,0,0,0,0,0,0,0,0,0,0,0,0,0,0,0,0,0,0,0,0,0,0,0,0,0,0,0,0
"21c08e8b18838de709ed71b6801f8590",0,0,0,0,0,0,0,0,8,0,0,0,0,0,0,0,0,10,49,0,0,0,0,0,0,0,0,0,0,0,0,0,0,0,0,0,0,0,0,0,0,0
"fe0afc95134e5a30bc525b703d372a58",0,0,0,0,0,0,0,0,0,0,0,0,0,7,0,0,0,0,0,0,0,0,0,0,0,0,0,0,0,13,0,19,0,0,0,0,0,0,0,0,0,0
"648181aa6232a0c00d87cc6527ab29c3",0,28,0,0,0,0,0,0,0,0,0,0,0,0,0,0,0,0,0,0,0,0,0,0,0,0,0,0,0,8,0,0,0,0,0,0,0,0,0,0,0,0
"0ed93d6e4f672e3efd7a335788bfd342",0,0,0,0,0,0,0,0,0,0,0,0,0,0,0,0,0,0,0,0,0,0,0,0,0,0,0,0,0,0,0,3,0,0,0,0,0,0,0,0,0,0
"726b5a90d6651697ad92c7dabfe6e15e",0,0,0,0,0,0,9,0,0,0,0,12,0,4,0,0,0,0,0,0,0,0,0,0,0,0,0,0,0,0,0,5,0,0,0,0,0,0,0,0,0,3
"bbf76312c0ff4225e0b761136a1da6e9",0,0,0,0,0,0,0,0,0,0,0,0,0,0,0,0,0,0,0,0,0,0,0,0,0,0,0,0,0,0,0,10,0,0,0,0,0,0,0,0,0,0
"e90881702433c6b2f59e9df62feed1f9",0,0,0,0,0,0,1,0,0,0,0,0,0,0,6,0,0,0,4,0,0,0,0,1,0,0,40,0,0,26,0,0,0,0,0,0,0,0,0,0,0,0
"657401e49e707f4556088e4396914442",51,4,110,0,0,69,75,74,26,12,28,43,61,48,66,223,43,12,0,12,151,98,125,38,201,57,20,11,29,0,51,22,99,0,0,0,0,0,0,0,9,80
"00d2be4f316dff9b4908036f5c7cd581",26,0,0,0,0,0,0,0,0,0,0,0,0,0,0,0,0,0,0,0,0,0,0,0,0,0,0,0,0,0,0,0,0,0,0,0,40,0,0,0,0,0
"3e77224103499b4e0b5ecfc8c00a1efc",0,0,0,0,0,0,0,0,0,0,0,0,0,0,0,0,0,0,0,0,0,0,0,0,0,0,0,0,0,0,0,0,0,40,0,0,0,0,0,0,0,0
"efb56c073c42400d7c0983b37f3e6f22",0,0,0,0,0,0,0,4,0,0,0,0,0,0,0,0,0,0,0,0,0,0,0,0,0,0,0,0,0,0,0,0,0,0,0,0,0,0,0,0,0,0
"3c5e5a45321e92cb77cceda9aa89b526",0,0,0,0,0,0,0,0,0,0,0,0,4,0,0,0,0,0,0,0,0,0,0,0,0,0,0,0,0,0,0,0,0,0,0,0,0,0,0,0,0,0
"ef089b94b8a0d0d9e7e69beee3b368be",9,0,72,0,44,0,146,180,10,30,0,55,2,34,74,69,70,0,0,52,247,112,286,33,84,17,0,0,0,12,61,6,204,0,0,0,0,0,0,0,172,86
"482d8cca2e2a07950d7d6bc6521fbb87",0,0,0,0,0,0,20,107,0,1,0,2,3,0,5,0,0,9,0,37,130,0,0,0,0,0,0,0,0,2,0,0,0,0,0,0,0,0,0,0,58,0
"6f7563a4ddd9579c46ec6995704129e5",0,5,0,0,0,0,0,0,6,0,0,0,0,0,0,0,0,0,0,0,0,0,0,0,0,0,0,0,0,0,0,0,0,0,0,0,0,0,0,0,0,0
"63c55e9facf6ea6e246043c9206f397d",8,15,0,0,0,0,0,0,0,0,0,0,0,0,0,0,0,0,0,0,0,0,0,0,0,0,0,0,0,0,0,0,0,0,0,0,57,0,0,0,0,0
"202a1fb984efc04249ddd274b9d4bebf",0,0,0,0,0,0,0,0,0,0,0,0,0,0,0,0,0,0,0,0,0,0,0,0,0,0,0,0,0,0,0,0,0,42,0,0,0,0,0,0,0,0
"7c5701f7ee3da07094de53bb7180e08b",0,0,0,0,0,0,1,0,0,0,0,0,3,0,0,0,0,0,0,0,0,0,0,0,0,0,0,0,0,0,0,0,0,0,0,0,0,0,0,0,0,0
"d477180c118306ff98c24f5fd8f5cd60",0,0,0,0,0,0,0,0,0,1,0,0,3,0,0,0,0,0,0,0,0,0,0,0,0,0,0,0,0,0,0,0,0,0,0,0,0,0,0,0,0,0
"b9ef7b999cff6ba0950bb4f4ed3a6e22",0,6,0,0,0,0,0,0,0,0,0,0,0,1,0,0,0,0,0,0,0,0,0,0,0,0,0,0,0,0,0,0,0,0,0,0,0,0,0,0,0,1
"ed02143d0b91daeaaf55e3adaf630937",0,0,0,0,0,0,0,0,0,6,0,0,1,0,0,0,0,0,0,0,0,0,0,0,0,0,0,0,0,0,0,0,0,0,0,0,0,0,0,0,0,0
"9ec361cebe22a076f3c502ed2af2c211",0,0,0,0,0,0,0,0,0,0,14,0,0,0,0,0,0,0,0,0,0,0,0,0,0,0,0,0,0,0,0,0,0,0,0,0,0,0,0,0,0,0
"f7dbbeb2b04133835b6370bacdfb3945",0,0,0,0,0,0,0,0,0,0,14,0,0,0,0,0,0,0,0,0,0,0,0,0,0,0,0,0,0,0,0,0,0,0,0,0,0,0,0,0,0,0
"d7047f8b87e8672a3666249f1307a002",0,0,0,0,0,0,37,0,0,0,34,14,14,0,0,0,0,21,8,0,0,0,0,0,0,0,0,0,0,0,0,7,0,0,0,0,0,0,0,0,0,0
"fc12c73fae21ba32eca851d404c7e00f",0,0,0,0,0,0,8,0,0,0,0,11,0,0,0,0,0,0,8,0,0,0,0,0,0,0,0,0,0,10,4,0,0,0,0,0,0,0,0,0,0,2
"36b8fc913711d84243f8d0f9ca2373e3",0,0,6,0,0,0,18,0,0,0,0,11,0,9,0,0,0,0,0,0,0,0,76,1,0,0,0,0,0,0,0,0,0,0,0,0,0,0,0,0,0,33
"b0f2527979dc0a73e6901f7b7e3100ab",0,0,0,0,0,0,14,0,16,2,0,3,0,1,0,0,0,1,0,1,0,0,0,0,0,0,6,42,0,0,0,0,0,0,0,0,0,0,0,0,0,0
"6eba366a2670246975e1beb6af7445f8",0,0,0,0,47,0,0,0,0,3,0,0,2,0,0,0,26,5,0,0,0,0,0,0,0,0,0,21,0,0,0,1,0,0,0,0,0,0,0,0,0,0
"c6b67806595bd56f7e9906d5638f2a32",0,0,0,0,0,0,0,0,0,0,0,0,0,4,0,0,0,0,0,0,0,0,0,0,0,0,0,0,0,0,0,0,0,0,0,0,0,0,0,0,0,0
"e6d451c033fd28d6878b1a7a8fd09c39",0,0,0,0,0,0,0,0,0,0,0,2,0,10,0,0,0,0,0,0,0,0,0,0,0,0,0,0,0,0,0,1,0,0,0,0,0,0,0,0,0,0
"8174de50eb00432dfce95067272718e3",0,0,0,0,0,0,0,0,0,0,0,0,0,0,0,0,0,0,0,0,0,0,0,0,0,0,0,0,0,0,0,0,0,0,0,0,0,0,0,0,0,1
"76e3004a1ed2b375ccee1b1237742330",0,0,0,0,0,0,0,0,0,0,0,0,0,0,0,2,0,0,0,0,0,0,0,0,0,0,0,0,0,0,0,0,0,0,0,0,0,0,0,0,0,0
"9823441552c36fb502d410b5dd9b589d",0,0,0,0,0,0,0,0,0,5,0,0,0,0,0,0,0,0,0,1,0,0,0,28,0,15,0,0,0,0,0,0,0,0,0,0,0,0,0,0,0,0
"c57616a6b0f7b3172c16792a5327de38",0,0,0,0,0,0,2,0,0,0,0,0,0,0,0,0,0,0,0,0,0,0,0,11,3,8,0,0,0,0,0,0,0,0,0,0,0,0,0,0,0,20
"44dad2b4741fc0067933be9b284dcf8c",0,0,0,0,0,0,0,0,41,12,81,5,2,10,0,1,28,45,0,0,0,0,0,0,0,0,24,0,0,0,0,0,0,0,0,0,185,0,24,130,23,0
"605f88a0c92fdd5d8d9987548a13213d",0,0,19,0,0,0,0,0,0,0,0,0,0,0,0,0,0,0,0,0,0,0,0,0,0,0,0,0,0,0,0,0,0,0,0,0,0,0,0,0,0,0
"32594b006bf2b82edcf4abdea9e8300e",0,0,0,0,0,0,0,0,0,0,0,0,0,0,1,0,0,0,0,0,0,0,0,0,0,0,0,0,0,0,0,0,0,0,0,0,0,0,0,0,0,0
"e0920866ed99b73cca5ed91561058b46",0,0,0,0,0,0,19,0,2,43,18,26,2,15,0,0,14,20,0,2,0,0,0,0,0,4,0,7,0,1,0,0,0,0,0,0,0,0,0,0,40,12
"7241f5f79ca8bd49802e26214fed8712",0,0,0,0,0,0,0,0,0,0,0,0,0,0,7,0,0,0,0,10,0,0,0,3,3,11,0,0,0,3,0,0,0,0,0,0,0,0,0,0,0,0
"dc486bd191b5d91af4b73ac36d27976a",0,0,0,0,0,0,0,0,0,0,0,0,0,2,0,0,0,0,0,0,0,0,0,0,0,0,0,0,0,0,0,0,0,0,0,0,0,0,0,0,0,0
"8d801f5912dcd797f5e4b6455b7315e4",0,0,0,0,0,0,15,0,0,0,0,0,0,0,0,0,0,0,0,0,0,0,0,0,0,0,0,0,0,0,0,0,0,0,0,0,0,0,0,0,0,16
"e9ac36edb65584f41f383a3187cd6b2f",0,0,0,0,0,0,0,0,0,0,0,13,0,0,0,0,0,0,0,0,0,0,0,0,0,0,0,0,0,0,0,0,0,0,0,0,0,0,0,0,0,0
"b7f5bdf60b656850f9a4533fa4850b1e",0,0,0,0,0,0,0,0,0,0,0,0,0,5,0,0,0,0,0,0,0,0,0,0,0,0,0,0,0,0,0,0,0,0,0,0,0,0,0,0,0,0
"446ff7bd6bf3f106df21f4ff166a858b",0,0,0,0,0,0,0,0,0,0,0,5,0,0,0,0,0,0,0,0,0,0,0,0,0,0,0,0,0,0,0,0,0,0,0,0,0,0,0,0,0,0
"1be3d6da13996e11234005fb9982b560",0,0,0,0,0,0,2,0,0,0,0,0,0,0,0,0,0,0,0,1,0,0,0,0,5,1,0,0,0,4,0,5,48,0,0,0,0,0,0,0,0,0
"d3b671d2f3b924a486dd7bd2b6624c93",0,0,0,0,0,0,0,0,0,0,0,0,0,0,0,0,0,0,0,7,0,0,0,0,0,0,0,0,0,0,0,0,0,0,0,0,0,0,0,0,0,0
"3a32f544af243be1aebef6212c54b95f",0,62,0,0,0,0,0,0,0,0,0,0,0,0,0,0,0,0,0,0,0,0,0,0,0,0,0,0,0,0,0,0,0,0,0,0,0,0,0,0,0,0
"1fbb301df2ae817c0110cf896a2e6aae",0,10,0,0,0,40,0,0,0,0,0,0,33,0,0,0,3,0,0,0,0,0,0,0,0,0,0,0,0,0,0,0,0,0,0,0,0,0,0,0,0,0
"09fd6734699a11e4f7bb66450da8c055",0,0,28,0,0,0,0,0,27,0,8,0,0,0,0,119,0,20,53,0,0,0,0,0,0,0,128,159,69,0,0,0,0,0,83,578,0,0,0,0,0,0
"565722e58b1d65043528719a3c6fc775",0,0,0,0,0,0,0,0,0,0,0,0,0,0,0,136,0,0,0,0,0,0,0,0,0,0,0,0,0,0,0,0,0,0,0,0,0,0,0,0,0,0
"ed485ddf7f222e85d31301215fdfe39c",0,0,0,0,0,15,0,0,0,0,0,0,3,0,0,0,0,0,0,0,0,0,0,0,0,0,0,0,0,0,0,6,0,0,0,0,0,0,0,0,0,0
"99762386322bff73dcb09325952783c6",0,0,0,0,0,0,0,0,0,0,0,0,0,0,0,15,0,0,0,0,0,0,0,0,0,0,0,0,0,0,0,0,0,0,0,0,0,0,0,0,0,0
"6ff9e9a69ce4e47b30bc00572ca9a8f9",0,0,0,0,0,0,0,0,0,2,0,12,0,20,17,0,0,0,0,0,0,17,0,0,0,5,6,0,0,0,0,0,0,0,0,0,0,0,0,0,0,23
"0a42c17e3be4246c59370bd39a04234d",0,0,0,0,0,0,0,37,0,0,0,0,2,0,12,0,0,0,0,0,0,0,0,0,0,0,0,0,0,0,13,6,0,0,0,0,0,0,0,0,0,0
"0c32c9bfe5bcbd2cb96a1e80a3f5bc10",0,0,0,0,0,0,0,0,0,0,0,0,0,0,0,0,0,0,0,0,0,0,0,0,0,0,0,0,0,0,0,7,0,0,0,0,0,0,0,0,0,0
"ef5a68500ef58692512dd832ec596d16",0,0,9,0,0,34,0,0,0,7,13,1,0,4,5,13,3,0,0,0,0,0,0,0,9,0,0,0,0,0,0,3,58,0,0,0,0,0,0,0,0,0
"c6f1126399ad8af87ba7073ff7e81516",0,0,0,0,0,0,0,0,0,0,22,0,0,20,49,19,0,0,0,0,0,0,0,4,24,7,0,0,0,0,0,0,0,0,0,0,0,0,0,0,0,6
"4a04dbc7a976350cfb326811c2f08eb7",0,0,30,0,0,0,0,0,0,0,0,0,1,0,6,0,0,0,0,6,0,0,0,0,14,0,0,0,0,7,0,0,0,0,0,0,0,0,0,0,0,0
"ea6fe6cc33cb8c95dc00a9b28d71d8b1",0,0,0,0,0,0,0,0,0,0,0,0,0,12,0,0,0,0,0,0,41,0,0,0,0,0,0,0,0,0,0,0,0,0,0,0,0,0,0,0,0,11
"690349d8af125ae4f5c4830c23697706",0,0,0,0,0,0,0,0,0,0,0,0,0,0,4,0,0,0,85,0,0,0,0,0,0,19,0,0,0,0,0,0,0,0,0,0,0,0,0,0,0,0
"731fae86270e8581d1d2edc9964dd28d",0,0,0,0,10,19,0,0,0,0,0,5,77,0,19,0,0,0,0,0,0,0,0,0,0,0,0,0,0,0,0,0,0,0,0,0,0,35,0,0,0,0
"d9bc63ad8e33f978b6127945ba291614",0,0,0,0,0,0,1,0,0,0,0,0,0,0,0,0,0,0,0,0,0,0,0,0,0,0,0,0,0,0,0,0,0,0,0,0,0,0,0,0,0,0
"e6cb90a5f1f7cf7fb3e02c7ed53be767",0,0,0,0,0,0,0,0,0,0,0,0,0,0,0,0,0,0,0,0,0,0,0,0,0,0,0,0,0,5,0,0,0,0,0,0,0,0,0,0,23,0
"e32db8ad745b6b8286398a69fecca78e",0,0,0,0,0,0,7,0,0,3,0,31,0,39,23,0,12,0,0,0,0,0,0,29,29,0,0,0,0,7,0,1,0,0,0,0,0,0,0,0,35,8
"7967a944dcfe78c3962781fa79b880f5",19,26,0,0,0,0,0,0,58,0,0,0,0,0,0,0,0,0,0,0,0,0,0,0,0,0,0,0,25,0,0,0,0,0,0,0,0,0,0,0,0,0
"33df737138ab2fd21e3c927c4cc40552",0,0,20,0,0,0,0,0,0,0,1,26,0,43,81,103,23,0,0,0,0,0,12,30,0,37,0,77,0,0,32,21,93,0,0,0,0,0,0,0,26,20
"349b181956770f8020aaf57b4cee4f5f",210,60,19,0,0,0,0,0,127,14,15,0,2,3,0,0,0,22,0,13,0,0,0,6,0,0,0,0,78,0,0,0,0,97,0,0,115,0,0,63,0,0
"3ddb70c2f62b03f81b0ad45789361836",17,16,0,0,0,0,0,0,0,0,0,0,0,0,1,0,0,0,0,0,0,0,0,0,0,0,0,0,0,0,0,0,0,0,0,0,0,0,0,0,0,0
"8a263edd72dde0f82b657457688d1be2",0,0,0,0,0,0,0,0,0,0,0,0,0,3,0,0,0,0,0,0,0,0,0,0,0,0,0,0,0,0,0,0,0,0,0,0,0,0,0,29,0,0
"b6f7f277ffa4b611347c6a4b6ce0f53b",48,38,77,286,0,56,0,0,0,0,0,0,17,0,0,0,0,0,0,1,0,2,0,0,0,0,0,0,41,0,0,0,0,442,344,342,0,192,126,165,0,0
"36bb4290a765a6110cf9eaf9bf81d3ab",38,0,0,0,0,0,0,0,30,0,0,0,0,0,0,0,0,0,0,0,0,0,0,0,0,0,0,0,0,0,0,0,0,0,43,0,36,0,0,0,0,0
"cff273964f3b40d04642adde12673d58",0,0,39,0,0,0,0,0,0,0,0,0,0,0,0,0,0,44,446,0,0,0,0,0,0,0,0,0,0,0,0,0,0,0,0,0,0,0,0,0,0,0
"f97d02de42941c037eb8a78f8695c9db",0,0,101,0,0,0,5,0,25,38,25,0,2,13,0,0,0,26,0,4,0,0,0,4,20,0,61,0,0,26,8,0,0,0,0,0,0,0,0,0,24,6
"c2504f6f91b27991fab118af701db4d1",0,0,59,0,0,25,0,0,0,0,0,0,0,0,15,0,0,0,0,0,0,0,0,11,0,0,27,18,37,9,0,18,37,0,0,0,0,87,58,0,0,0
"05503d1a3df07c71b6fba029c33c5d68",0,0,0,0,0,0,0,0,30,7,0,0,0,1,18,0,2,0,0,0,0,0,0,13,0,0,0,0,0,0,0,1,0,0,0,0,0,0,0,0,0,3
"1b99bbf4f1ef83088ed47d77f54cd01d",0,0,0,0,0,0,51,96,0,0,8,2,1,0,2,0,2,0,0,5,0,0,80,11,10,15,10,0,0,15,37,1,0,0,0,0,0,0,0,0,0,0
"a5292debf7531b3ae07bb38dd6d267e8",0,0,0,0,0,0,20,0,0,14,23,0,0,2,8,0,0,0,0,47,0,0,0,20,0,25,0,0,0,1,0,0,0,0,0,0,0,0,0,0,0,0
"c95fb44938bd39229f2ebdb75b24f7e2",0,0,0,0,0,0,7,0,0,26,0,68,0,53,30,51,5,0,0,11,0,0,0,0,98,48,37,0,0,29,0,0,0,0,0,0,0,0,0,0,95,62
"cf920f5828a99bf910892ee6846e4bc2",0,0,0,0,0,0,0,0,0,0,0,0,8,0,0,0,0,0,0,0,0,0,0,0,0,0,0,0,0,0,0,0,0,0,0,0,0,0,0,0,0,0
"1b272d2e70645350051e6ebe0528a6a2",0,0,0,0,8,0,15,0,0,53,45,0,0,28,56,0,18,0,0,10,0,0,0,12,34,17,19,0,56,21,0,15,0,0,0,0,21,38,0,0,63,16
"27f35817cfbd9408622cf1a07f792246",82,299,85,102,673,324,2,0,77,23,52,17,35,15,14,0,248,106,54,50,0,31,0,74,10,9,37,19,44,31,0,94,0,0,0,0,0,0,0,196,25,49
